X_m,Y_m,T_CFD_K,T_PINN_K,errT_K,u_CFD,u_PINN,v_CFD,v_PINN
0.0,0.0,700.0001533,711.2611284197974,11.260975119797422,116.0,115.76188852301593,0.0,-0.051054318984438574
5.198133961e-05,0.0,700.0008387,710.7866793872732,10.785840687273208,115.9931193,115.88464537148631,0.002437921891,-0.014687207032055838
0.0001093678996,0.0,700.0024716,710.3599341807187,10.357462580718675,115.9793859,115.9977393872791,0.005420300326,0.023705530402019725
0.0001775135702,0.0,700.0055335,709.9594749993296,9.95394149932963,115.9535792,116.10455811518355,0.0129279205,0.0661980632010053
0.0002606546131,0.0,700.010993,709.5865308311186,9.575537831118595,115.9070457,116.19838199914224,0.02553727143,0.11265064233021604
0.0003620878825,0.0,700.0185918,709.2392641600278,9.220672360027834,115.8423876,116.26352976112453,0.03541253116,0.16016531412302992
0.0004858379319,0.0,700.0303933,708.8839315093583,8.853538209358248,115.7412113,116.2753722845067,0.04327030777,0.20261518669037493
0.0006438915751,0.0,700.0400772,708.4239081710806,8.383830971080556,115.6578647,116.19019774646488,0.02227273133,0.22768469247034773
0.0008383276508,0.0,700.0450741,707.767461525371,7.722387425371039,115.6188252,115.94245576698854,-0.02739132425,0.20429805927647315
0.001077472508,0.0,700.0323357,706.8726627967275,6.840327096727492,115.747295,115.43733674211883,-0.1983907891,0.07775751493313976
0.001369232678,0.0,699.9887701,705.8343707686565,5.845600668656516,116.170939,114.55135494592044,-0.2774528665,-0.2331164192867865
0.001724945133,0.0,699.9859368,704.5871269145773,4.601190114577321,116.2774895,113.20515991838067,-0.07488250722,-0.7833613263695707
0.002158136319,0.0,700.0548154,703.2189649583529,3.1641495583528467,115.7978686,111.67594028855804,0.01697932201,-1.3518898203165302
0.002642471948,0.0,700.1390444,704.0769895019943,3.9379451019942735,115.2117127,110.90197654618042,0.02296488426,-1.1488256466647702
0.003139654337,0.0,700.2240812,707.7572000720609,7.533118872060868,114.6429585,111.55136471727046,0.03931318954,-0.08902339618704858
0.003639654337,0.0,700.3205884,712.7941776124087,12.473589212408683,114.004289,112.59463827039546,0.05872488623,0.6717365146598979
0.004139654337,0.0,700.4227746,716.08902288299,15.666248282989955,113.3583586,113.03365158004331,0.07704267529,0.574259356403581
0.004639654337,0.0,700.5270051,717.3227836646965,16.795778564696548,112.7451675,112.22690223512524,0.09684564899,0.017918449323601315
0.005139654337,0.0,700.6389829,718.9287249715771,18.289742071577166,112.1041703,110.70756757206475,0.109023693,-0.2446552764243357
0.005639654337,0.0,700.7666676,718.5298169401069,17.763149340106906,111.3482849,109.9919487353303,0.1196733645,-0.01305140780500924
0.006139654337,0.0,700.9108041,718.9862964974159,18.07549239741593,110.4600618,109.4523850439762,0.1405247951,0.2889889163803705
0.006639654337,0.0,701.0693062,723.9385812521878,22.86927505218773,109.4464695,108.39554742831379,0.1682780832,0.32864969242390174
0.007139654337,0.0,701.2412293,727.779860843456,26.538631543456063,108.2978953,107.38477486843342,0.1998114168,0.07389749949089985
0.007639654337,0.0,701.4256554,726.653010086934,25.227354686934063,106.9968637,106.2689675950151,0.2304030789,-0.26701512197389476
0.008139654337,0.0,701.6199982,723.5176707557131,21.89767255571303,105.5339473,104.66978961194181,0.258170849,-0.5883290446060077
0.008639654337,0.0,701.8202884,722.9633255704393,21.143037170439356,103.906272,103.07633158154549,0.2840823586,-0.43564807556427443
0.009139654337,0.0,702.0217574,723.33699758592,21.31524018592006,102.1152958,102.07472205265252,0.308314101,0.19531293186747867
0.009639654337,0.0,702.2196458,721.5151362103184,19.295490410318394,100.1667193,100.73253238032466,0.3301453554,0.6240953332146324
0.01013965434,0.0,702.4093637,715.8261745632586,13.416810863258661,98.07404138,98.3745860145945,0.3460332498,0.6745697424578223
0.01063965434,0.0,702.5859589,710.3745627176469,7.788603817646845,95.86087592,95.8474637184147,0.3608753981,0.6066325880489201
0.01113965434,0.0,702.7450491,708.6808024615075,5.935753361507523,93.55280009,93.97803879642484,0.3809039778,0.5447561286179248
0.01163965434,0.0,702.8835028,708.3135617522294,5.430058952229388,91.17494837,92.44826383139085,0.4019039069,0.3875061016632362
0.01213965434,0.0,702.9992803,707.2036543255915,4.204374025591505,88.75399592,90.02807133015776,0.4199171955,0.3493031287078372
0.01263965434,0.0,703.0915838,706.1749078354834,3.083324035483429,86.31562195,86.82922944570124,0.4314627043,0.26422538743423374
0.01313965434,0.0,703.1608841,703.5912409389066,0.4303568389066186,83.8818165,83.77532310971867,0.4407557955,0.220963499423247
0.01363965434,0.0,703.2090247,698.3180113339766,4.891013366023344,81.46552154,81.01470318223382,0.450282546,0.4838579124297233
0.01413965434,0.0,703.2390093,693.1385069799202,10.10050232007984,79.06900505,78.18204933614587,0.4606891404,0.6569819586821293
0.01463965434,0.0,703.2546018,691.8999495653873,11.354652234612786,76.6869364,75.43208490302892,0.4770589997,0.5194630243824561
0.01513965434,0.0,703.2608152,693.3126175923637,9.948197607636303,74.29676699,73.38488329650352,0.5033886511,0.42891006303415136
0.01563965434,0.0,703.2645814,692.43590765816,10.82867374184002,71.84302224,70.75533636227912,0.5478803633,0.4923826035454928
0.01613965434,0.0,703.2754187,693.6828412822554,9.592577417744678,69.24487037,67.33510315412514,0.6215351004,0.667647016592281
0.01663965434,0.0,703.3048959,696.6110782354485,6.693817664551489,66.36414746,64.02150818993191,0.7393052645,1.2095246341036248
0.01713965434,0.0,703.3682838,696.8710032341786,6.49728056582137,62.97621901,61.13218932721516,0.8960777886,2.076752714785764
0.01763965434,0.0,703.4794935,687.5927403342267,15.886753165773257,58.81890649,57.890527627117976,1.070015242,2.9892594827057613
0.01813389556,0.0,703.6487739,662.8775527598756,40.77122114012445,53.57393107,53.78096723364221,1.155791307,3.8794019919487868
0.01860512382,0.0,703.8750351,623.3012273610482,80.57380773895181,46.91256632,46.247806912293605,1.116137741,5.285350833000865
0.01901792685,0.0,704.1575808,586.7649410288046,117.39263977119538,38.20528599,37.173397012106356,1.134410995,6.98560819901408
0.01927964892,0.0,704.5369681,591.4754731027432,113.06149499725677,29.44194595,35.192988348126875,1.415590066,7.611963372471119
0.01940804077,0.0,704.9810254,607.4148271678202,97.56619823217977,24.77244726,35.11009068445161,1.713347135,7.918059360747297
0.01951503397,0.0,705.8881935,630.100370868962,75.78782263103801,21.02028632,35.31552306251272,1.973990316,8.208582893432183
0.01960419498,0.0,707.577869,657.6734209178748,49.904448082125214,17.39707702,35.48421307465244,2.147927689,8.355398816144568
0.01967849581,0.0,710.1833903,688.314645506517,21.868744793483074,14.17941501,35.30670711603243,2.267101608,8.213641808487772
0.01974041318,0.0,713.6196328,720.1360446131264,6.51641181312641,11.42088363,34.56478274450503,2.348337943,7.745030932255465
0.01979201098,0.0,717.6974043,751.3241450035864,33.62674070358639,9.03722184,33.18327533921312,2.40279771,7.040475141073782
0.01983500915,0.0,722.2127303,780.3236325179871,58.11090221798713,7.026955333,31.206209099036986,2.437271026,6.2534262302389285
0.01987084096,0.0,727.4187871,805.9871573570312,78.56837025703112,5.343006814,28.742853168501203,2.458049389,5.518995037526589
0.0199007008,0.0,734.3292356,827.6786645304825,93.34942893048253,3.910236782,25.926401227204583,2.465869284,4.909923142053878
0.019925584,0.0,744.9644842,845.2677977855349,100.30331358553485,2.722587153,22.895964745591968,2.450873974,4.437213941499134
0.01994632,0.0,765.2264121,859.035589691739,93.80917759173906,1.77654168,19.789725007629173,2.373488008,4.074671111550079
0.0199636,0.0,812.0686825,869.5196210833212,57.450938583321204,1.038965124,16.73674885812562,2.111322345,3.78445796882644
0.019978,0.0,897.4552432,877.3620441628918,20.093199037108207,0.4691401651,13.843681482732208,1.571303573,3.533265698671724
0.01999,0.0,1002.405444,883.1823166165537,119.22312738344624,0.1529075113,11.186534388503384,0.8171056251,3.2987579922158945
0.02,0.0,1053.070288,887.509010677081,165.56127732291884,0.0,8.807339509248699,0.0,3.0695489807383245
0.0,5e-05,700.0,711.452993732852,11.45299373285195,116.0,115.6777552384954,0.0,-0.10028716838263918
5.564040767e-05,5.052621931e-05,700.000863,710.9667559609436,10.96589296094362,115.992888,115.81079967175617,0.003924293804,-0.0663281529542461
0.0001214620515,5.843686047e-05,700.0026953,710.5447835233705,10.542088223370456,115.9774522,115.92704521487339,0.008589161422,-0.03564367806488633
0.0001886371491,6.983497743e-05,700.0055658,710.2434547537263,10.23788895372627,115.9534479,116.01111602418264,0.01674485687,-0.01153034989065116
5.407161809e-05,9.865097175e-05,700.0008393,711.1300204558768,11.129181155876722,115.9930902,115.72769375737664,0.007005970242,-0.11125378999921676
0.0,0.0001,700.0,711.5996012640398,11.599601264039848,116.0,115.59265011735499,0.0,-0.14202652743679778
0.0001149806489,0.0001086458182,700.0024438,710.7442136752607,10.741769875260616,115.979715,115.83350594021051,0.01396593331,-0.08752881703715776
0.0002847210763,0.0001125739392,700.0120228,710.0602281525281,10.048205352528157,115.8982771,116.0389036098209,0.03612499998,-0.011446500469840082
0.0004081712232,0.000122568519,700.0216181,709.8199192343118,9.798301134311828,115.8167034,116.07075902588235,0.05047082511,0.02531190877965983
0.0001754303086,0.0001258000919,700.0049108,710.4772011145931,10.472290314593124,115.9591141,115.90072232585509,0.02389879703,-0.07276690584703704
0.0005350981968,0.0001385858011,700.0339318,709.6426824581854,9.608750658185386,115.7104898,116.00425763432239,0.05690603232,0.04729810954174596
4.886311081e-05,0.0001442531433,700.0007213,711.2671898364039,11.266468536403863,115.9941392,115.63941628384137,0.009777313125,-0.1488918826459944
0.0,0.00015,700.0,711.6974668920046,11.697466892004627,116.0,115.50746863762302,0.0,-0.17650776294217163
0.0001016401363,0.0001640300169,700.0020492,710.929074949835,10.927025749835025,115.983115,115.71607336807901,0.01985584595,-0.13729124172469032
0.0002141220658,0.0001680060953,700.0072567,710.3994288440402,10.392172144040273,115.9391355,115.87587801683702,0.03930560515,-0.08971331510565062
0.0001441600265,0.0001688602512,700.0035912,710.6978104288385,10.694219228838506,115.9701077,115.78106841287816,0.02836304529,-0.12115096373983736
0.0007303231083,0.0001782317094,700.0441065,709.2693803323008,9.225273832300786,115.6281238,115.67862294976314,0.02911863734,0.056265584441096195
4.866240678e-05,0.0001950132926,700.0007455,711.3201795040204,11.319434004020422,115.993879,115.55379053594031,0.01352358719,-0.18030746564312583
0.0,0.0002,700.0,711.7416030731606,11.741603073160604,116.0,115.42335617817292,0.0,-0.20383678995662624
0.01927964892,0.0002,704.5295398,565.7564290285222,138.77311077147772,28.8205,38.92665969126069,3.113938411,7.862533391660871
0.01940804077,0.0002,704.9613129,580.7678852120695,124.19342768793058,24.62934381,39.21669044708183,3.637561502,7.737756627239507
0.01951503397,0.0002,705.8901966,604.6048117022979,101.2853848977021,20.8583252,40.03546974101592,4.019791727,7.6167148396504
0.01960419498,0.0002,707.5991883,635.6017746269729,71.99741367302715,17.24787324,40.97170937384208,4.31246345,7.5444469362087405
0.01967849581,0.0002,710.2171972,672.000247254877,38.21694994512302,14.0532227,41.562252837598734,4.532676661,7.4688147586373566
0.01974041318,0.0002,713.6592972,711.8716610279054,1.787636172094608,11.31507282,41.49555013702466,4.691260028,7.3047037896008815
0.01979201098,0.0002,717.7378637,753.3228851976409,35.58502149764081,8.949196762,40.711517473096144,4.800404146,7.019974693206765
0.01983500915,0.0002,722.2568413,794.6908484124948,72.43400711249478,6.953540743,39.31995850047867,4.87072896,6.652664214611257
0.01987084096,0.0002,727.4796819,834.6435663051224,107.16388440512242,5.281591832,37.4933152148337,4.91632525,6.266036006294905
0.0199007008,0.0002,734.4248802,872.2117968826916,137.78691668269164,3.860004228,35.40909704562631,4.943754361,5.9031636628324895
0.019925584,0.0002,745.1300963,906.7653317969687,161.63523549696868,2.685137848,33.226268697107336,4.942044385,5.57224530391136
0.01994632,0.0002,765.5730061,937.9691465293,172.39614042929998,1.737977384,31.07253991366344,4.860449073,5.256842029925177
0.0199636,0.0002,812.7589737,965.7147560407373,152.9557823407373,0.989546488,29.03963124714033,4.495886416,4.933274470228464
0.019978,0.0002,898.3177139,990.0757087012847,91.75799480128478,0.4484628538,27.18297209332154,3.53199213,4.5836782850611
0.01999,0.0002,1002.953875,1011.2395266042238,8.285651604223744,0.1619339278,25.52907276685919,1.929913084,4.201527930024542
0.02,0.0002,1100.0,1029.4717188879927,70.52828111200733,0.0,24.08257725845827,0.0,3.7910188182442726
0.000160326748,0.0002062563323,700.0045176,710.6409548183469,10.636437218346941,115.9621274,115.74025821653359,0.03854545392,-0.13817386720690994
0.000942004254,0.0002147465362,700.0591355,708.3979681716664,8.33883267166641,115.5075367,115.05590475219851,-0.04767452445,0.06137304389820564
0.0003130581539,0.0002237713296,700.0153549,710.1452788957777,10.12992399577763,115.8697101,115.84548729739554,0.07095938865,-0.08674475140045246
0.0001052983309,0.0002245549734,700.002314,710.9291584732922,10.926844473292249,115.9807172,115.62016003538757,0.02857624957,-0.1713105698943691
0.0002432379369,0.0002361209818,700.0098551,710.3131371808555,10.303282080855524,115.916803,115.77806960273684,0.06387815118,-0.12048311045829152
0.0004190697478,0.0002361700944,700.0253228,709.9497862782972,9.924463478297184,115.7848254,115.82826496415333,0.08876613707,-0.05427590199453913
5.481119821e-05,0.0002376340369,700.0009308,711.2653403884235,11.264409588423518,115.992317,115.49706998579038,0.01808629337,-0.19810266640714058
0.0,0.00025,700.0,711.7246120155867,11.724612015586672,116.0,115.3419370944979,0.0,-0.22407245017897814
0.0001765946656,0.0002573133035,700.0056251,710.5276970104169,10.522071910416912,115.9527972,115.67091073201543,0.05338005925,-0.1568840563874918
0.001188531892,0.0002573419038,700.0271516,706.7383809414342,6.711229341434205,115.8332472,113.91654432412852,-0.232795777,0.04730987788150909
0.0001125600705,0.0002748556449,700.0027571,710.8226779973159,10.819920897315797,115.9769774,115.54796645791122,0.03832982147,-0.18901897915263177
0.01887591746,0.0002836689104,704.0110154,571.718333401709,132.29268199829107,39.67039249,44.956617837438706,2.956989341,7.598503333867272
0.0005810956572,0.0002855798224,700.0440086,709.5853137750282,9.541305175028242,115.6291359,115.56916637960475,0.09347626744,-0.011352353751736821
5.48809349e-05,0.0002878301961,700.0009919,711.1883794885975,11.187387588597517,115.9918747,115.41662273873523,0.02286903337,-0.21509026485492466
0.0,0.0003,700.0,711.6363754490419,11.636375449041907,116.0,115.2653702522321,0.0,-0.2372073883968735
0.0002529929923,0.000310182579,700.0114678,710.1075262931344,10.096058493134365,115.9031563,115.63841668046092,0.09052459573,-0.14271497531292887
0.0001846927437,0.0003146456695,700.0065116,710.3399362786864,10.33342467868647,115.9453481,115.57626772861997,0.07004010889,-0.1710487243346437
0.001477288143,0.0003162722951,700.0355761,704.1816324619127,4.14605636191277,115.5319088,111.89230582859273,-0.02256943297,-0.021608461855127103
0.0003233263694,0.0003191628435,700.0180353,709.8901743937188,9.872139093718829,115.8473663,115.6408115635599,0.1115454427,-0.11575076683112417
0.0001186799748,0.000325293534,700.0032069,710.6373991054558,10.634192205455747,115.9732086,115.47463444325156,0.04882271421,-0.19893674748783763
5.79584652e-05,0.0003373950446,700.0011375,711.0065489223265,11.00541142232646,115.9907035,115.34857335027361,0.02875773866,-0.22312068570065158
0.0004201224311,0.0003457458615,700.0299128,709.5757921009102,9.545879300910201,115.7458501,115.54588395086863,0.1404038807,-0.07602526491889705
0.0007597666135,0.0003466407452,700.0595332,708.7820567554492,8.72252355544913,115.5149039,114.97725540289014,0.06826369253,0.0742961520003691
0.0,0.00035,700.0,711.463517688456,11.463517688456022,116.0,115.1967447034887,0.0,-0.24318129186902926
0.001773431098,0.0003536685984,700.1295965,701.6732559960184,1.5436594960183356,114.3303692,109.4357249876355,0.2225071434,-0.25308140769459087
0.01847996184,0.0003701617894,703.6994822,616.4731370092618,87.22634519073824,46.63588182,53.486670809228826,2.968014853,6.382933867244991
0.0001796356742,0.0003715536192,700.0067053,710.0849988235419,10.078293523541902,115.9438249,115.47066379649037,0.08408900046,-0.17801411043182558
0.0001147954066,0.0003766677018,700.0032509,710.4090459735379,10.405795073537888,115.9729533,115.38965427253372,0.0568002886,-0.20388386331567787
0.0002452586352,0.0003789203591,700.0118415,709.7726688213953,9.760827321395368,115.9004076,115.49633416663532,0.1132991527,-0.14981422627491447
5.580624798e-05,0.0003870749026,700.0011383,710.7689604824295,10.76782218242954,115.9907696,115.2780596618116,0.03314638943,-0.22520809496610017
0.0,0.0004,700.0,711.189155063557,11.189155063556996,116.0,115.14033652939516,0.0,-0.24193090576921783
0.01927964892,0.0004,704.447893,531.9845304903383,172.4633625096617,28.26328836,43.79845584161922,6.560880091,8.46033857285305
0.01940804077,0.0004,704.9189612,540.4947116781045,164.4242495218955,24.09075951,44.918625967291774,7.308376253,7.909228692797691
0.01951503397,0.0004,705.9048462,559.3793414816386,146.5255047183614,20.3582132,46.92287586606381,7.936342346,7.132994886204966
0.01960419498,0.0004,707.6680165,587.3045025621583,120.36351393784173,16.82431591,49.320789012786285,8.463787152,6.3769128904137835
0.01967849581,0.0004,710.3202723,622.7616896915395,87.5585826084606,13.70873715,51.48926194609169,8.882488728,5.849213180231826
0.01974041318,0.0004,713.7703312,664.0554482806542,49.71488291934577,11.03250094,53.025780763098595,9.193886458,5.5907083579569194
0.01979201098,0.0004,717.827581,709.3134568538445,8.514124146155496,8.721529453,53.82072576393027,9.41106369,5.530629512424711
0.01983500915,0.0004,722.3281419,756.4841406644312,34.15599876443116,6.772213586,53.91101979845179,9.551363087,5.5914777131689215
0.01987084096,0.0004,727.5791605,803.5148033650244,75.93564286502442,5.134869255,53.40304773893373,9.642421589,5.710370307708822
0.0199007008,0.0004,734.6019821,848.6297720518404,114.02778995184042,3.744734785,52.45824900216254,9.698936829,5.818844979473595
0.019925584,0.0004,745.4607127,890.5330609675771,145.072348267577,2.600451984,51.26321274830897,9.702739945,5.840556095293722
0.01994632,0.0004,766.2910852,928.4628884551039,162.1718032551039,1.665549724,49.98398767641374,9.563193765,5.709846616589373
0.0199636,0.0004,814.1632042,962.1157541348903,147.95254993489027,0.9192635802,48.737870995650574,8.891664002,5.389222612875861
0.019978,0.0004,900.0145736,991.5333123482217,91.51873874822172,0.4180026413,47.59187778264994,7.01690958,4.8754742694828535
0.01999,0.0004,1004.004608,1016.9607641015205,12.956156101520492,0.1665649326,46.576128030937795,3.83869155,4.195961505316677
0.02,0.0004,1100.0,1038.7605057435487,61.23949425645128,0.0,45.697716147839216,0.0,3.398188694872858
0.0003075775058,0.0004027966651,700.018797,709.4065497128278,9.387752712827819,115.8416468,115.44902654831789,0.1432264039,-0.11762340389589987
0.002221248356,0.0004092840482,700.3194782,698.3668844883468,1.9525937116532077,111.8795949,105.38276366473218,0.2502870917,-0.6135368283781952
0.0005593730133,0.0004100636077,700.0516242,708.8498062111408,8.798182011140852,115.5828989,115.16002316263774,0.140080958,0.014613016892689679
0.0009512417386,0.0004164565154,700.0954386,707.2134623658484,7.11802376584842,115.2299857,113.89081842046242,-0.03952203306,0.2404150940088936
0.0001672291093,0.0004234459464,700.0064791,709.7705688030435,9.76408970304351,115.9459646,115.3768468542218,0.09368751075,-0.1768196239458888
0.0001080529928,0.0004270917816,700.0031829,710.0922534323937,10.089070532393748,115.9736756,115.31349698998629,0.0639392364,-0.20081232663755433
0.0002237770254,0.000437306098,700.0111863,709.3831870086636,9.372000708663677,115.906252,115.38053983337733,0.1265167094,-0.1472590255038888
5.288248424e-05,0.0004376219529,700.0011369,710.4174937746351,10.416356874635085,115.9908513,115.21951344715433,0.03777777234,-0.21941218763285875
0.01805313858,0.0004379956133,703.4358501,655.2776817999427,48.158168300057355,51.894922,57.44181330549674,2.688530733,5.363530856130924
0.000392864764,0.0004410144604,700.0323701,708.8556051254534,8.823235025453414,115.7254735,115.29793372068802,0.1879595334,-0.05890968577619127
0.002673135313,0.0004422036387,700.4805575,697.5375204224391,2.9430370775609163,109.5988834,102.69329606120239,0.2594850368,-0.5553453303354665
0.0,0.00045,700.0,710.7930987615533,10.793098761553324,116.0,115.10234465924822,0.0,-0.23341356986580042
0.003151800695,0.0004665105519,700.6276516,701.2072666965138,0.5796150965137485,107.5065097,101.42643066860492,0.2949576133,0.28829311329188734
0.0001497186402,0.0004692628408,700.0059043,709.4259032910476,9.419998991047578,115.9509537,115.30427842547778,0.09883080608,-0.1704500100492048
0.0002829818775,0.000471776722,700.0186998,708.8031523943472,8.784452594347158,115.8423994,115.306978742943,0.1671932886,-0.10176703710782764
0.01759241576,0.0004743900096,703.2330891,682.9966831243083,20.236405975691696,56.20561469,59.395968497359334,2.185255374,4.41676792220352
0.0001011244654,0.0004773168645,700.0031782,709.6513211700418,9.648142970041818,115.9737895,115.25589484518832,0.07147815993,-0.1889410139017027
0.0001941215456,0.0004821895775,700.0096914,709.0414328857464,9.031741485746466,115.9188632,115.30559040491461,0.130440408,-0.14315481701156862
0.003639561482,0.0004842946471,700.7698715,708.3419119999792,7.572040499979153,105.6488181,101.0152674198066,0.3192202807,1.1785944951217138
5.103629613e-05,0.000488518582,700.0012182,709.914563243214,9.913345043214008,115.9901906,115.1850479555995,0.04371170713,-0.2047856123500127
0.01712128795,0.0004904688057,703.0945448,695.0702852251649,8.024259574835128,59.67780468,61.13394557482108,1.749394915,3.3930694670759847
0.0189082608,0.0004944929565,703.9011715,550.7900516480048,153.11111985199523,37.93583801,48.54018554378789,5.87532479,8.392460260142961
0.004130061162,0.0004950054018,700.9024393,713.816564387849,12.914125087849015,104.1229005,101.3426305852112,0.3549234427,1.4369831050414597
0.01663156036,0.00049670229,703.0067316,696.671429899219,6.335301700780974,62.56934389,62.94467850666068,1.413403227,2.2674277687521025
0.005131970372,0.0004979754024,701.1393106,714.5390900201068,13.39977942010671,101.7914579,101.5231631207331,0.4564509386,0.937954012606931
0.00563581235,0.0004989882237,701.261556,715.5792076323132,14.317651632313186,100.5267857,100.7558009256805,0.506233455,0.9893448813091581
0.004628386732,0.0004993128016,701.0253949,714.8483654501052,13.822970550105197,102.870069,101.79824841767862,0.4056186356,1.1598342904971393
0.006137733343,0.0004994941768,701.3853919,716.982652283233,15.597260383233106,99.20485211,100.10097741120931,0.5505751007,0.9374156110627769
0.00663869384,0.0004997470965,701.5095558,718.7193197325157,17.20976393251567,97.83219336,98.71910209633988,0.5969382252,0.9232391747758619
0.007139174088,0.0004998735493,701.6334355,717.7414986874397,16.10806318743971,96.41132765,97.17381245383861,0.6434771636,1.0127741747346741
0.0,0.0005,700.0,710.2513298225457,10.2513298225457,116.0,115.0912726634718,0.0,-0.2176851837726499
0.007639414213,0.0004999367748,701.7568728,715.6486872167608,13.89181441676078,94.93911404,95.22077487408887,0.6866990753,1.028833545383657
0.008139534275,0.0004999683874,701.8792464,716.2294974060367,14.350251006036615,93.41663621,92.89832831174469,0.726587653,0.7828355261918016
0.008639594306,0.0004999841937,701.9994965,717.8751600827654,15.875663582765469,91.84715172,91.11780561540289,0.7634236765,0.6231744606281833
0.009139624321,0.0004999920968,702.1164165,717.6072168321465,15.490800332146478,90.23442594,90.20464710229874,0.7969686966,0.8102072134378977
0.009639639329,0.0004999960484,702.2288788,716.046700354047,13.817821554046986,88.58241913,88.5229879569587,0.8274161464,0.9227449045058194
0.01013964683,0.0004999980242,702.3357768,713.6174921936324,11.281715393632453,86.89609626,86.0465747072659,0.8551126691,0.8241159199952053
0.01063965058,0.0004999990121,702.435833,711.7052703692893,9.269437369289335,85.1807131,84.57524183153706,0.8797985368,0.8858099701598752
0.01113965246,0.0004999995061,702.5278665,710.6732664643514,8.14539996435144,83.43856842,83.43026557614222,0.9007457959,1.0610832094614855
0.0116396534,0.000499999753,702.6106585,708.6076359130218,5.996977413021796,81.67359812,81.95130378294735,0.9173477339,1.29754593136043
0.01213965387,0.0004999998765,702.6830142,706.3554139583622,3.6723997583621895,79.89393048,80.08178167729551,0.9289813417,1.5890094601838802
0.0126396541,0.0004999999383,702.7441609,705.1165940415352,2.3724331415352253,78.10750641,78.44286251815952,0.9346682218,1.4598769390077626
0.01313965422,0.0004999999691,702.7938653,704.0920237242859,1.2981584242859299,76.32076261,77.24932914022168,0.9361733101,0.9738709855633809
0.01363965428,0.0004999999846,702.8326982,700.8033233937682,2.029374806231772,74.5360788,76.07137985665254,0.9353638742,0.5942787733827881
0.01413965431,0.0004999999923,702.8622373,695.2247081655598,7.637529134440115,72.7462279,74.66469494121574,0.9378037796,0.6188025224062565
0.01463965432,0.0004999999961,702.8847753,692.8272031231047,10.057572176895292,70.93557277,72.80779976993212,0.9525401016,0.8543237771241667
0.01513965433,0.0004999999981,702.9036461,691.100319850234,11.803326249765973,69.07771287,70.07742478639578,0.9882506841,1.041944946922027
0.01563965433,0.000499999999,702.9241754,691.3445185751702,11.579656824829726,67.11878314,67.05957358901054,1.060361398,1.12009996233009
0.01613965433,0.0004999999995,702.9540192,694.3346106143631,8.619408585636847,64.96470653,64.57746815340133,1.194311371,1.4597872054170704
0.0007348707714,0.0005004244213,700.0889478,707.3509658402043,7.262018040204225,115.2975079,114.21244080811962,0.1106898372,0.23914558435696787
0.001182600559,0.0005012755438,700.1284031,704.5002863829598,4.371883282959743,114.7717179,111.74849483392178,0.1098609682,0.526431352564579
0.0001838825955,0.0005102153205,700.0093623,708.7403188907062,8.730956590706228,115.9215877,115.27131928068376,0.1380244903,-0.13293254288499678
0.0002539063088,0.0005132058155,700.0170319,708.3833157708933,8.366283870893312,115.8561527,115.24682205617279,0.1788310605,-0.09131380931340871
0.0001444013455,0.0005154694179,700.0062375,708.8925224935249,8.886284993524896,115.9479957,115.25944204885087,0.1124735976,-0.15049384789622344
0.0003565011927,0.0005203240664,700.0326187,707.9612120821732,7.92859338217329,115.7227733,115.12635596544925,0.2344087112,-0.02041985953907144
0.0005227425521,0.0005256905945,700.0666111,707.5449550354555,7.4783439354554275,115.4894934,114.76580457947595,0.1914442836,0.10716659600069178
0.000101959631,0.0005264482393,700.0036908,709.0211008898854,9.017410089885402,115.9693993,115.23229309870567,0.08503575374,-0.16518809113270638
5.140330391e-05,0.0005394759194,700.0014264,709.2264970030024,9.225070603002337,115.9884457,115.18620721785321,0.05225196426,-0.18073553900200245
0.0002066662664,0.0005399561294,700.0124628,708.1988005220702,8.18633772207022,115.8950509,115.23686767250922,0.168507237,-0.09919271278468766
0.0,0.00055,700.0,709.53854063901,9.538540639009966,116.0,115.11844938037756,0.0,-0.19483253899551745
0.0001562188706,0.0005650353556,700.0081133,708.062967516858,8.054854216857962,115.9319302,115.23920702208706,0.1422629872,-0.10940027648655537
0.0002907727164,0.0005676364115,700.0248167,707.4116515978035,7.38683489780351,115.7891833,115.12183692516683,0.2399558117,-0.01726888656754788
0.0001051025147,0.0005787925084,700.0044825,708.1527671652441,8.148284665244091,115.962607,115.24320543560883,0.1040768829,-0.1281207629644303
5.336486551e-05,0.0005899742782,700.0017374,708.3444415675393,8.342704167539296,115.9858435,115.23215426490283,0.06368855029,-0.14727079384365194
0.0002287691859,0.0005922464084,700.0168413,707.208689596867,7.191848296866965,115.8574787,115.17666933559816,0.2178388894,-0.03506702941650275
0.0,0.0006,700.0,708.6314520302392,8.631452030239188,116.0,115.19795949926355,0.0,-0.16488211429887034
0.01927964892,0.0006,704.3359446,493.4335151879524,210.90242941204752,27.20370868,51.4451648594649,9.620802297,8.749139514805137
0.01940804077,0.0006,704.8671872,492.59551241018823,212.27167478981175,23.17259789,55.63932015985564,10.69099615,7.702935580923477
0.01951503397,0.0006,705.9347927,503.26105220613533,202.67374049386467,19.57461413,61.60280815207934,11.61037365,6.219362770795139
0.01960419498,0.0006,707.7752261,524.4253235221275,183.3499025778725,16.19947185,67.74979972320571,12.39101736,4.881685010792737
0.01967849581,0.0006,710.4752823,555.2378189256693,155.23746337433067,13.21509579,72.3050617447811,13.01599018,4.196755868250675
0.01974041318,0.0006,713.9314535,594.7625506918072,119.1689028081928,10.63705348,74.55316974739505,13.48488526,4.284810999484299
0.01979201098,0.0006,717.9467875,641.3903320307531,76.55645546924688,8.4112965,74.75429827756814,13.81426278,5.002334030042255
0.01983500915,0.0006,722.4073115,692.6658596676865,29.741451832313487,6.532111598,73.54510444667005,14.02972359,6.09955224575373
0.01987084096,0.0006,727.6841994,745.7319512476257,18.047751847625705,4.946076032,71.58915135706069,14.17053816,7.296717500029264
0.0199007008,0.0006,734.7976306,797.9600877774906,63.16245717749052,3.601821857,69.41671471868422,14.25507027,8.347343387576846
0.019925584,0.0006,745.8372086,847.3716582164059,101.53444961640582,2.497218409,67.36047503159399,14.25306219,9.07519313627677
0.01994632,0.0006,767.1176103,892.744785977429,125.62717567742902,1.592705441,65.57364928060329,14.01843511,9.37232606278101
0.0199636,0.0006,815.7223002,933.4900460232723,117.76774582327232,0.8756420723,64.0926813389574,12.95616864,9.192138070585905
0.019978,0.0006,901.8173137,969.4877015121136,67.67038781211363,0.3974036888,62.89741253848408,10.12506209,8.556322623001947
0.01999,0.0006,1005.086144,1000.8954089353329,4.1907350646671375,0.1573145991,61.95166279016344,5.483968035,7.55711114083612
0.02,0.0006,1100.0,1028.0470950747176,71.95290492528238,0.0,61.21918952976432,0.0,6.333806932904655
0.0009172506776,0.0006005981814,700.1948925,705.1432022286068,4.948309728606773,114.1397278,112.37122691486668,0.2468528011,0.6483616498057856
0.001420817994,0.000610954243,700.3328755,701.0439664058133,0.7110909058133075,110.0633688,107.55848372254579,0.7557774925,0.8901480744049843
0.0001700029838,0.0006129120871,700.0104442,707.0922578975643,7.081813697564257,115.9119996,115.23731888236844,0.1788067079,-0.054781940604344825
0.0001127188877,0.0006290592981,700.0056075,707.0987727272241,7.093165227224063,115.952957,115.29447675899733,0.1300293149,-0.07768754291041002
0.0003093974468,0.0006319622054,700.0310798,706.1447439355206,6.113664135520594,115.7363146,114.98700153584944,0.3053491339,0.08391235662914998
0.0006854721034,0.0006320118513,700.1432458,705.5496512350677,5.406405435067654,114.8325025,113.47978012208667,0.2532045153,0.4821912213107993
0.0004867336933,0.0006338063975,700.0900965,705.7964749829438,5.706378482943819,115.3344091,114.40716215829168,0.2704347898,0.26219534882512896
0.0003797981129,0.0006358433572,700.0458218,705.9083248240241,5.862503024024136,115.6179539,114.7799239772247,0.3546876944,0.1568951867114068
5.563985116e-05,0.0006402918028,700.0020855,707.2650798623829,7.262994362382869,115.9828678,115.33226037844001,0.0773169597,-0.10378236529222828
0.0002378598773,0.000646949272,700.0200946,706.0581181785072,6.03802357850725,115.8296991,115.14002415333876,0.2627298673,0.04304826784485982
0.0,0.00065,700.0,707.5182275291594,7.51822752915939,116.0,115.34422785224474,0.0,-0.12740142319642178
0.01899417964,0.0006542853607,703.8544576,520.9740626801015,182.88039491989855,34.67924551,51.36569639071977,8.187833396,8.916854537894007
0.0001782079938,0.0006651414061,700.0125764,705.9005452105844,5.887968810584425,115.8934031,115.26608524631672,0.2183918263,0.017599233107532086
0.0001181557376,0.0006793198187,700.006517,705.882360960765,5.875843960764996,115.9448133,115.38850195197016,0.1582318303,-0.013720732129025137
5.870808117e-05,0.000690766316,700.0023902,705.9884596152228,5.986069415222801,115.9800151,115.4914819252261,0.09374256962,-0.04711780933373966
0.0,0.0007,700.0,706.2176718455573,6.217671845557334,116.0,115.56225245622336,0.0,-0.08059579387432336
0.000307616967,0.0007032235751,700.0361774,704.5727608799432,4.536583479943147,115.6987459,114.89119927020027,0.3634405235,0.21593106313212562
0.0002448348936,0.0007066584427,700.024922,704.6359284774127,4.6110064774127295,115.7889998,115.11756084403939,0.3254417017,0.1539339782185607
0.0003764005244,0.0007122103979,700.0579337,704.2843424503938,4.226408750393716,115.5713571,114.56882718000774,0.4041288831,0.3180464182975058
0.001101503688,0.0007185286371,700.4559506,702.2812351727213,1.8252845727212161,109.0450343,108.2676953792792,1.150173272,1.2468905838933848
0.0001818854286,0.0007192231991,700.0145627,704.5347457750058,4.520183075005775,115.8763756,115.32577683984742,0.269915063,0.11157089715696689
0.0001209553455,0.0007316057576,700.006707,704.4907169811519,4.484009981151871,115.9429197,115.51902655170939,0.1896464301,0.07100837207910171
0.0004404225547,0.0007407150047,700.1176165,703.6663165949849,3.548700094984838,115.1742626,114.06841462105429,0.4179926673,0.480955545635692
0.000619119552,0.0007406202535,700.2481589,703.7874017440445,3.539242844044452,113.7169481,112.78519460648235,0.730137149,0.7359004451323115
6.039391812e-05,0.000741720415,700.0021138,704.5807075402972,4.578593740297265,115.9821351,115.68769573877869,0.107598039,0.026766769782851085
0.001789152608,0.0007466100704,700.7632815,696.8200539253016,3.9432275746983123,98.93125405,97.89771272691242,1.000242931,1.0109147770521316
0.0,0.00075,700.0,704.8118050143794,4.811805014379388,116.0,115.81631137372888,0.0,-0.019854979230450986
0.01849228343,0.0007506458936,703.3627824,605.8544658047126,97.5083165952874,42.88859524,56.751146373977555,6.187098144,7.243867357196435
0.0008261707372,0.0007526336498,700.3905806,703.3623628024008,2.971782202400732,110.4394511,110.56613063542235,1.012723396,1.0833753870574085
0.000238198003,0.000766090655,700.0311343,703.1626701482166,3.1315358482166857,115.7548051,115.09189047389442,0.3716830316,0.2854554723665519
0.0003004571923,0.0007669887948,700.0506339,703.064255651819,3.0136217518190733,115.620364,114.75692615778439,0.4052355559,0.37000510939329434
0.0001820190409,0.0007757178289,700.016636,703.0587192398006,3.042083239800604,115.8742579,115.33934784407495,0.3210762679,0.2387057426583281
0.0001225888785,0.0007856893687,700.0054613,703.031061043553,3.025599743553016,115.9619267,115.57797538439489,0.2260687249,0.1877797233767362
0.0003543092383,0.0007914716576,700.1016889,702.5210906778843,2.4194017778843318,115.3882512,114.23314786981308,0.4322058504,0.5237908313302722
6.184891335e-05,0.0007937641873,700.0006842,703.1621928713186,3.161508671318529,115.9966895,115.78272747682209,0.1213570744,0.12907483151184973
0.0,0.0008,700.0,703.4779354032868,3.4779354032867786,116.0,115.92803093487355,0.0,0.06366787015197684
0.01927964892,0.0008,704.2024881,458.0334581032794,246.1690299967206,25.84357852,61.99181352594453,12.38237615,8.302447171381282
0.01940804077,0.0008,704.8156582,451.49132820501694,253.3243299949831,21.99759269,69.65763995844115,13.79456614,7.182707295448508
0.01951503397,0.0008,705.9889456,458.2903285298613,247.69861707013865,18.56131797,76.65652268547875,15.03596978,6.37939453906129
0.01960419498,0.0008,707.9283994,477.51738064397006,230.41101875602993,15.37708269,81.17965856507716,16.08173195,6.3791120989069805
0.01967849581,0.0008,710.688633,508.6370991868482,202.05153381315176,12.55962968,83.24757417498617,16.91769275,7.163243932523097
0.01974041318,0.0008,714.1520501,550.7764253925627,163.37562470743728,10.11124639,83.4529301944557,17.54693292,8.561939063153801
0.01979201098,0.0008,718.1145594,602.3386293983674,115.77593000163256,7.999371418,82.3373589385022,17.99072537,10.40036556423859
0.01983500915,0.0008,722.5255777,660.7372283739862,61.78834932601376,6.214215214,80.39820473903639,18.28503639,12.446975466772013
0.01987084096,0.0008,727.8352109,722.5463884041417,5.288822495858312,4.699170003,78.1338462398001,18.48153335,14.393472102942223
0.0199007008,0.0008,735.0617957,784.2676698254261,49.205874125426135,3.418371102,75.95991713804312,18.6007599,15.918565086796637
0.019925584,0.0008,746.3272954,843.1050652492776,96.77776984927755,2.367496417,74.10890157830974,18.5996345,16.75296097058268
0.01994632,0.0008,768.1599631,897.2894046696497,129.12944156964966,1.504070631,72.62889158990345,18.27670932,16.71140696287979
0.0199636,0.0008,817.6149394,945.9515787869416,128.33663938694156,0.8247701636,71.46741493704117,16.83600593,15.7443156930544
0.019978,0.0008,903.943658,988.8820391790224,84.93838117902237,0.3735829558,70.56108704703671,13.08228141,14.00321630389395
0.01999,0.0008,1006.343054,1026.2568055659283,19.913751565928237,0.1466680506,69.876067180448,7.045966907,11.819936258566255
0.02,0.0008,1100.0,1058.4770053167058,41.5229946832942,0.0,69.39541067163856,0.0,9.568411610953355
0.01882235209,0.0008152969189,703.5404215,544.545050482683,158.99537101731698,36.71766864,55.77984773508944,8.761654726,8.387283661689747
0.002162820982,0.0008196442267,700.978484,695.5526451222757,5.425838877724232,91.65539953,90.0649733549524,0.7361776515,0.5862910127687027
0.0002810441454,0.0008217603029,700.0789099,701.839109718124,1.760199818123965,115.5075838,114.40202530758664,0.5138560898,0.52120620970984
0.0002378305555,0.0008273144174,700.0635369,701.7378315603374,1.6742946603374094,115.6198063,114.62953920198932,0.5333481848,0.4754626730513456
0.0005444681442,0.0008274622302,700.4016415,702.232887022939,1.8312455229390707,111.5394387,111.73284132265167,1.386062126,0.9555623909772084
0.0001832814478,0.0008331298977,700.0375154,701.7022267037357,1.6647113037357713,115.8037578,114.89483671583467,0.4572244459,0.41251529470192416
0.0190680828,0.0008374920447,703.7578566,487.4001147354235,216.3577418645765,31.12239198,56.58879412493744,10.83966263,8.984934383422537
0.0004109537858,0.0008389101336,700.2508867,701.7027517083237,1.4518650083236935,114.1396674,112.86610694677701,0.6495937384,0.7882519045676881
0.0001268249514,0.0008418091681,700.0151621,701.7100063171756,1.6948442171756142,115.9579143,115.04893529529599,0.3032391535,0.3539928121033631
6.43300587e-05,0.0008467279622,700.0012981,701.9583812149706,1.957083114970601,116.0296144,115.19925065362995,0.1248381078,0.27114222912989305
0.0,0.00085,700.0,702.4294057857505,2.4294057857505322,116.0,115.24809932715891,0.0,0.1795315882453954
0.000312616819,0.0008615499952,700.2084557,701.1162499920374,0.9077942920374653,114.8012141,113.08807443075627,0.5048471797,0.7192453022828307
0.001295124379,0.0008662438984,700.8489713,698.5616850543249,2.287286245675091,93.97050501,96.83493996617865,1.973585208,1.7524319813442242
0.0007185770018,0.0008800652123,700.6788783,701.6300863005811,0.9512080005811185,100.8039006,106.24640710205374,2.070390485,1.4135391011912413
0.0002562053619,0.0008831914179,700.2243612,700.7090612063845,0.4847000063845144,114.6600657,112.50877650502959,0.5785455319,0.7051380049920226
0.002656999773,0.0008880225984,701.1077723,697.6432849830682,3.464487316931809,84.46905051,81.74192158319548,0.6778469451,0.14637134887840997
0.0001991467535,0.0008931350347,700.1916964,700.5739441165194,0.38224771651948686,114.8707618,112.2178780379407,0.5564007102,0.6403121054079444
0.01804920254,0.000894565922,702.9552379,656.6508551635976,46.30438273640243,46.42474919,56.491176607316156,5.117696185,6.364823863392318
0.0001361642488,0.0008979643005,700.117041,700.645344740482,0.5283037404819879,115.3889423,112.07766283876329,0.4374948215,0.5438543795835908
0.0,0.0009,700.0,701.5101943437669,1.5101943437668979,116.0,111.63629629615731,0.0,0.3113472908874595
6.879343736e-05,0.0009000211733,700.0478787,700.9471030593346,0.899224359334653,115.8053434,111.91124970099013,0.2301889528,0.42939992017678286
0.0009804039776,0.0009011627031,700.8792594,700.3894288676963,0.48983053230369933,93.67911515,99.00140675103303,2.405563821,1.7320109697706068
0.0003543869087,0.0009052451387,700.466392,700.5023048541077,0.035912854107664316,111.6178533,109.71520437444086,1.164675723,0.9325494025708068
0.0004815968,0.0009051397427,700.6006248,700.8776831344993,0.2770583344993156,106.4950249,107.99976696487006,2.108807651,1.1326626650270128
0.0002930488276,0.000937851408,700.6145899,699.7996339408128,0.814955959187273,109.0150722,105.58106692701749,1.641132813,0.8720101207453741
0.00313587018,0.0009410551849,701.1733362,702.6471395066847,1.4738033066846583,78.82832428,75.19287426073704,0.6756643945,0.38104675417586
0.0,0.00095,700.0,699.6562360967649,0.34376390323507167,116.0,99.11649303189655,0.0,0.3254560592207376
0.0002213821196,0.0009505692641,700.6005043,699.3752989825939,1.2252053174061075,108.1903212,102.699682416133,1.672961376,0.7252250899248676
7.388459583e-05,0.000952676537,700.2936363,699.2974551205064,0.9961811794936466,111.8477491,100.15949585910602,0.9890966108,0.43724204758630236
0.0001472145339,0.0009536338527,700.4644666,699.2102566312151,1.2542099687849486,109.3281182,101.16114009644971,1.377359553,0.5732605185662027
0.0004019643228,0.000962122264,700.7200138,699.7072808610216,1.0127329389783881,96.57492926,99.05410806259077,2.524545246,1.0108868272451943
0.0006284720871,0.0009631954141,700.872406,700.3701468810112,0.502259118988718,88.19467157,95.82863091305957,2.363591445,1.3417713521895065
0.01759453962,0.0009678916987,702.6700063,686.010495825339,16.65951047466092,49.17716838,54.84561772155938,4.028905814,5.393737242217415
0.00362638181,0.0009735668624,701.2203078,706.450940929526,5.230633129526041,75.40948412,72.1144707002435,0.7243283785,0.9123799392596217
0.01711718656,0.0009890703397,702.4821917,698.1308471983689,4.351344501631161,51.75053717,54.69547243463389,3.037751617,4.217997721522756
0.004118351461,0.000991179481,701.2650517,708.9870471832027,7.721995483202704,73.47776915,70.79831930763812,0.8230875258,1.4629102285816566
0.005128128432,0.0009969588759,701.3786609,709.6810793846412,8.30241848464118,72.00949982,71.40791076914431,1.040321306,1.6308812130603716
0.00462244569,0.0009977599797,701.3180949,710.1305549034699,8.812460003469937,72.48468975,70.68321914339431,0.9375497757,1.7219622786555382
0.0003234162448,0.0009979588273,700.6573185,698.7643606891226,1.8929578108774194,82.75708397,85.34496420123793,2.373062565,0.6004292019513882
0.01662987067,0.0009979048193,702.3555262,699.8095135726044,2.546012627395612,53.71777474,55.356008960091906,2.372060519,2.968614872676647
0.000536171499,0.0009982777009,700.8668951,699.7837406201045,1.0831544798954837,81.25227963,86.36790554393714,2.012777938,1.0079212056249371
0.00563581235,0.0009989882237,701.4373866,709.6957795131041,8.258392913104103,71.23535108,70.94664240090134,1.125507297,1.7049217226788205
0.006136772846,0.0009992412002,701.497648,709.9947457621025,8.497097762102499,70.56106394,70.13725521372932,1.184913963,1.7283157110850471
0.00663869384,0.0009997470965,701.5547301,711.4015432832318,9.846813183231802,69.82882015,69.73988510324308,1.23165073,1.7015795141861494
0.007138933964,0.0009998103229,701.6078168,712.3922030768679,10.78438627686785,69.10879462,69.84715504100676,1.26737286,1.7711024523781065
0.0,0.001,699.7371332,696.8206982491141,2.9164349508859004,116.0,69.48622186207565,0.0,-0.1611927397831936
0.007639414213,0.0009999367748,701.6556971,712.0168367283987,10.361139628398746,68.37730314,69.46431388798763,1.294704762,1.6460609003120759
0.008139474244,0.0009999525811,701.6985567,712.4238107394476,10.725254039447577,67.65614934,68.61357505263996,1.316085843,1.2821867769273414
0.008639594306,0.0009999841937,701.7366891,712.9561653916393,11.21947629163924,66.94473783,68.23751593088953,1.332927229,1.0185730241528557
0.009139609314,0.0009999881453,701.7710078,711.5091453599188,9.738137559918755,66.25004298,68.55935351094114,1.346380671,1.0753037770225111
0.009639639329,0.0009999960484,701.8025241,710.0451462025468,8.242622102546761,65.57184434,68.00450421789444,1.357111794,1.0307091245333737
0.01013964308,0.0009999970363,701.8323706,708.741917768315,6.909547168315044,64.90918848,66.45824273877328,1.367157829,0.7994715454891681
0.01063965058,0.0009999990121,701.8617488,706.9159040836995,5.054155283699515,64.25668187,65.22378115575847,1.376644141,0.7771558312137197
0.01113965152,0.0009999992591,701.8917045,704.7893968640115,2.8976923640115047,63.60802602,63.95270909893496,1.383917146,0.9275375608742706
0.0116396534,0.000999999753,701.9227312,705.0130488184825,3.090317618482459,62.95676639,63.43156171152747,1.390027518,1.1828928812201225
0.01213965363,0.0009999998148,701.9548763,706.5606668884097,4.605790588409718,62.29647904,63.260775308964874,1.396005507,1.5164914795222595
0.0126396541,0.0009999999383,701.9879236,706.5547486548727,4.566825054872652,61.62042689,63.127612866971695,1.402662957,1.631368128118062
0.01313965416,0.0009999999537,702.021545,705.3927941824921,3.3712491824921926,60.92091291,63.122587083308915,1.409996331,1.4331701629582723
0.01363965428,0.0009999999846,702.0555052,703.8496386515626,1.7941334515626295,60.18954097,62.59974592350678,1.41878324,1.2091215684667445
0.01413965429,0.0009999999884,702.0899903,699.9591160163282,2.130874283671801,59.41569437,62.10125621272264,1.434116946,1.2910704024058797
0.01463965432,0.0009999999961,702.125868,695.0785898431925,7.047278156807465,58.58163593,60.995930891418666,1.469405295,1.6323919736774366
0.01513965433,0.0009999999971,702.165135,693.45513247415,8.710002525849973,57.6561191,59.10094666632612,1.545262803,1.5935564524597812
0.01563965433,0.000999999999,702.2115517,694.702161553625,7.509390146374926,56.58793984,57.41605963507008,1.68945272,1.5454592478487017
0.01613965433,0.0009999999993,702.271503,697.3882998002339,4.883203199766172,55.29267532,56.19495386388839,1.947211087,1.9925090545928574
0.01927964892,0.001,704.0671614,438.815569705615,265.251591694385,24.33273186,67.22693773833315,14.95621086,9.199066680621328
0.01940804077,0.001,704.7759865,431.09270448903,273.68328201097006,20.67791576,74.66915844797703,16.63874581,9.037146093823228
0.01951503397,0.001,706.0765569,439.5658489895,266.5107079105,17.41362332,80.23505419562994,18.15234355,9.508091514456005
0.01960419498,0.001,708.1374854,462.8449819688655,245.29250343113443,14.41000556,83.52230544573443,19.43474619,10.718900687644183
0.01967849581,0.001,710.9735086,499.6578502635846,211.31565833641537,11.76701932,84.94152011187747,20.4630284,12.502070420414622
0.01974041318,0.001,714.4460392,548.304679928601,166.14135927139898,9.464671632,84.9458447848359,21.23870675,14.671415280420543
0.01979201098,0.001,718.341041,606.3315279282541,112.00951307174591,7.487549408,83.92635346213724,21.78520082,17.05994399746849
0.01983500915,0.001,722.6906043,670.3270337692027,52.36357053079735,5.817024106,82.30323358976435,22.15546795,19.444234641159316
0.01987084096,0.001,728.0468041,736.4062589559206,8.359454855920603,4.389943883,80.51908733116844,22.41246244,21.503505806235175
0.0199007008,0.001,735.4253726,801.1076692611491,65.68229666114917,3.187900548,78.89768205626059,22.57139605,22.86761819943005
0.019925584,0.001,746.9918697,861.9816410051554,114.98977130515539,2.203124538,77.54216433886018,22.57382427,23.190870956038104
0.01994632,0.001,769.5416709,917.6432598125905,148.1015889125905,1.390687142,76.39210676628143,22.15961463,22.23711174412164
0.0199636,0.001,820.04199,967.4974329830012,147.45544298300115,0.7580464459,75.36631933062401,20.33681575,20.03116881849549
0.019978,0.001,906.5917185,1011.4818639492571,104.89014544925715,0.3423979648,74.45655530399928,15.70084615,16.96988530639023
0.01999,0.001,1007.880414,1049.8258842609173,41.94547026091732,0.1337176332,73.71301698951387,8.401171331,13.677245060800661
0.02,0.001,1100.0,1082.9372077082226,17.06279229177744,0.0,73.17529284604738,0.0,10.681670073761694
7.566353144e-05,0.001003658652,700.0668688,697.0329194218746,3.033949378125385,72.09553844,72.0314342027654,1.49332687,-0.09428972823095805
0.0001600180968,0.00100907507,700.2213918,697.453114003002,2.7682777969979497,71.07978194,73.30190233254655,1.251393473,0.0037214184421010543
0.000239585195,0.001009301481,700.4420234,698.0499487641332,2.392074635866834,74.674367,76.85234082269324,1.604198858,0.21653566158744564
0.0188040578,0.001011525573,703.2983038,546.789468960058,156.50883483994198,34.82371982,56.795146276942354,10.4817118,8.572356985928934
0.01906022541,0.001020139945,703.5623985,480.2170974183311,223.34530108166888,29.68086895,58.53731613524984,12.78964431,9.45610340251081
0.0004363613035,0.001031715724,700.665816,699.2987199042865,1.367096095713464,67.11640409,70.6475457977548,1.222349829,0.2815204337583239
0.0008075402533,0.001040136874,700.9715113,699.8652356504629,1.1062756495371104,67.88406542,71.53848396071453,1.666791107,0.929611730757486
0.01855232336,0.001045580529,703.0679516,599.9631268209167,103.10482477908329,38.43321811,56.56098224338369,8.609149061,7.793881310611371
0.0,0.001051676766,699.6311194,694.9142156794712,4.716903720528762,26.11103932,34.883975540612546,-1.190190974,-1.7227558085629129
7.406328054e-05,0.001055036509,699.7094797,695.5534087653127,4.15607093468725,26.78163665,37.58077356893223,-1.925128465,-1.7533020054600579
0.0001569898069,0.001058537337,699.7587132,696.4908999124955,3.2678132875045094,29.8886682,41.05820283301088,-2.368301539,-1.6668664919863065
0.001126082414,0.001074203822,701.0439229,698.3188465685485,2.7250763314515325,63.15874554,64.45511392295917,1.737767682,0.9360166496734585
0.0003631578741,0.001075252525,700.2431896,698.8556876235828,1.3875019764172976,41.54079025,45.264256190304934,-1.589798602,-1.5052445268096903
0.0002704350292,0.001077053108,699.952939,697.7047343837044,2.248204616295652,31.96348853,38.83519251110518,-2.711791067,-2.0223512601625453
0.0001502299824,0.00110308208,699.8121579,695.2649426080735,4.547215291926477,16.85778766,22.733945697678667,-5.292965505,-3.372026842553251
0.0,0.001108622138,699.8436406,692.9810771950669,6.862563404933098,17.29353136,17.689218162503675,-3.255459352,-3.2289532518854767
6.936392241e-05,0.001108622138,699.8228495,693.8858032831918,5.9370462168081986,16.99979256,19.028360432859216,-4.072820573,-3.4404803328692513
0.0005195471319,0.001115422533,700.3726957,699.9940049575825,0.3786907424174615,36.36306702,37.52283128131731,-3.201503886,-2.389561707870069
0.0002501233661,0.001130152642,699.8595798,696.0028126926068,3.856767107393239,15.37135794,20.164437441492062,-5.121746054,-4.011846467741547
0.001652698703,0.001132646884,700.9742367,695.6203707141226,5.353865985877405,58.71883794,59.004672365747304,0.09315665089,0.8217622520426202
0.0006514482854,0.001137232739,700.5404291,700.5778339232393,0.03740482323928518,36.91017833,37.20595353887214,-2.533380298,-2.463511012855356
4.382004236e-05,0.001170796576,699.8906713,691.865514037186,8.025157262813991,14.37385218,13.306512674477073,-1.735747851,-3.7401199157429943
0.0,0.001177358455,699.8942772,691.3358559994689,8.558421200531143,14.47489847,13.160584464312832,-1.427143728,-3.4441329313231694
0.0002341690951,0.001183546971,699.8975194,694.073874244906,5.823645155093914,12.36000643,13.495812564648267,-4.453192844,-4.6561733670590435
0.0004311415668,0.001184724546,699.9737899,697.051079807849,2.9227100921510782,15.84120064,17.22884527228902,-5.825271131,-4.830524262731735
0.01927964892,0.0012,703.9432576,439.781291781323,264.16196581867706,22.79661341,64.89679978331168,17.38409494,12.262128683073264
0.01940804077,0.0012,704.7545678,432.0936495998211,272.6609182001789,19.34117074,72.03178822896264,19.30195536,13.370013427737359
0.01951503397,0.0012,706.1921741,443.5747840231644,262.6173900768356,16.25983209,77.48695707716118,21.03097957,14.909544693438413
0.01960419498,0.0012,708.3809002,471.631506480658,236.74939371934204,13.42765919,80.9455778318002,22.50426726,16.854802711848574
0.01967849581,0.0012,711.2941895,513.2774715567593,198.01671794324068,10.94422611,82.78025959462956,23.68823612,18.999047174182643
0.01974041318,0.0012,714.7646638,565.6197130610484,149.1449507389516,8.787413454,83.43271599276233,24.57815251,21.22774124265547
0.01979201098,0.0012,718.6033556,625.6759662954618,92.92738930453822,6.944285297,83.25939587329792,25.20495597,23.499857542768552
0.01983500915,0.0012,722.938454,690.04090831942,32.897545680579924,5.384762445,82.58573261178147,25.64477658,25.683205256049884
0.01987084096,0.0012,728.3812502,755.2407508213045,26.859500621304505,4.050930706,81.70383947107669,25.96440927,27.45986562588896
0.0199007008,0.0012,735.9507829,818.3928129278501,82.44203002785002,2.932637431,80.78386421825314,26.16557513,28.382253386082404
0.019925584,0.0012,747.8985842,877.5540765228607,129.6554923228607,2.017101919,79.84089114598929,26.17192816,28.012342104399288
0.01994632,0.0012,771.3450102,931.6561095421475,160.3110993421475,1.261621029,78.82222588441752,25.65873561,26.091751997174686
0.0199636,0.0012,823.0921336,980.2424204964792,157.1502868964792,0.6808681514,77.7287708532563,23.44003088,22.76702831530644
0.019978,0.0012,909.8309725,1023.2652101045063,113.43423760450628,0.3055981764,76.65950761223979,17.96428962,18.676191599041587
0.01999,0.0012,1009.733268,1060.9130743325313,51.17980633253137,0.1185074781,75.74522454533265,9.54713222,14.63536738468423
0.02,0.0012,1100.0,1093.5317525655705,6.468247434429486,0.0,75.06003807818054,0.0,11.196030370822378
0.0008781736396,0.001202591223,700.6297453,700.541083602082,0.088661697917928,33.06215996,32.13360501862229,-1.593756639,-3.092477286697293
0.000152307733,0.001211354918,699.9078992,692.3941697934171,7.513729406582911,12.57597426,12.231876565290698,-3.254032401,-4.226861390422559
0.01905393224,0.001226180343,703.3436596,489.7045507827403,213.63910881725974,27.90870935,55.570583544069976,14.7226429,10.97688917401199
6.836553388e-05,0.001228452308,699.9142329,691.4452955922137,8.468937307786291,12.7789172,12.266439240507506,-1.840953005,-3.5873948154271504
0.002136868221,0.001232631086,700.9460474,696.6721458145662,4.273901585433805,49.55237315,49.701849622283994,-0.3743735862,0.28330922140228854
0.018676484,0.001243824488,702.9255675,587.5209237716224,115.40464372837766,34.39434839,53.52147297275553,10.81632025,8.601683688618145
0.0003403533145,0.001248179777,699.9209127,693.9099534942379,6.010959205762106,10.75976289,11.42352368994983,-5.106647993,-5.032373355302973
0.01882811431,0.001253943988,703.0454354,553.8038404851907,149.2415949148093,31.83202179,53.27669162412474,12.38383715,9.44577080019896
0.0,0.001261214199,699.922153,691.0376772573524,8.884475742647624,12.42600813,12.402392241937752,-1.2025953,-2.8806383447098014
0.0002000885989,0.001270008443,699.9268693,692.1148196249325,7.812049675067556,11.26906104,11.349726582050675,-3.282792487,-4.164096421339463
0.001263209801,0.001274878932,700.6891597,698.8026860240436,1.8864736759563812,32.03755346,33.502190467714954,-1.639598255,-2.287821468534632
0.0006459218397,0.001287154341,700.1142769,696.8227028120863,3.291574087913773,14.16028369,13.012823647951114,-5.366657277,-5.536499609897319
0.002577802613,0.001326349461,700.8825239,699.398948052897,1.4835758471029976,42.55389097,40.92290929214412,-0.3668013641,-0.019250380775130083
0.0004030581828,0.001341415012,699.9385153,692.9262858071597,7.01222949284022,9.642653408,9.86440620068578,-4.914012115,-4.936796783918368
0.000268707169,0.001354351893,699.9414916,691.8384047093714,8.10308689062856,10.14215092,10.526247763890481,-3.161968983,-4.054864162702453
0.0001121858256,0.001355210757,699.9418442,691.3110376007653,8.630806599234688,10.56864318,11.474704771366486,-1.836555157,-3.0018860782447585
0.0,0.001363512941,699.9416828,691.2370358177078,8.70464698229216,10.71975327,12.023153826102304,-1.345430984,-2.2243459859383496
0.01809802279,0.001374378484,702.4033098,666.7960438213414,35.607265978658575,38.79301408,48.344173039249426,7.101827754,6.927699141125662
0.0009697016275,0.001375395368,700.1933833,698.1185095905518,2.0748737094482976,13.10895976,14.296828073509085,-4.559930617,-5.296082725838032
0.01927964892,0.0014,703.8459738,462.43929660544165,241.40667719455837,21.20271289,57.46308611493677,19.57959381,16.476106364532434
0.01940804077,0.0014,704.7660373,453.97770220590684,250.78833509409316,17.99064784,64.79110560921022,21.73728082,18.862946324824403
0.01951503397,0.0014,706.3400496,465.64659736098065,240.6934522390194,15.11590542,71.16081436685117,23.66484209,21.085920980172446
0.01960419498,0.0014,708.6496926,494.5258588247384,214.12383377526157,12.46429353,75.79644033520002,25.29710759,23.247044183811493
0.01967849581,0.0014,711.6277804,536.7687063896608,174.8590740103392,10.1376731,78.89829292499309,26.60262342,25.329419541926917
0.01974041318,0.0014,715.0785484,588.9073892968908,126.17115910310929,8.126414634,80.88466450080452,27.57657009,27.367575363383146
0.01979201098,0.0014,718.8798555,647.7352272508568,71.14462824914312,6.412140649,82.06340513704983,28.26539532,29.381023555507113
0.01983500915,0.0014,723.2610614,709.9558715587486,13.305189841251376,4.955233247,82.61834467206837,28.76258755,31.221983191725876
0.01987084096,0.0014,728.8371921,772.4558779670475,43.618685867047475,3.715080064,82.6708099661613,29.13125482,32.52095194016307
0.0199007008,0.0014,736.6352112,832.7590623366391,96.12385113663913,2.680232434,82.3118135187798,29.36118144,32.790664635019695
0.019925584,0.0014,749.033548,889.2155380902459,140.1819900902459,1.83254133,81.60290035472248,29.35716365,31.594845384604547
0.01994632,0.0014,773.5159794,940.9131574839769,167.39717808397688,1.135716875,80.5980143480825,28.72235393,28.733479486306926
0.0199636,0.0014,826.6193315,987.4480846023887,160.82875310238865,0.6067403264,79.40221103746825,26.08420828,24.48800678555723
0.019978,0.0014,913.4620422,1028.7680695570566,115.30602735705656,0.2698481252,78.19099717473885,19.81379632,19.657997706698044
0.01999,0.0014,1011.773856,1065.0245761716071,53.2507201716071,0.1034221457,77.13625594949933,10.44564151,15.128581446233405
0.02,0.0014,1100.0,1096.5209855063467,3.479014493653267,0.0,76.32435587049592,0.0,11.401304050264628
0.003098438337,0.001418679459,700.8094508,702.2434109785431,1.4339601785430887,36.97711425,33.451613313340644,-0.3738852543,-0.02213509505951805
0.01904879851,0.001427427138,703.1468615,515.0354255556994,188.11143594430064,26.01706835,49.045262918516755,16.42016644,12.854804339171277
0.01882547433,0.001436552526,702.8434383,570.8568247367111,131.98661356328887,29.8962332,48.33991084150226,13.60636786,10.195393448502767
0.0006896143605,0.001456360402,699.9766156,693.833756237449,6.142859362550894,7.526189866,8.12851857195677,-5.501067184,-5.603749787472561
0.01760346222,0.001456748933,702.0600039,692.3992050646925,9.660798835307446,40.81992571,46.047886236205215,5.149277809,5.770562423511248
0.003598922552,0.001466834566,700.7691119,703.861642165551,3.0925302655509768,35.23905256,31.483814229504027,-0.2012053946,-0.08690509502972255
0.0002064224708,0.001487158317,699.9558248,690.8200389917979,9.135785808202058,9.058576774,10.421136691760953,-2.202006264,-2.954253723054315
0.004104452695,0.001488801206,700.7444641,703.8980106651896,3.1535465651896857,35.36109816,32.58627263277938,-0.0320786311,0.18943905928330818
0.01712458538,0.001490590893,701.8404875,701.0336094971235,0.8068780028764877,42.34128292,46.272915005537065,3.725938359,4.686221713585357
0.0,0.00149478913,699.9571748,691.0070360804914,8.950138719508573,9.126359026,11.34372202007788,-1.506164447,-1.7290239205291416
0.004611194592,0.001495476385,700.740313,703.548118971159,2.8078059711590413,36.42325352,34.75715086171897,0.1160143099,0.7030814876184515
0.01663095698,0.001497126723,701.7009363,701.7584021946475,0.057465894647521054,43.63450431,47.02363449847433,2.744437352,3.3741798107140175
0.005630606154,0.001498915453,700.7633656,703.4516613100438,2.6882957100438034,38.91669112,37.299121433112425,0.3651640235,0.9230567655095365
0.006136292598,0.001499114712,700.7856675,702.6389780717263,1.853310571726297,40.08514501,37.04855071490324,0.4741707687,1.098112290525533
0.005121959023,0.001499423979,700.7460007,703.6997975693898,2.953796869389862,37.58836777,36.44967375213117,0.2391285427,0.8064119238643537
0.00663869384,0.001499747096,700.8128347,701.602046282815,0.7892115828149144,41.10151084,37.05606856532698,0.5679701945,1.0920986689066776
0.007138813902,0.00149977871,700.8452026,702.3028319523623,1.4576293523623463,42.01280968,38.57642365683834,0.6528501859,1.13039873066512
0.007639414213,0.001499936775,700.8805284,704.0756292628346,3.195100862834579,42.7924427,40.44423810671526,0.7242307667,1.1224565723676152
0.008139444228,0.001499944678,700.9179621,705.5962811880165,4.678319088016565,43.45977552,42.05105889063485,0.782929718,0.9056763987221652
0.008639594306,0.001499984194,700.9563338,706.7166409787237,5.760307178723679,44.01920762,43.408200963528486,0.8307245353,0.6487853100372512
0.00913960181,0.001499986169,700.995029,704.9607154066008,3.965686406600753,44.48522364,44.37314101424657,0.8711789233,0.7030608930238662
0.009639639329,0.001499996048,701.033552,703.1728361461471,2.1392841461471335,44.8672803,45.355199272854726,0.9065793483,0.8785386072288572
0.01013964121,0.001499996542,701.071731,702.519372481051,1.4476414810510505,45.17682706,45.996590616901216,0.9384368683,0.7705626188615398
0.01063965058,0.001499999012,701.1095138,700.3045928990509,0.8049209009490141,45.42383197,46.026408646906,0.9699961656,0.5808761054352862
0.01113965105,0.001499999136,701.1469248,698.2043955683731,2.9425292316268497,45.61903417,46.002928380000824,1.002659528,0.5658950089170816
0.0116396534,0.001499999753,701.1841696,700.6309787058478,0.5531908941521806,45.76977535,46.033287861836676,1.034866197,0.7804803871967456
0.01213965352,0.001499999784,701.2215826,703.857537584227,2.6359549842269416,45.87825812,46.17610272397225,1.067436246,1.1618216688746035
0.0126396541,0.001499999938,701.2594758,704.5380867132928,3.278610913292823,45.94435669,46.7894184022396,1.102198661,1.4115223019643697
0.01313965413,0.001499999946,701.2981722,703.3206488015029,2.0224766015029445,45.96569192,47.53752087799334,1.14172806,1.360237348320008
0.01363965428,0.001499999985,701.3380042,701.9315821171397,0.5935779171396689,45.93746786,47.72125700351575,1.191076801,1.2946906379254504
0.01413965429,0.001499999986,701.3794252,698.1260267016976,3.253398498302431,45.85389223,47.901817305798225,1.256764869,1.3569172054643923
0.01463965432,0.001499999996,701.4235247,694.057193417316,7.3663312826840865,45.70315708,47.692730127877375,1.351349302,1.5098158887917394
0.01513965432,0.001499999997,701.4725482,694.9723718695102,6.500176330489808,45.45765577,47.50840048784782,1.498077758,1.4944832131231172
0.01563965433,0.001499999999,701.5302016,696.6967017109758,4.8334998890242105,45.07485619,47.39537241811139,1.735600288,1.631374012287944
0.01613965433,0.001499999999,701.6026931,699.0058150718944,2.596878028105607,44.48070246,47.27989393175485,2.126333648,2.2374067340168784
0.001299137904,0.001503804149,700.193422,697.8071818698913,2.3862401301087175,10.02943575,13.486344099294637,-4.756133027,-4.715624077456406
0.0004717779627,0.001518544028,699.9592753,691.4880834661325,8.471191833867465,7.942351112,8.785174692625429,-3.935816003,-4.37426720116556
0.01849107437,0.001525886675,702.4693651,632.2065222289442,70.2628428710558,33.03205207,47.05682271904303,10.53765668,8.485469862416778
0.001727957018,0.001559724329,700.3484738,698.3534252798191,1.9950485201808306,15.27284261,17.974861770155105,-3.010397436,-3.039521228806596
0.001031880524,0.00156881193,699.9994762,695.055823735151,4.943652464849038,5.717196949,7.4796718526978125,-5.73286084,-5.682071030679775
0.01927964892,0.0016,703.7822503,494.3092705683599,209.47297973164007,19.58948971,49.2269026536163,21.51321888,20.1748661311707
0.01940804077,0.0016,704.8181441,485.6915111677518,219.12663293224824,16.63730057,56.54553004112769,23.90195617,23.511881843921323
0.01951503397,0.0016,706.5282624,495.7577104988524,210.7705519011476,13.98163134,64.18364524657763,26.02205451,26.23060369595251
0.01960419498,0.0016,708.9511384,523.241223401673,185.709914998327,11.51746483,70.48898371153219,27.80085641,28.62195093037368
0.01967849581,0.0016,711.982332,564.4641779629479,147.5181540370521,9.352019609,75.28503213906168,29.20882146,30.79450707609241
0.01974041318,0.0016,715.4037649,615.3919139242025,100.01185097579753,7.489231888,78.86497281231169,30.24743262,32.80695495933653
0.01979201098,0.0016,719.1726076,672.4489829945135,46.72362460548652,5.90414161,81.41596063919955,30.98787791,34.62421021718781
0.01983500915,0.0016,723.6195356,732.3429262877901,8.723390687790129,4.549325613,82.98120069916881,31.53554431,36.020155969441404
0.01987084096,0.0016,729.3531722,792.1812190947428,62.82804689474278,3.401220403,83.63063052039969,31.94301345,36.59771372207147
0.0199007008,0.0016,737.4099106,849.7391425419678,112.3292319419678,2.446396437,83.53089231644003,32.18967451,35.91053388454974
0.019925584,0.0016,750.3099057,903.5590333229158,153.2491276229158,1.66251934,82.86331691717808,32.16118564,33.59153546090611
0.01994632,0.0016,775.9157721,952.8454617591374,176.92968965913735,1.021571355,81.77895550010282,31.38491838,29.549546180912216
0.0199636,0.0016,830.3962458,997.2503498088147,166.85410400881472,0.5405064282,80.45893064439824,28.3173921,24.2672592103692
0.019978,0.0016,917.2340908,1036.733773259418,119.49968245941807,0.2381361696,79.13472689122818,21.30836149,18.738446116387465
0.01999,0.0016,1013.854489,1071.433044674544,57.57855567454396,0.09065311722,77.99736566991908,11.13998418,13.863305454537464
0.02,0.0016,1100.0,1101.6232187305934,1.6232187305934076,0.0,77.1243231841453,0.0,10.014108058624771
0.01903383121,0.001627228166,702.9501391,542.0489877607608,160.90115133923916,24.2570191,43.34072773534866,17.73143101,14.43282984423686
0.0187885168,0.001644498961,702.5884864,591.9166201396991,110.67186626030082,27.84197242,44.26007129436929,14.45785548,10.898116320766373
0.0,0.001662715018,699.9697759,690.3009765012196,9.66879939878038,7.65663208,10.283302492302235,-1.346763282,-1.4697070828105945
0.0008296000953,0.001666136615,699.9723754,692.6833280021586,7.2890473978413866,5.841249014,6.810256905548235,-4.800688745,-5.1591080772523945
0.002154525485,0.001675774039,700.2562665,699.5688586286369,0.6874078713631206,13.43072613,15.71981901908934,-2.71578312,-2.2439520399833843
0.0002568110546,0.001699502255,699.9705828,689.5620802713554,10.40850252864459,7.371183654,9.192415886493535,-1.907214475,-2.5865372367369854
0.0005340791719,0.001701798058,699.9715332,690.3406620753004,9.630871124699524,6.666883059,8.070687351384118,-3.254323796,-3.859342023796258
0.00257008738,0.001797354464,700.2012356,701.4616314193805,1.2603958193805056,11.41423095,12.055779769769506,-2.625159626,-1.890514962925895
0.0184746258,0.00179798369,702.1644821,639.8542163340712,62.31026576592876,29.36702046,43.92216370163906,11.46966748,9.266184464374238
0.001303500577,0.001800029753,699.9999705,694.2409927507917,5.75897774920827,4.016732456,5.748206080589229,-4.565989895,-5.130000559891267
0.01927964892,0.0018,703.7550086,516.0706868754671,187.68432172453288,17.99503679,44.90736307503644,23.19524005,22.722855852006298
0.01940804077,0.0018,704.9144652,508.89974466389776,196.01472053610223,15.30074292,51.96043610616723,25.80259329,26.516639078060308
0.01951503397,0.0018,706.7601923,519.0675801104585,187.69261218954148,12.86034151,60.28687889355851,28.0997274,29.56587769441822
0.01960419498,0.0018,709.2853981,546.2186457898757,163.06675231012423,10.58385977,67.69210039474575,30.0091036,32.26939485147571
0.01967849581,0.0018,712.3483143,587.0400195690509,125.30829473094911,8.583492806,73.63207688245865,31.49822944,34.71880413220221
0.01974041318,0.0018,715.7363511,637.3292306321214,78.4071204678786,6.869392831,78.22490038939218,32.58364074,36.86130393816643
0.01979201098,0.0018,719.4962168,693.3299427437664,26.166274056233533,5.408731046,81.50807686738334,33.36999858,38.55688633120882
0.01983500915,0.0018,724.0275391,751.7485754171848,27.721036317184826,4.155808552,83.47215867614894,33.96760931,39.53152846203459
0.01987084096,0.0018,729.9298203,809.7915673079177,79.86174700791776,3.098033975,84.26727374838909,34.4119847,39.415851566334915
0.0199007008,0.0018,738.2652838,865.3712496038636,127.10596580386357,2.219191725,84.17873943231855,34.67175723,37.82256546668176
0.019925584,0.0018,751.7071759,917.1642885814564,165.45711268145635,1.49669615,83.4557415789632,34.61264338,34.438326348547456
0.01994632,0.0018,778.5035674,964.4810429867206,185.97747558672063,0.910091269,82.28181153398626,33.68390122,29.287680026592525
0.0199636,0.0018,834.3465599,1007.0423774257756,172.69581752577562,0.4783307504,80.879798376015,30.18922076,23.09413226110191
0.019978,0.0018,921.0644718,1044.8445452749709,123.78007347497089,0.2104070109,79.51692940875425,22.50393435,17.040604202110593
0.01999,0.0018,1015.930182,1078.0409671932157,62.11078519321575,0.07955054984,78.38155351082574,11.66875265,11.983210204437093
0.02,0.0018,1100.0,1106.9037148762975,6.903714876297499,0.0,77.52688567885772,0.0,8.12938490891263
0.01902508981,0.001827665207,702.786126,558.3899941994724,144.39613180052754,22.31229871,40.58148226251191,18.84115254,15.839097901505006
0.01874717193,0.001834286917,702.3693777,606.212638252926,96.15673944707396,25.96431382,42.45190678788221,14.76641644,11.416635254890778
0.0,0.00186758702,699.9784238,689.6141989086329,10.36422489136703,6.458661292,8.998527539138507,-1.181152207,-1.3710883955972744
0.0009271892126,0.001873189855,699.9796123,691.6264699027498,8.353142397250167,4.928571178,6.338208092514807,-3.867082595,-4.516695004188843
0.001728981024,0.001902174464,700.0224907,695.7463479513882,4.276142748611846,3.817597572,5.957831239496077,-3.695018789,-4.251947077669706
0.000604036257,0.001913758678,699.9798557,689.432738231958,10.547117468042075,5.656974897,7.288275572103747,-2.703091297,-3.4209228232257387
0.00307003125,0.001917906048,700.1748118,702.9290431065743,2.7542313065742974,9.964914541,9.367089635535624,-2.455158081,-1.5605998549695546
0.01804999284,0.001925242153,701.760025,676.1654188811493,25.59460611885072,30.85018793,42.044918965704284,8.243118841,7.704447812583013
0.0003109323148,0.001939679505,699.9798324,688.632511920682,11.347320479318,6.097310644,7.902552674455752,-1.623781991,-2.3722490090363344
0.01760014826,0.001948796504,701.5119668,694.2999603115577,7.2120064884422845,32.61966486,41.034372010753536,5.75660585,6.292438276553029
0.003573935937,0.001973801607,700.1815647,703.225384332633,3.043819632633017,10.29178873,8.503598915397186,-2.038049404,-1.5752043646153453
0.01712240073,0.001989398367,701.2965033,700.7683389971342,0.5281643028658891,33.25531072,40.16454005667042,3.959412931,4.934257126598669
0.004086411569,0.001994425302,700.1982341,700.9088731797931,0.7106390797930544,11.55140956,8.7177847647273,-1.718753952,-1.9000679127284505
0.006136052474,0.001999051468,700.2783649,697.0043305356756,3.274034364324393,18.18556352,15.793595301918069,-1.032244532,-0.8112449363953536
0.00663869384,0.001999747096,700.3015265,696.6414091823257,3.6601173176743487,19.77650304,16.896102297024406,-0.8612435576,-0.7392256391311864
0.007138753871,0.001999762903,700.3279783,696.1232296540089,4.204748645991117,21.3301797,18.170200930749804,-0.6856155165,-0.6905650252539575
0.007639414213,0.001999936775,700.3573649,697.7974454211692,2.559919478830807,22.8078505,20.395581839838982,-0.515203865,-0.31184367021582116
0.00813942922,0.001999940726,700.3893179,699.1153739838637,1.273943916136318,24.19778761,22.85616803600812,-0.3543489176,-0.12863562782905813
0.008639594306,0.001999984194,700.4232332,700.6570618883314,0.23382868833141401,25.48408453,24.96855905465665,-0.204964099,-0.19322468957540817
0.009139598058,0.001999985182,700.4587241,699.5366185741672,0.9221055258328761,26.6629635,26.455337190951358,-0.06885499858,-0.20284677837407017
0.009639639329,0.001999996048,700.4953518,696.8063083506349,3.6890434493650446,27.73166085,27.795631781870465,0.05119990823,0.07900348790553924
0.01013964027,0.001999996295,700.5327386,695.3043418160155,5.228396783984522,28.69450794,29.379850422687838,0.1545655846,0.36206295109578956
0.01063965058,0.001999999012,700.5705103,694.3989475402332,6.171562759766857,29.55872257,31.136472879870876,0.244361873,0.3421935804485594
0.01113965082,0.001999999074,700.6083863,694.7061706795695,5.902215620430525,30.33339422,32.690543760401724,0.3248566095,0.2939889897371444
0.0116396534,0.001999999753,700.6462483,698.0401407238763,2.6061075761236907,31.02894337,33.223582263022394,0.3983336397,0.4889477193771885
0.01213965346,0.001999999768,700.6841511,701.0413413828735,0.3571902828734892,31.65446018,33.38374093797765,0.4675488815,0.7910042250297424
0.0126396541,0.001999999938,700.7222789,700.9577940618531,0.23551516185307264,32.21591172,34.019120778361206,0.5363932311,0.8240055918099278
0.01313965412,0.001999999942,700.7609259,700.0501565846495,0.7107693153504897,32.71837384,34.5842576561983,0.6087938147,0.6463330822391518
0.01363965428,0.001999999985,700.8005267,700.1706928652761,0.6298338347238541,33.16459903,35.17124697460226,0.6914677452,0.636574186490745
0.01413965428,0.001999999986,700.8417654,697.335751613748,3.5060137862519696,33.55145395,35.37910894421305,0.7951989349,0.7150013447558248
0.01463965432,0.001999999996,700.8858386,694.5927219608802,6.29311663911983,33.87030237,34.77474804622884,0.9357334669,0.7980078582311538
0.01513965432,0.001999999996,700.9348882,696.1450889359439,4.789799264056114,34.10410908,34.94120977583299,1.139087524,0.8952908388813832
0.01563965433,0.001999999999,700.9923816,697.0978529438672,3.8945286561328203,34.22243904,35.93628370345731,1.452214955,1.0848302480605998
0.01613965433,0.001999999999,701.0641978,698.2188570583869,2.845340741613086,34.16134404,37.287737061279614,1.951795217,1.7310827419718056
0.01927964892,0.002,703.772773,531.4323211191838,172.3404518808162,16.41735173,42.43282408168197,24.60637209,24.56876995926525
0.01940804077,0.002,705.0614902,524.7938290151858,180.2676611848142,13.97680568,49.41441505857594,27.42690893,28.5592992315608
0.01951503397,0.002,707.0379068,534.3087973927732,172.72910940722682,11.7508809,58.3568599583195,29.89250025,31.764739021592028
0.01960419498,0.002,709.6481449,560.40465157808,149.24349332192003,9.663158473,66.61262592753043,31.91809131,34.6417038542454
0.01967849581,0.002,712.7138912,600.064739072532,112.64915212746803,7.832611007,73.24586206803052,33.47200165,37.25469599976152
0.01974041318,0.002,716.0721065,649.0512228421138,67.0208836578862,6.265458037,78.28875699700804,34.59867371,39.4498856049293
0.01979201098,0.002,719.8663516,703.5856090715084,16.2807425284916,4.921779041,81.78761872939998,35.4330729,41.04160945747893
0.01983500915,0.002,724.5103339,760.4250995358772,35.91476563587719,3.770347913,83.8092124409917,36.07930368,41.78424759613343
0.01987084096,0.002,730.593801,816.8431425672609,86.2493415672609,2.800997199,84.6034598019641,36.55715303,41.37077874690279
0.0199007008,0.002,739.2317613,870.8024936578471,131.57073235784708,1.994506298,84.52018728702119,36.82590052,39.468185373260646
0.019925584,0.002,753.2677756,921.021568880735,167.75379328073495,1.33309806,83.82698316775512,36.72748052,35.796392757189125
0.01994632,0.002,781.341512,966.8381942674375,185.49668226743756,0.7991397589,82.70142976137748,35.62135737,30.39507785619893
0.0199636,0.002,838.5583714,1007.9991505596433,169.44077915964328,0.4157128441,81.35506119158416,31.6979736,23.986825557988553
0.019978,0.002,925.045843,1044.5174196889818,119.47157668898183,0.1824336208,80.04506013644455,23.41161465,17.746573665106297
0.01999,0.002,1018.055848,1076.5568508145866,58.50100281458663,0.06799252198,78.95276436753703,12.04513487,12.52553943198684
0.02,0.002,1100.0,1104.3953384104032,4.395338410403156,0.0,78.12843172148938,0.0,8.529393719539431
0.01663219977,0.002000536913,701.1572704,700.549865497008,0.6074049029920161,33.82430256,38.84791315829032,2.732828322,3.137747980706952
0.005113787303,0.002001709909,700.2358846,696.2595876638092,3.9762969361908063,14.75626747,12.648662583103997,-1.364440095,-1.5025098588572812
0.005624105747,0.002001677986,700.2554686,696.0271776782571,4.228290921742882,16.42416245,14.226106134342816,-1.206364055,-1.2507909554981733
0.00459905063,0.002002623063,700.2156815,697.3190707861578,2.896610713842165,13.04660211,10.564413176290966,-1.52808861,-1.706324264168928
0.01902862947,0.002026315795,702.6791654,569.0703057154171,133.60885968458285,20.26065364,38.67212526798044,19.906512,17.288118866089395
0.01873841024,0.002029788566,702.1915339,613.9764060996821,88.21512780031787,23.76653714,40.63360047209773,15.3885456,12.227775428262813
0.01842968662,0.002061335044,701.8756879,648.5368138012925,53.33887409870749,26.27468368,41.34590812263447,11.75769645,9.85998399691961
0.001352715234,0.002111621702,699.9882594,692.1013126887149,7.886946711285077,3.533846472,5.135345083026183,-3.459205438,-4.21415893869095
0.002138891534,0.002114556565,700.0139271,696.9721620727406,3.04176502725943,3.359635654,4.754204644091838,-3.451583419,-3.4740480510005276
0.0,0.002117533812,699.9848605,689.2424717965122,10.74238870348779,5.412265606,7.709247429072648,-0.9694417873,-1.2763414921659555
0.001049977805,0.002169907318,699.9870451,690.2595727303055,9.72747236969451,4.068848516,5.856475621733348,-2.901759911,-3.733760599143603
0.01927964892,0.0022,703.8387159,545.9097760452407,157.92893985475928,14.89253517,40.13588823060949,25.77380754,25.995028012663195
0.01940804077,0.0022,705.2620358,539.8142818682632,165.44775393173688,12.68044877,46.89697642014416,28.78339282,30.11704494512992
0.01951503397,0.0022,707.3659739,548.2438509879323,159.12212291206765,10.65832145,56.36706960011316,31.40182354,33.451698163673136
0.01960419498,0.0022,710.0464627,572.5535918373088,137.49287086269123,8.755826293,65.57909850736473,33.52557872,36.459385714413095
0.01967849581,0.0022,713.0948549,610.340868647282,102.75398625271794,7.096810494,72.93793563502341,35.12863568,39.195562956397644
0.01974041318,0.0022,716.4245352,657.4174095897095,59.007125610290586,5.676930241,78.3520652111027,36.29616606,41.42137672371349
0.01979201098,0.0022,720.2778881,709.9699989549337,10.307889145066383,4.449217171,81.97549557309208,37.18394438,42.93926012842064
0.01983500915,0.0022,725.0569348,764.8083867046022,39.75145190460216,3.399629875,84.01755338722229,37.8779437,43.561284552844924
0.01987084096,0.0022,731.3411313,819.2842229905167,87.94309169051667,2.517613271,84.82622558030968,38.38514665,43.050447402500765
0.0199007008,0.0022,740.3128553,871.4159257231113,131.10307042311126,1.781903283,84.79300265129028,38.65686076,41.12974255396348
0.019925584,0.0022,755.0070629,919.9444742408448,164.93741134084473,1.180525447,84.19398338387029,38.50759865,37.55365890309889
0.01994632,0.0022,784.4475384,964.212717914583,179.765179514583,0.6965847993,83.19388020173812,37.19960973,32.33352053484389
0.0199636,0.0022,843.0381912,1003.9734869706988,160.93529577069876,0.3557830201,81.97183036069713,32.83920631,26.066570692166966
0.019978,0.0022,929.1786646,1039.2426508660556,110.06398626605551,0.154270211,80.75493125374146,24.02187395,19.813389807012662
0.01999,0.0022,1020.232311,1070.1871133319346,49.954802331934616,0.05662653022,79.71821065611046,12.26314947,14.436748701377915
0.02,0.0022,1100.0,1097.0794710687119,2.9205289312881177,0.0,78.92196408837717,0.0,10.224852545014311
0.01902088493,0.002225175609,702.5736678,580.8574700858514,121.7161977141485,18.48181199,36.74000300062842,20.60121786,18.298778000759608
0.0003687498569,0.002229366233,699.9863192,688.2534108804848,11.732908319515218,5.030698957,6.749822551172349,-1.308732809,-2.1268114570256884
0.0007191344691,0.002234211342,699.9872613,688.824520416806,11.162740883194033,4.544405449,6.331356644344695,-2.08023204,-2.953560862050773
0.0184311642,0.002237006887,701.7207438,651.0050274162079,50.71571638379214,24.10530162,39.28931093850193,12.14683783,10.413281317128401
0.001722786571,0.002241214845,699.991551,693.0597085640363,6.931842435963631,2.951340594,4.366677850226891,-3.321349048,-3.814289877098836
0.01873097478,0.002244383891,702.017721,621.5087901062172,80.5089308937828,21.4891502,38.351568429760036,15.93309488,13.107697134421738
0.00255534496,0.002337656589,700.0112886,697.5290964851868,2.482192114813188,2.841592023,3.6791728585673704,-3.132168872,-2.983018487519847
0.01808822903,0.002398409176,701.3500827,675.2640814590012,26.086001240998826,24.09230787,36.428477301282705,9.085858833,8.731616456898141
0.01927964892,0.0024,703.951855,560.8555350637582,143.0963199362418,13.45089872,37.657541720212144,26.7455861,27.112331842265043
0.01940804077,0.0024,705.5124708,556.0351815755564,149.47728922444355,11.44121519,43.93356195685215,29.90829534,31.35082003336545
0.01951503397,0.0024,707.7376708,563.8474168913192,143.89025390868085,9.604405656,53.599226844035606,32.64972413,34.852657228665734
0.01960419498,0.0024,710.4656334,586.2746583351844,124.19097506481558,7.879543734,63.87435824230269,34.83936237,37.994009582433
0.01967849581,0.0024,713.4932467,621.8808513121667,91.61239538783332,6.384611485,72.19606332617208,36.47337892,40.855981550228414
0.01974041318,0.0024,716.824442,666.7574082564365,50.06703374356346,5.101794396,78.1084327121904,37.68340606,43.12956300864198
0.01979201098,0.0024,720.7579062,717.0441971392489,3.7137090607510572,3.98842551,81.90729346744735,38.62739002,44.602664938466255
0.01983500915,0.0024,725.6810686,769.572266403831,43.891197803831005,3.039112124,84.00137230750138,39.36737583,45.14479704632497
0.01987084096,0.0024,732.1829339,821.7798800270756,89.59694612707563,2.241592239,84.85559587130031,39.90091864,44.5835413863515
0.0199007008,0.0024,741.5210878,871.762297500018,130.24120970001798,1.575233846,84.9019177696176,40.17155584,42.6935989779545
0.019925584,0.0024,756.9434058,918.30228375355,161.35887795354995,1.032917653,84.42273984080838,39.96552213,39.265655188025626
0.01994632,0.0024,787.8355528,960.7599059226379,172.92435312263797,0.5984201044,83.57194547193957,38.44615176,34.29392293548647
0.0199636,0.0024,847.7667053,998.8918959722969,151.12519067229687,0.2991185495,82.49952376190849,33.64656171,28.26058934752833
0.019978,0.0024,933.4223149,1032.7175120253671,99.29519712536717,0.1283310118,81.40102212201406,24.35938251,22.09240529631176
0.01999,0.0024,1022.433971,1062.4017487055373,39.96777770553729,0.04652750369,80.44126404298694,12.33543489,16.63201627179662
0.02,0.0024,1100.0,1088.2097333297277,11.79026667027233,0.0,79.68920827469736,0.0,12.241150146403378
0.001512774868,0.002405060408,699.9908332,690.6696729050371,9.321160294962851,3.252445776,4.824343481286181,-2.739458938,-3.473286051000878
0.01901958272,0.002423294845,702.5127321,591.0833185393817,111.42941356061829,16.74745691,34.56698326028003,21.26914205,19.360755923051
0.0,0.002425708736,699.9894663,689.309934886065,10.679531413935024,4.523089091,6.607698387205901,-0.7599419584,-1.0639773880165437
0.003027113968,0.002447528555,700.0162851,698.48317300458,1.5331120954200514,2.668092259,3.5593454033368914,-2.855389821,-2.813863313852488
0.01871911092,0.00244760383,701.8702881,628.4267994256143,73.44348867438578,19.51831384,35.81985767639639,16.2457115,13.857562504733156
0.01759373823,0.002458099761,701.0595143,691.6673963967658,9.392117903234293,24.88720711,33.86477923974491,5.85453201,6.552436206935355
0.003547367337,0.002489682287,700.0237975,700.2061545388084,0.18235703880839083,2.845704938,3.6911819825129584,-2.538469147,-2.611262518578893
0.01711952381,0.002496097341,700.8714168,696.0620427556667,4.809374044333367,24.96571431,30.709906020647555,3.758889278,4.35551959790737
0.001188880014,0.002496629967,699.991094,689.212904492672,10.778189507327966,3.522167557,5.458112849556804,-2.238053007,-3.1089205994310416
0.00663869384,0.002499747096,700.0808299,694.1054461117184,5.975383788281647,7.107871235,7.01246139769333,-1.73985404,-1.9076776154276525
0.007138723856,0.002499755,700.0934072,694.502970040184,5.59043715981602,8.129670119,7.924689724318457,-1.633767206,-1.7709530440619767
0.007639414213,0.002499936775,700.1081025,695.5251062452527,4.582996254747286,9.234735392,9.030528730692934,-1.518477282,-1.336869005651626
0.008139421716,0.002499938751,700.1251986,696.0182526002618,4.106945999738173,10.40950908,10.302850291741988,-1.391362823,-1.0348257393813052
0.008639594306,0.002499984194,700.1446543,696.5934905817518,3.5511637182481763,11.62648803,11.739273407746932,-1.257788122,-1.0315350173750968
0.009139596182,0.002499984688,700.1665415,695.7514786780432,4.415062821956781,12.86250703,13.321791334479522,-1.119263588,-0.9805751641166864
0.009639639329,0.002499996048,700.1907643,693.5345274861565,6.656236813843407,14.09393994,14.695711472446275,-0.9766677698,-0.6844396044073546
0.0101396398,0.002499996172,700.217064,692.0583577678818,8.15870623211822,15.30274788,16.05020876139583,-0.8342212795,-0.4023701527996604
0.01063965058,0.002499999012,700.245083,692.2038794941265,8.041203505873568,16.47460393,17.720275284198795,-0.6973503063,-0.2238047204493716
0.0111396507,0.002499999043,700.2745128,692.9112038571783,7.363308942821732,17.59481025,19.327172426709943,-0.5655891463,-0.1005328324751904
0.0116396534,0.002499999753,700.3051591,694.0816777221908,6.2234813778092075,18.65386225,20.535380537607875,-0.4396264158,-0.06519397920959413
0.01213965343,0.002499999761,700.3367043,696.133753609613,4.202950690386956,19.64428242,21.16497795010318,-0.3185815526,-0.045273122075900396
0.0126396541,0.002499999938,700.3690061,697.4471003140853,2.921905785914646,20.5638858,21.73403688287047,-0.2016437709,0.037543626920751194
0.01313965411,0.00249999994,700.4022674,698.7805642398146,1.6217031601854615,21.41574576,22.661314793723363,-0.08762501191,0.15915912107329966
0.01363965428,0.002499999985,700.4366805,700.1976828738663,0.23899762613370967,22.20057902,23.772172642070476,0.03130169854,0.45150527537896945
0.01413965428,0.002499999985,700.4726951,698.0913763988922,2.38131870110783,22.91905712,24.019275986053753,0.1652779185,0.4962455610726737
0.01463965432,0.002499999996,700.5113374,695.6961384217033,4.815198978296735,23.57084788,23.96005642745271,0.3338536134,0.3172358738963341
0.01513965432,0.002499999996,700.5544498,695.5254403390815,5.029009460918587,24.14795229,24.578526310650457,0.5694303845,0.400223263819548
0.006130333947,0.00250205722,700.0693241,693.3793170388795,6.690007061120468,6.135835156,5.879126356666557,-1.846229009,-2.08543397441924
0.005618711144,0.002502602322,700.0593452,693.1747561603344,6.884589039665684,5.285578566,4.709215550281808,-1.944456611,-2.553371113200119
0.01564381081,0.002503264947,700.6035552,695.1574121229213,5.446143077078659,24.57910266,25.591443852784685,0.9249704284,0.5311769355739786
0.01614254799,0.002505925088,700.6652946,694.5897389802668,6.075555619733223,24.88059472,26.849375290169462,1.486944939,0.9074387076016635
0.01663335724,0.002507409231,700.7478149,695.3790117867303,5.368803113269678,25.00345513,28.15924445319637,2.371996992,2.024526293960368
0.004068144701,0.002509317847,700.0316733,699.3615534079273,0.6701198920726483,3.257652017,3.1152021846741356,-2.282309132,-2.55023926378071
0.00510154185,0.00251064196,700.0490273,694.2850931361804,5.763934163819613,4.471805057,3.6233686115161703,-2.038915915,-2.7620634953434986
0.004586026289,0.002513538589,700.0400715,695.800709790087,4.2393617099129415,3.81014817,2.9403201849277876,-2.138948767,-2.6204168158719794
0.01839406297,0.002514319111,701.4752163,657.5945509104562,43.88066538954388,21.13107861,35.1830825562943,12.1232428,10.893410455903673
0.002049654077,0.002538273992,699.993697,692.3542455808872,7.639451419112788,2.598863314,3.6997966199791277,-2.775453592,-3.0884392751161394
0.0008117368168,0.002560853594,699.9912213,688.7005000148229,11.290721285177142,3.822046909,5.7805335315803275,-1.630871149,-2.5173864722900317
0.0004109129723,0.002562515576,699.9905686,688.421961217065,11.568607382934943,4.199485365,5.957685464003096,-1.013420475,-1.776284101974583
0.01927964892,0.0026,704.1050382,575.9988628542632,128.1061753457368,12.11145054,34.983245180487614,27.54681075,27.993445092824963
0.01940804077,0.0026,705.8055976,573.2916766964462,132.51392090355387,10.28085394,40.61131764674205,30.83407752,32.31292299817383
0.01951503397,0.0026,708.1419673,581.6033584222735,126.53860887772657,8.611508694,49.93197359218004,33.66229868,36.03378959105675
0.01960419498,0.0026,710.8950409,602.8441610888833,108.05087981111672,7.052963362,61.04770895818753,35.88424585,39.333490840504076
0.01967849581,0.0026,713.9110529,636.4219272487464,77.48912565125352,5.707759316,70.56451624196684,37.53840859,42.306199943383675
0.01974041318,0.0026,717.2874116,679.021205201204,38.266206398796044,4.546687128,77.20415956246795,38.79152051,44.63515144038181
0.01979201098,0.0026,721.3269986,726.8667824096135,5.539783809613482,3.541772566,81.311092526225,39.78514385,46.08665258257123
0.01983500915,0.0026,726.4044781,776.8268394598779,50.42236135987787,2.687436572,83.53616105925778,40.56275586,46.56738926188677
0.01987084096,0.0026,733.1423668,826.4442594249634,93.30189262496344,1.968879731,84.49190684138284,41.1167085,45.95383510000685
0.0199007008,0.0026,742.8828179,873.923311839442,131.04049393944206,1.369600557,84.6602705940859,41.38128204,44.0627982360119
0.019925584,0.0026,759.1105362,918.117243500139,159.00670730013906,0.885587489,84.32998497713153,41.11190752,40.71916871631451
0.01994632,0.0026,791.5333656,958.4228241354881,166.88945853548807,0.5039054933,83.64699208406428,39.36961426,35.92046636330966
0.0199636,0.0026,852.7447187,994.6127028950575,141.8679841950575,0.2475286423,82.74174709772197,34.13783033,30.082960891091545
0.019978,0.0026,937.7622747,1026.7119845436898,88.94970984368979,0.1049845852,81.78584165672365,24.45146982,24.030589071481934
0.01999,0.0026,1024.651589,1054.884112555155,30.232523555155012,0.0374747158,80.93221507827693,12.28150499,18.56266389639111
0.02,0.0026,1100.0,1079.3852653045328,20.614734695467178,0.0,80.25315812352017,0.0,14.07460305289586
0.01900473405,0.002621831461,702.4343807,602.2390455735693,100.19533512643068,15.27545281,32.10246459664547,21.54213291,20.01193935132287
0.01872212376,0.002659359013,701.7626176,633.4208101132065,68.34180748679353,17.45903346,32.48033549952295,16.68577737,14.756879905863851
0.01838714034,0.002725398829,701.3348012,660.3817286764024,40.9530725235976,18.8888523,30.668248938105666,12.23943763,11.128268270467448
0.001746236542,0.002774183362,699.9935932,689.2769073247133,10.716685875286657,2.805562372,4.474697490525899,-2.176216296,-2.800754854399059
0.01927964892,0.0028,704.2904717,590.6909253375713,113.59954636242867,10.87800229,31.990994936345903,28.19656367,28.71061066006262
0.01940804077,0.0028,706.1377032,590.4352481032347,115.70245509676533,9.205948506,37.049949465466845,31.58735082,33.025819600162485
0.01951503397,0.0028,708.5762813,600.1283600830548,108.44792121694525,7.687142353,45.608550137965764,34.46665721,36.95189073349155
0.01960419498,0.0028,711.3463082,621.2676936811189,90.07861451888107,6.282331842,56.87149792681375,36.69277835,40.44568721064881
0.01967849581,0.0028,714.361084,653.5088220238802,60.85226197611985,5.074439465,67.48055932935972,38.35757182,43.492539796119786
0.01974041318,0.0028,717.8033743,694.1222223946883,23.681151905311708,4.026304929,75.06859024043543,39.6489053,45.84759052862715
0.01979201098,0.0028,721.9678284,739.6022959766633,17.63446757666327,3.1222789,79.69313032962756,40.68310507,47.288294219084094
0.01983500915,0.0028,727.2186914,786.9345022215049,59.715810821504874,2.355950953,82.19770601622629,41.48893793,47.72478194089102
0.01987084096,0.0028,734.2181645,833.7993827915271,99.5812182915272,1.710824734,83.36192463669464,42.05439444,47.048932072476056
0.0199007008,0.0028,744.4041528,878.5373981841877,134.13324538418772,1.175593629,83.73296491647244,42.30162197,45.099747841712485
0.019925584,0.0028,761.5242295,920.1056745131934,158.5814450131934,0.7452481254,83.60961802433998,41.94659878,41.727659534383406
0.01994632,0.0028,795.5632675,957.9641371725252,162.40086967252512,0.4137427223,83.13294604567201,39.96457068,36.95013136669699
0.0199636,0.0028,857.9945225,991.9195009503562,133.9249784503562,0.1988293477,82.42477564245988,34.32466687,31.17635733846501
0.019978,0.0028,942.2200496,1022.0140287160175,79.79397911601745,0.08274737112,81.6450919474053,24.32360209,25.18958812886383
0.01999,0.0028,1026.899246,1048.414958294619,21.515712294619107,0.0292062863,80.93790726419333,12.1212613,19.751344177697575
0.02,0.0028,1100.0,1071.373790747639,28.626209252360923,0.0,80.37407542410294,0.0,15.250680913358703
0.0,0.002805570104,699.9926822,689.6332899845587,10.35939221544129,3.780087268,5.782990889890581,-0.5705504159,-0.7324529595976221
0.01901907761,0.002822877374,702.4791483,609.7844592394238,92.69468906057625,13.59730783,28.812020169075673,22.26432121,21.328160485852518
0.0179961146,0.002839018716,700.9865116,677.734514411493,23.251997188506948,19.09419516,26.016462715106346,8.351348009,8.217915186864182
0.01875977762,0.00284557096,701.7517845,634.6124989363415,67.13928556365852,15.50357402,28.336167309844452,17.54248869,15.947921210335256
0.001344748231,0.002861507906,699.9937528,688.5211154926548,11.47263730734528,3.030427965,5.207136042474313,-1.750409452,-2.583705479981531
0.01845144167,0.002928293671,701.2883806,658.7882204327185,42.50016016728148,16.56415687,25.392161812189354,13.13127595,11.767358258590441
0.0004442287435,0.002928546721,699.9932973,688.7687744751025,11.224522824897463,3.563269068,5.484873065054053,-0.7721936275,-1.431162828002071
0.002448084236,0.00294884814,699.9958144,691.1251382489376,8.870676151062412,2.240629672,3.041141292549585,-2.203913677,-2.423984101676628
0.01758224692,0.002951533728,700.7337753,686.3014915501385,14.43228374986154,18.43055885,22.323414142683273,5.434141915,5.967337890602196
0.0008967240645,0.002952303897,699.9938698,688.8110612082783,11.18280859172171,3.255601161,5.477549581954287,-1.22748965,-2.0750160516441096
0.002995770449,0.002998892715,699.9973735,693.8736327222891,6.12374077771085,1.94589607,2.5860787952935285,-2.19962825,-2.4907385379393556
0.007138708848,0.002999751048,700.016312,694.9480784753946,5.068233524605375,2.895587049,2.8116767832170213,-2.058854694,-2.1624621712950027
0.007639414213,0.002999936775,700.021088,695.3100930026382,4.710994997361809,3.277486557,3.830772429577591,-2.048643327,-1.8701366115839182
0.008139417965,0.002999937763,700.0270531,695.6425879537313,4.384465146268667,3.742309365,4.971160227788594,-2.016462883,-1.574512974654274
0.008639594306,0.002999984194,700.0343539,696.0840213568263,3.950332543173772,4.294355758,6.034044055564634,-1.966358198,-1.4021509284015172
0.009139595244,0.002999984441,700.0431891,694.6651487301739,5.378040369826067,4.934597963,6.895924303590139,-1.896907723,-1.4199696658450582
0.009639639329,0.002999996048,700.0537408,693.2990390646115,6.754701735388494,5.659238155,7.454126432975407,-1.805633571,-1.4384724380373184
0.01013963956,0.00299999611,700.066131,693.0052989976477,7.060832002352299,6.459282425,7.981514399820524,-1.699396857,-1.3888453492570587
0.01063965058,0.002999999012,700.0804222,692.5104821734952,7.56994002650481,7.324863774,8.585149891184908,-1.585678706,-1.2453333879331163
0.01113965064,0.002999999028,700.096683,691.2187799763537,8.87790302364624,8.242123826,9.116834764227898,-1.463844268,-1.0225366505838691
0.0116396534,0.002999999753,700.1149602,690.29830375059,9.816656449410061,9.194628123,9.838673355329542,-1.338661516,-0.8573797703509642
0.0126396541,0.002999999938,700.1571359,694.3430584154603,5.814077484539666,11.14219214,11.31946775472188,-1.062531578,-0.8013727703767284
0.01313965411,0.002999999939,700.1808902,696.5626346302868,3.6182555697132557,12.10671001,12.213390844442662,-0.9181906921,-0.6051165812778212
0.01363965428,0.002999999985,700.2064998,698.8963277514598,1.310172048540153,13.05172211,13.55549027479868,-0.7654904265,-0.17186515290569648
0.01413965428,0.002999999985,700.2342448,698.4619341826125,1.772310617387575,13.96577418,14.626572238632374,-0.5976334416,-0.0083220062627829
0.01463965432,0.002999999996,700.2648008,696.4734077141784,3.7913930858215963,14.83886576,15.81555186783708,-0.3987438325,-0.09394109116548144
0.01927964892,0.003,704.5152332,605.0001878847218,99.51504531527826,9.7286048,28.003847777678494,28.69655747,29.309118999555636
0.01940804077,0.003,706.5083021,607.0104304520214,99.49787164797863,8.207076492,32.7212954477306,32.17925729,33.49363758450326
0.01951503397,0.003,709.0298223,618.0856886011817,90.94413369881829,6.831398406,40.388239492340084,35.07818995,37.50167520428111
0.01960419498,0.003,711.8152541,639.4546162510987,72.3606378489012,5.570659068,50.92220222008528,37.28752314,41.16891347286438
0.01967849581,0.003,714.8562541,670.7351532448071,44.121100855192935,4.486344826,61.93434327325926,38.95821109,44.25841746372114
0.01974041318,0.003,718.3842405,709.5948831768361,8.789357323163927,3.543860399,70.50451921406989,40.28081709,46.574709169219304
0.01979201098,0.003,722.6831405,752.8683744075367,30.185233907536713,2.734196067,75.93305279719374,41.34473653,47.981708334595226
0.01983500915,0.003,728.1228999,797.6950439840278,69.57214408402785,2.049654289,78.98029511064004,42.16823335,48.37743641163326
0.01987084096,0.003,735.4090763,841.8691089938395,106.46003269383948,1.473445811,80.55424005004731,42.73423509,47.620479145572205
0.0199007008,0.003,746.0864174,883.8504088185781,137.76399141857814,0.999065069,81.28434619410802,42.95121664,45.53035727780784
0.019925584,0.003,764.1882472,922.7002233230481,158.51197612304816,0.618014767,81.49020895695793,42.48928186,41.956709673274176
0.01994632,0.003,799.9220924,957.96031895734,158.03822655733995,0.3301752958,81.31277935692948,40.24316685,36.94851910414947
0.0199636,0.003,863.5082674,989.4954593123641,125.9871919123641,0.1525484447,80.87685509939482,34.21444681,30.983989114615284
0.019978,0.003,946.7968857,1017.3832257479141,70.58634004791418,0.06163539069,80.34610735452098,23.98445734,24.90403819077125
0.01999,0.003,1029.182362,1041.8066778182738,12.624315818273772,0.02151735046,79.8618411668377,11.85963143,19.46746828593627
0.02,0.003,1100.0,1063.0199654717055,36.98003452829448,0.0,79.48958609128508,0.0,15.020061172152051
0.01514465509,0.00300237154,700.2989274,695.6713916145344,4.627535785465625,15.63290297,16.892888294488678,-0.1395840977,-0.009250234061584095
0.01214007141,0.003004394821,700.1339491,691.7995543698623,8.33439473013766,10.09778124,10.642944516866937,-1.21199116,-0.843116542558298
0.006629156441,0.00300478335,700.0122776,693.6949163877784,6.317361212221499,2.571982673,2.1599006707181596,-2.049037757,-2.29883222142532
0.0156439342,0.003007593804,700.3379811,694.4346001245246,5.903380975475329,16.31564132,17.467327037115986,0.2310599808,0.1231156384643981
0.006120862277,0.003008051579,700.0091834,693.0477527777377,6.961430622262242,2.327714003,1.8655244168681466,-2.033645265,-2.3996854221511263
0.005609615498,0.003010979665,700.0066104,693.5918961693137,6.414714230686286,2.13507153,1.6186223818989844,-2.022543184,-2.727260101537115
0.01614439559,0.003012370551,700.3883646,692.2073158877931,8.181048712206916,16.92355032,18.14054603046336,0.8147384347,0.44619775414588947
0.01663557226,0.003014263398,700.457986,690.7736238134532,9.684362186546764,17.43576861,18.55531895813549,1.743908384,1.252130437172828
0.01712926642,0.003015830726,700.5604641,689.8894206319486,10.67104346805138,17.70255473,19.491509999130656,3.24441864,3.092032393855395
0.005091595939,0.003023139229,700.0042054,693.9709972095108,6.03320819048929,1.972962912,1.4256295125722682,-2.0205165,-2.8265848891362113
0.003524783329,0.003023597552,699.9988425,695.8197770021678,4.179065497832198,1.818638535,2.7757049449013955,-2.169280634,-2.8136264760147593
0.01903222021,0.003024689696,702.5670676,617.960522734643,84.60654486535702,12.05264704,24.311090756241384,22.82785877,22.539599265218012
0.004054526392,0.003029137766,700.0005136,695.7260398193721,4.274473780627886,1.802463821,2.406177953574545,-2.096924147,-2.8334237655809416
0.004573850696,0.003031019169,700.0022244,693.8698145071039,6.132409892896135,1.860627737,1.6997637979683315,-2.042983832,-2.662563653690429
0.01879587698,0.003055439955,701.7728865,637.2414116828626,64.53147481713745,13.56762973,23.138805891828085,18.29498575,17.19168467694457
0.01852402939,0.003101967444,701.2971593,657.0803805080839,44.21677879191611,14.69304344,21.901782825150885,14.08592359,12.682677659713779
0.01806055201,0.003155857785,700.8574461,675.6487427750617,25.208703324938256,15.60699789,20.31198306545938,8.732694538,8.479223816087604
0.01927964892,0.0032,704.7906626,617.3617788659192,87.42888373408084,8.65929701,24.615907312064902,29.07076921,29.876929624777063
0.01940804077,0.0032,706.9177803,621.5726497551891,85.3451305448109,7.280192921,28.786079073015173,32.6177801,33.700486750431274
0.01951503397,0.0032,709.5008505,633.9824218392545,75.51842866074549,6.043004501,35.03581807077773,35.509355,37.423262756440735
0.01960419498,0.0032,712.3043139,655.3557404366344,56.94857346336562,4.915597206,43.250079674629895,37.69239466,40.959163411184804
0.01967849581,0.0032,715.4028649,685.104003812691,30.298861087309092,3.941886666,52.28238128241603,39.36833832,43.98526252948386
0.01974041318,0.0032,719.0371204,721.3258720563587,2.288751656358613,3.097612745,60.345924909906,40.71217133,46.21633968675868
0.01979201098,0.0032,723.4797879,761.4261281701255,37.94634027012546,2.375140933,66.29383574945115,41.79245061,47.543596581901014
0.01983500915,0.0032,729.1229056,802.8312951191899,73.70838951918995,1.765122802,70.14230876415266,42.62245415,47.860412056658745
0.01987084096,0.0032,736.719861,843.438777256461,106.71891625646094,1.252993455,72.51065378171548,43.17935937,46.95572682155368
0.0199007008,0.0032,747.9329984,881.7903385431118,133.85734014311186,0.83591546,73.98103564589488,43.35674965,44.56421777246077
0.019925584,0.0032,767.0943324,917.0479046098436,149.95357220984363,0.5045237536,74.86167928237408,42.77981866,40.47533754268151
0.01994632,0.0032,804.5451653,948.8491506994288,144.30398539942883,0.2594110299,75.28250536385,40.25241026,34.78725762251821
0.0199636,0.0032,869.154029,977.1367319925555,107.98270299255546,0.1147886675,75.37628065597772,33.85129653,28.196304791573347
0.019978,0.0032,951.3661566,1002.0376757356648,50.67151913566488,0.0448875696,75.32514816639205,23.47041809,21.770158732753437
0.01999,0.0032,1031.435976,1023.7659928898856,7.6699831101143445,0.01548668145,75.27386295962327,11.5167105,16.29522698237626
0.02,0.0032,1100.0,1042.5846152984063,57.415384701593666,0.0,75.279228886103,0.0,11.994510752694442
0.00193748712,0.00320298725,699.9953422,688.444345503588,11.550996696411971,2.496950877,4.298892245990671,-1.709005032,-2.2392270515685695
0.01903625477,0.003233152867,702.6683839,625.6835311342974,76.98485276570261,10.67783355,21.109263945023827,23.11990324,23.59476037670173
0.0,0.003251815876,699.9948602,689.1227468866123,10.872113313387672,3.178101234,5.160335167537233,-0.418632341,-0.492692160480118
0.01880512732,0.003267567447,701.7826147,641.761510274441,60.021104425558974,11.97458424,19.97265936794019,18.52340799,18.029397761501286
0.001441206379,0.00330533733,699.9954817,688.491452733435,11.504028966564988,2.669784068,5.088363724145412,-1.332462923,-2.0480768508843017
0.0185388241,0.003315121646,701.2617012,659.4821094510876,41.77959174891237,12.91062789,19.05013651483454,14.24044578,13.116832308162707
0.0182407758,0.003331074165,700.9233939,671.3383119248386,29.5850819751613,13.64594762,18.401178728533313,10.43154629,9.866922904252327
0.0004695621863,0.003346097461,699.9951648,688.6001525469877,11.395012253012283,3.045167333,5.143078125844325,-0.5822734769,-1.1896882644065903
0.0009560846222,0.003356911155,699.9954512,688.8732503881066,11.122200811893435,2.84543768,5.297294714038064,-0.9518418983,-1.7201667738150697
0.01927964892,0.0034,705.1135036,625.1123500064416,80.00115359355834,7.682720446,23.620323170215144,29.3425207,30.7410552768892
0.01940804077,0.0034,707.3662706,630.5203029477955,76.84596765220454,6.431626579,27.730761687493867,32.91993276,34.266723360209404
0.01951503397,0.0034,709.9992412,643.665129182695,66.33411201730507,5.321523188,33.164800030900295,35.77947443,37.58718690308347
0.01960419498,0.0034,712.8238452,664.7026834822295,48.12116171777052,4.316254403,39.46686548895293,37.92943391,40.66574045379083
0.01967849581,0.0034,715.9942406,692.6199694939298,23.374271106070182,3.444707928,45.71555629150405,39.60719585,43.29132766493822
0.01974041318,0.0034,719.7491975,725.5685057232001,5.819308223200096,2.691141162,51.02681696136966,40.96390997,45.264798806887526
0.01979201098,0.0034,724.3498443,761.3040884672696,36.95424416726962,2.048706849,54.99781080707673,42.05057736,46.46241567120146
0.01983500915,0.0034,730.2134262,797.5985505271452,67.38512432714526,1.506537199,57.76561885470358,42.87700854,46.70924482938908
0.01987084096,0.0034,738.1461005,832.6173588255796,94.47125832557958,1.054503705,59.746211473471824,43.4133511,45.711489679268915
0.0199007008,0.0034,749.9393063,865.1651614392443,115.22585513924435,0.688957025,61.28491345202838,43.53472341,43.1187008310408
0.019925584,0.0034,770.2335171,894.6656942413183,124.43217714131833,0.4028348173,62.501028147998,42.8297493,38.66410767478884
0.01994632,0.0034,809.3968218,920.965966122101,111.56914432210101,0.1973991561,63.38416385123818,40.0190786,32.51212568534088
0.0199636,0.0034,874.8678442,944.1364947432935,69.26865054329346,0.08211578706,63.96918172964183,33.28340246,25.560405572708692
0.019978,0.0034,955.8739336,964.3741568253809,8.500223225380864,0.03086406896,64.3825038440743,22.83048429,19.003992818968012
0.01999,0.0034,1033.635746,981.9277329515214,51.708013048478506,0.01059465974,64.74369386554065,11.12221341,13.577120026097685
0.02,0.0034,1100.0,997.062875443223,102.93712455677701,0.0,65.10054533066828,0.0,9.394175456593352
0.0190278511,0.003441419767,702.7564223,631.8760557046681,70.8803665953319,9.51908305,19.50195030110416,23.06793076,24.48130471606224
0.01764164235,0.003472273962,700.5256491,683.9114320272944,16.614217072705628,12.81318557,14.785328692178952,5.089889105,5.551043168785978
0.01877948904,0.003482059968,701.7413179,648.178665216924,53.56265268307607,10.69150295,17.676188610107218,18.05973093,18.285031108874037
0.01163959784,0.003499259031,700.0291075,690.1843538911577,9.844753608842325,3.847099714,5.281884161922917,-1.824699527,-1.4211185500144135
0.007138701344,0.003499749072,699.9995095,694.0142862241726,5.9852232758274795,1.724333827,0.7651207538748227,-1.925899375,-1.9555894686874655
0.007639414213,0.003499936775,700.0003246,694.1313622472877,5.868962352712288,1.791809427,1.8228607892556725,-1.948260902,-1.77771983942566
0.008139416088,0.003499937269,700.0014661,694.4000452770988,5.601420822901218,1.883828999,2.8465934846310708,-1.962743376,-1.6683846078157245
0.008639594306,0.003499984194,700.0030371,694.3669938519023,5.636043248097735,2.006754859,3.683330930962404,-1.967654858,-1.5835378202099681
0.009139594775,0.003499984317,700.0051478,692.5364221729094,7.468725627090635,2.169388967,4.325819062051326,-1.963147423,-1.6415763298357788
0.009639639329,0.003499996048,700.0079191,692.0197460668219,7.9881730331781,2.382218065,4.537762745465588,-1.957552778,-1.7851088857543065
0.01013963945,0.003499996079,700.0115211,693.0208820883722,6.9906390116277635,2.652364906,4.591304001530509,-1.945511082,-1.8645437081115874
0.01063965058,0.003499999012,700.0161282,693.0984634481658,6.917664751834195,2.983286622,4.795750659591456,-1.917870902,-1.8032027081398052
0.01113965061,0.00349999902,700.0219146,691.739154978402,8.282759621597961,3.379127584,4.9988783965254315,-1.876921591,-1.6423780479821275
0.0126396541,0.003499999938,700.0481612,692.7807402170702,7.267420982929821,4.981504337,6.37881003815512,-1.667289786,-1.3070450906074305
0.0131396541,0.003499999939,700.060368,695.0895194841601,4.970848515839975,5.641492284,6.460506789435824,-1.570703028,-1.5186942681162447
0.01363965428,0.003499999985,700.0746721,697.1179701651241,2.956701934875923,6.356493522,7.30232555295107,-1.458388043,-1.2971905770984495
0.01413965428,0.003499999985,700.0914611,697.7201981552043,2.3712629447956033,7.119108327,8.489583643000572,-1.322231967,-0.9265893764967332
0.01213923536,0.003502295159,700.0374915,690.4001785044992,9.637312995500793,4.362165618,5.874537899482723,-1.756243293,-1.2423162798263956
0.01464365566,0.003504542262,700.1105864,696.4934056162107,3.6171807837893084,7.880097098,9.602294922615588,-1.15391068,-0.6312643611885731
0.01852367213,0.003505722517,701.2143052,662.9086712136346,38.305633986365365,11.55419492,16.824741722365076,13.91456164,13.411748373664107
0.00662845542,0.003505927137,699.9988901,692.7919323603318,7.206957739668269,1.673382436,0.5174690163703292,-1.891127513,-2.048566708026933
0.01514606815,0.003511139892,700.1331376,695.6037376142223,4.529399985777786,8.644272464,10.593325315732221,-0.9246898781,-0.46816546937170944
0.01713591715,0.003512156369,700.3522818,687.9657322301275,12.3865495698725,11.94614701,12.569638382527947,2.430120333,2.259741571844443
0.006113926867,0.003517112853,699.9984337,693.1059089677768,6.892524732223137,1.639653561,0.9710668170064325,-1.849461158,-1.9717562254367853
0.0156437536,0.003518851976,700.1609644,694.7034263374052,5.4575380625948355,9.408164953,10.94341557466159,-0.5874145774,-0.367240187564855
0.0161398063,0.003523115339,700.1994271,692.6238593006498,7.57556779935021,10.22591952,11.175823360614343,-0.04463808033,-0.0009653228684838311
0.005601224222,0.003523283035,699.9981178,694.2451689236506,5.752948876349478,1.621124231,1.2596953514189042,-1.811398263,-2.0354405960638595
0.01663855136,0.003526014087,700.2564169,690.4533232871078,9.803093612892212,11.04292977,11.513231151654352,0.8715457861,0.8271639199938035
0.00508636445,0.003536787444,699.9978453,693.3253131578545,6.672532142145542,1.613011171,1.5715091309055156,-1.78043776,-2.09174768870205
0.004568263032,0.003550480632,699.9975782,692.4583396723727,7.539238527627276,1.62717997,2.215691034389076,-1.771096097,-2.324463665428973
0.004048163117,0.00356097374,699.9972753,694.5028984486493,5.494376851350694,1.678908411,2.9346765908423755,-1.781058484,-2.5572061209203625
0.003526740724,0.003563778924,699.9969131,694.9063167468069,5.0905963531931775,1.789127604,2.94156968915334,-1.792851032,-2.2021258894234745
0.00300375112,0.003564654437,699.9965672,691.5241178719424,8.472449328057564,1.959862923,2.585926078110406,-1.745516245,-1.8762267274112325
0.01927964892,0.0036,705.4779175,631.1128660806883,74.36505141931173,6.792516549,23.537120072173636,29.52370814,31.639097284198087
0.01940804077,0.0036,707.8445968,636.9285805399729,70.91601626002705,5.659704838,27.757806512286937,33.09781174,34.95543308190031
0.01951503397,0.0036,710.5208895,650.0892523678909,60.43163713210902,4.666597603,32.803492000701524,35.90504135,38.003945003277856
0.01960419498,0.0036,713.3796064,670.3501578349179,43.02944856508202,3.771766718,38.200045217341376,38.01864916,40.7807230174445
0.01967849581,0.0036,716.6342676,696.5855916490875,20.048675950912525,2.994232658,43.19444549898717,39.69367412,43.13953667659106
0.01974041318,0.0036,720.5180282,727.0474436474841,6.529415447484098,2.324205976,47.18776382019078,41.05481839,44.94811278386719
0.01979201098,0.0036,725.2881099,759.7028841336031,34.41477423360311,1.755479496,50.01407990317912,42.13878442,46.09835619646547
0.01983500915,0.0036,731.3881924,792.5661906407871,61.17799824078713,1.276054191,51.915388007991,42.95157032,46.39057584111868
0.01987084096,0.0036,739.6817232,824.0304315125917,84.34870831259173,0.8791041714,53.299609614128414,43.45544424,45.503295980522985
0.0199007008,0.0036,752.1011033,853.0900081884689,100.98890488846894,0.5583728833,54.457441879666156,43.50948872,43.07203642179586
0.019925584,0.0036,773.6036062,879.3058259221248,105.70221972212482,0.3102901453,55.45783314193922,42.66062324,38.830547304055905
0.01994632,0.0036,814.4774265,902.6003749453004,88.12294844530038,0.1402017869,56.247214378122116,39.56174131,32.93997544576182
0.0199636,0.0036,880.6636554,923.0727856697406,42.40913026974056,0.05204682043,56.8098522475081,32.53402126,26.24591430598408
0.019978,0.0036,960.3466568,940.9194098113426,19.42724698865743,0.01798340641,57.22521868968737,22.08391001,19.861431112009868
0.01999,0.0036,1035.800067,956.3770244392765,79.42304256072339,0.006177183171,57.59105964354884,10.68474487,14.493820736100695
0.02,0.0036,1100.0,969.6925248929529,130.30747510704714,0.0,57.952968129944885,0.0,10.291426043053185
0.002503050091,0.003605641226,699.9964719,689.1294287631863,10.867043136813663,2.121444244,3.300670261886969,-1.568328528,-1.8563043992350687
0.01814308755,0.003635054384,700.7682825,676.0791510818095,24.689131418190527,11.28446082,14.779275538375165,9.02172965,9.579226715195482
0.01903841503,0.003635431212,702.9775907,636.6456030670624,66.33198763293751,8.416814109,18.750533168307634,23.37653881,25.67651495489466
0.002010133158,0.003683391909,699.9965175,688.8483365340235,11.148180965976508,2.263025823,4.2682238589435,-1.318592365,-1.7659470865353226
0.01875429483,0.003698286515,701.7256461,654.4434256458289,47.28222045417101,9.501297827,15.81927261375317,17.52431944,18.54170742535828
0.0,0.003739994224,699.9962649,686.9608018572369,13.035463042763126,2.717334459,4.454754014748054,-0.3073949589,-0.5494832260910583
0.01846642409,0.003756681494,701.1183437,668.6259473126768,32.4923963873232,9.989515692,14.474826892129173,12.82866392,13.367177257854493
0.001495835596,0.003760506594,699.9965459,689.1938134167461,10.802732483253862,2.400643265,4.85699025002381,-1.033868235,-1.590125148392266
0.0004863428971,0.003791050432,699.9963825,687.6011165437892,12.395265956210778,2.648116502,4.705126894788195,-0.4411133116,-1.0774388976628604
0.0009873717571,0.003799891041,699.9965296,688.7840950635331,11.212434536466958,2.521234829,4.975804218493563,-0.7290071355,-1.4007504959697288
0.01927964892,0.0038,705.888405,636.3384992469505,69.54990575304953,5.973629052,23.103750356611197,29.61190964,32.01363940757791
0.01940804077,0.0038,708.3471752,641.8887045677968,66.45847063220322,4.956615481,27.326429061795242,33.15726764,35.25019468794232
0.01951503397,0.0038,711.0635904,654.5608596266177,56.50273077338227,4.073996067,32.12733667242411,35.90222216,38.182920856477374
0.01960419498,0.0038,713.9775409,673.9390653343692,40.03847556563085,3.277666007,37.099509662235356,37.98118518,40.84114167378736
0.01967849581,0.0038,717.3303456,698.8904333817677,18.43991221823228,2.586310367,41.595940859857656,39.64716294,43.11269603567676
0.01974041318,0.0038,721.3477434,727.7346269254342,6.3868835254342,1.992976015,45.1133993801399,41.00214263,44.889118096635634
0.01979201098,0.0038,726.2959335,758.553195677505,32.25726217750491,1.490966868,47.5387807947541,42.07468732,46.07034166365982
0.01983500915,0.0038,732.6467293,789.4980041691351,56.85127486913518,1.069041013,49.118594933176404,42.86656711,46.46452808818891
0.01987084096,0.0038,741.3254755,819.0860337585617,77.76055825856167,0.7211719857,50.236658255890866,43.33348588,45.77233199584324
0.0199007008,0.0038,754.4164354,846.390734871492,91.97429947149203,0.4419260985,51.165348800687646,43.31714127,43.66521076129132
0.019925584,0.0038,777.1914819,871.0079136348089,93.81643173480893,0.2299094246,51.97666230687406,42.308325,39.896455851828115
0.01994632,0.0038,819.7472394,892.8709660573762,73.12372665737621,0.09183410202,52.62439141402016,38.91202555,34.55302058787693
0.0199636,0.0038,886.4908225,912.0761588895499,25.585336389549866,0.02729817675,53.079488619726924,31.63188531,28.3011665830309
0.019978,0.0038,964.7503512,928.807243737116,35.94310746288397,0.00758028338,53.3950023200592,21.2516563,22.12449755884526
0.01999,0.0038,1037.914648,943.2873952776474,94.62725272235252,0.00274363532,53.65749886193227,10.21401628,16.750758820004545
0.02,0.0038,1100.0,955.7532712610898,144.24672873891018,0.0,53.91975591549544,0.0,12.425027513114156
0.0190385398,0.003837518754,703.1771851,642.193135637279,60.98404946272092,7.447583078,17.852722732107352,23.37274931,25.97758144896466
0.01883159141,0.003863214433,702.0242504,653.6957713848838,48.32847901511627,8.310388345,15.338838239028258,18.84756889,20.695132663749902
0.01756713494,0.003976682481,700.3453629,686.8067846022053,13.538578297794743,8.442826879,9.86437149223507,3.46696324,3.4890196832480624
0.01709903794,0.003996991257,700.2028328,689.878514854826,10.324317945174016,7.429652024,8.688671316271927,1.21006651,1.4896787884149028
0.00813941515,0.003999937022,699.9976755,692.6550970736333,7.342578426366686,1.573569797,2.0175543726671687,-1.75851017,-1.6454966580193036
0.008639594306,0.003999984194,699.9978053,692.6434992450085,7.354306054991525,1.597693465,2.402700166813424,-1.787063674,-1.7320645653153877
0.00913959454,0.003999984255,699.9980277,691.1990445766154,8.798983123384573,1.631713435,2.9504134023941946,-1.812894942,-1.799995835554408
0.009639639329,0.003999996048,699.9983728,690.3656475209184,9.63272527908157,1.678323874,3.2579649841336433,-1.839042771,-1.781212094250308
0.01013963939,0.003999996064,699.9988948,691.3053580056774,8.693536794322654,1.74118233,3.2233259503252727,-1.858060246,-1.8350581328355764
0.01063965058,0.003999999012,699.9996633,692.1378005075782,7.861862792421789,1.823335107,3.33910640020299,-1.866909556,-1.8867755729662252
0.0111396506,0.003999999016,700.0007608,691.7848303775545,8.215930422445467,1.926341286,3.577178605311582,-1.870728582,-1.8793173876414708
0.01163646832,0.004000029334,700.0022624,690.7543656906131,9.24789670938685,2.052605885,3.7557882926641613,-1.868435665,-1.7530386888578624
0.0126396541,0.003999999938,700.0071692,691.9682478895119,8.03892131048815,2.415753752,4.660450177034553,-1.84793198,-1.4728389322300037
0.0131396541,0.003999999939,700.0108902,694.5343032685472,5.476586931452744,2.662792192,4.904297868341254,-1.825278593,-1.6993809437088014
0.01363965428,0.003999999985,700.0158,695.631849223523,4.383950776477036,2.96074423,5.13231850612429,-1.783846921,-1.6674607931443344
0.01413965428,0.003999999985,700.0223123,695.740191079402,4.282121220597901,3.319004705,5.636965496064352,-1.719418033,-1.3718371562146903
0.01927964892,0.004,706.3401358,641.5160467657247,64.82408903427529,5.23909218,22.06427390799384,29.62326227,31.898127268634916
0.01940804077,0.004,708.8761884,646.462663857331,62.41352454266905,4.32736032,26.255590057116517,33.11535591,35.170158209214655
0.01951503397,0.004,711.6318895,658.4764392990048,53.15545020099523,3.543572181,30.941092069135326,35.78965226,38.1090009723415
0.01960419498,0.004,714.6160995,677.0672097163507,37.548889783649315,2.834727288,35.73462066314329,37.83371261,40.76254681668066
0.01967849581,0.004,718.0788729,701.0555642344382,17.023308665561785,2.221397899,40.02748679735267,39.48457667,43.0385172480661
0.01974041318,0.004,722.2370818,728.7631109132484,6.526029113248342,1.697231193,43.344372122673185,40.82483399,44.840091193183284
0.01979201098,0.004,727.3726457,758.3200220489159,30.947376348915896,1.254598374,45.584500652468954,41.87904108,46.07660830458358
0.01983500915,0.004,733.9879732,787.9602537990771,53.97228059907707,0.8844248523,46.98903711480681,42.64505769,46.574232551458906
0.01987084096,0.004,743.0750958,816.2797171889998,73.20462138899984,0.5810528868,47.927171829041725,43.07100723,46.06549310767749
0.0199007008,0.004,756.8798633,842.4011772798923,85.52131397989228,0.3406669028,48.6673885447942,42.97655748,44.263754405803624
0.019925584,0.004,780.9744577,865.9370971623827,84.96263946238264,0.1624405645,49.29577810320481,41.7946503,40.94847775868007
0.01994632,0.004,825.1472684,886.8235336640419,61.67626526404183,0.05276495298,49.78385527877602,38.10348732,36.14791306590773
0.0199636,0.004,892.273531,905.1544745380372,12.880943538037172,0.00850805763,50.10294742037647,30.61663608,30.363262149649863
0.019978,0.004,969.0300197,921.108075318524,47.92194438147601,0.0001401651182,50.28959905575851,20.36673674,24.437850121487635
0.01999,0.004,1039.95476,934.8990390181331,105.05572098186701,0.0001762164249,50.420172247328736,9.727814394,19.09608301969785
0.02,0.004,1100.0,946.7579858340484,153.24201416595156,0.0,50.5524878031246,0.0,14.667080118260376
0.007633836726,0.004002857843,699.9976064,692.6748086095267,7.32279779047326,1.557445886,1.454062675393728,-1.725535809,-1.666909152217947
0.01213834141,0.004003956476,700.0042508,690.3037924349187,9.700458365081317,2.207414278,4.056224642008103,-1.859885024,-1.5345212140549105
0.01464406598,0.004006570019,700.0305634,695.0952706707827,4.935292729217281,3.72428372,6.014294947110764,-1.62609805,-0.9801309092906356
0.007128780776,0.004007767026,699.9975799,692.9133277393751,7.084252160624942,1.548303741,0.6218165025842418,-1.689778082,-1.8198504957769348
0.006622102746,0.004012473654,699.9975743,691.7215195970155,8.276054702984538,1.544230573,0.5206760772159137,-1.654862048,-1.8886040787568898
0.01799700139,0.00402167767,700.5825045,682.9195551775681,17.662949322431928,8.57582146,11.208692263436514,6.727748108,7.428608225837318
0.01514821876,0.004025363444,700.0404266,694.5631307931952,5.477295806804818,4.137935733,6.270915348278667,-1.488968452,-0.7951134846653227
0.01661314827,0.004026572332,700.1207023,693.0743371009645,7.046365199035449,6.237685646,7.512263087914306,-0.1651435809,0.13934859212488426
0.00610747083,0.004027554266,699.9975772,691.5732296647616,8.42434753523844,1.544883277,1.181372261547192,-1.618424651,-1.6009917391208575
0.01845650679,0.004028467884,701.127417,672.7673505494215,28.36006645057853,8.384694897,12.750448585655528,12.31535581,13.558424547341808
0.0156449508,0.004033867517,700.0554896,694.6552213706924,5.400268229307585,4.679119606,6.446102782391261,-1.264292284,-0.867896252971609
0.005595383773,0.004039141071,699.997582,693.2977742808314,6.699807719168575,1.551671308,1.684623971768721,-1.583799853,-1.2970375886815315
0.01613521248,0.004040826983,700.0783899,694.369404100238,5.708985799762104,5.328812998,6.783593873712975,-0.8853559237,-0.6424325156235895
0.01902212272,0.004047897396,703.3280171,648.7853557460019,54.54266135399814,6.627543992,16.469806163716623,22.94618844,25.37977920985742
0.005081522271,0.004056294628,699.9975859,693.3896739475693,6.607911952430641,1.566968285,2.348659109058281,-1.546595088,-1.3756633376801117
0.004561947739,0.004078431315,699.9975744,693.7953831748381,6.202191225161869,1.599479159,3.163433047780459,-1.506533252,-1.9807295845060162
0.004046693654,0.004093887024,699.9975304,695.6485539149581,4.348976485041817,1.657375676,3.424954282188585,-1.46286697,-2.290857700193467
0.01876425968,0.004094093571,701.9136805,661.9259580803528,39.9877224196473,7.425113609,13.665168979041617,17.35435125,19.262499112285386
0.003531390723,0.004104214154,699.9974456,693.5561004019528,6.441345198047202,1.747373918,2.8339179584318552,-1.408331164,-1.976232607674108
0.003021371904,0.004120793277,699.9973549,689.8549851037474,10.142369796252638,1.857713168,2.666505217278254,-1.327198291,-1.7898721212733513
0.002515447606,0.004168581495,699.9973257,689.1713098109987,10.826015889001383,1.965904576,3.430667293175416,-1.190737129,-1.609675302823427
0.002015778987,0.004199415688,699.9973007,689.6575356509845,10.339765049015455,2.074482609,4.05571789862774,-1.019706033,-1.3525150133664354
0.01927964892,0.0042,706.8190165,647.7978459798935,59.021170520106466,4.590082772,20.64126213734316,29.572499,31.464378627907806
0.01940804077,0.0042,709.4276277,652.2005821822179,57.22704551778213,3.770358768,24.70333095771272,32.98969726,34.79820217849773
0.01951503397,0.0042,712.2228719,663.5592234896521,48.66364841034783,3.07346123,29.29480777675871,35.58519914,37.808487590240354
0.01960419498,0.0042,715.2871328,681.4819255688185,33.8052072311815,2.443170723,34.00700405821842,37.5926504,40.52996911794595
0.01967849581,0.0042,718.870109,704.7428862302871,14.12722276971283,1.899561803,38.21347738776606,39.22390248,42.87049183501598
0.01974041318,0.0042,723.1786598,731.6131579786029,8.434498178602894,1.436776947,41.42784783307014,40.5434218,44.7336524441975
0.01979201098,0.0042,728.5122013,760.2238676636965,31.71166636369651,1.04681257,43.54956848326946,41.57334911,46.03483658259507
0.01983500915,0.0042,735.4061798,788.8573195929869,53.45113979298685,0.7227329833,44.81923831868429,42.3077174,46.6163573236403
0.01987084096,0.0042,744.9241493,816.1719719292435,71.2478226292435,0.4595083035,45.59936281106288,42.68521733,46.238770142346816
0.0199007008,0.0042,759.4819009,841.3375179846848,81.85561708468481,0.254085157,46.15692283411002,42.50389022,44.65088571064484
0.019925584,0.0042,784.9264152,863.9873613738453,79.06094617384531,0.1059253735,46.5904313834753,41.14088978,41.65862351124914
0.01994632,0.0042,830.6252007,884.063274315151,53.438073615150984,0.02141470583,46.89003125915713,37.16774596,37.264287196668306
0.0199636,0.0042,897.9575313,901.660234911333,3.702703611332936,-0.005392402368,47.03629614129326,29.52527578,31.863166473284203
0.019978,0.0042,973.1538937,916.9543822016519,56.1995114983481,-0.00512916782,47.06084542848029,19.45818305,26.18483368052955
0.01999,0.0042,1041.908202,930.1559566597409,111.75224534025915,-0.001797155445,47.03376242439145,9.240570028,20.924168092215968
0.02,0.0042,1100.0,941.4926193660156,158.50738063398444,0.0,47.0148116103039,0.0,16.4556118008353
0.001509891612,0.004237175838,699.9972931,689.706575852269,10.290717247730981,2.1729513,4.378506490228787,-0.8048265992,-1.167991859011166
0.0,0.004239994224,699.9971623,685.0603091126658,14.936853187334236,2.374072174,3.511315849244684,-0.2307566577,-0.7909533765591279
0.01902217142,0.004241512839,703.6117086,654.4904374202963,49.12127117970374,5.865513199,15.410018329743895,22.87784436,25.06815651502008
0.0004953655471,0.004259933165,699.9972035,686.3287917887125,13.66841171128749,2.33824696,4.000711945942865,-0.337715661,-1.0196754729790083
0.001001171781,0.004260338419,699.9972677,688.2657962159917,11.731471484008239,2.26129034,4.381234574454576,-0.5676999025,-1.1112611061415096
0.01870980698,0.004318999449,701.8586528,668.6936251768338,33.16502762316611,6.560135584,12.324006676854763,16.04303314,18.11777652207839
0.01840034687,0.004373975469,701.0679956,679.9464303321042,21.12156526789579,6.727475328,10.727043092936759,10.8061307,12.243705347174402
0.01927964892,0.0044,707.3187337,655.5838072024134,51.734926497586684,3.996474769,19.143779914849553,29.45092116,30.89213133859576
0.01940804077,0.0044,709.9940873,660.0415972949389,49.95249000506112,3.264858092,22.91869878080688,32.78190345,34.23155661891284
0.01951503397,0.0044,712.8336679,671.0975018658793,41.73616603412074,2.649723475,27.31525294066669,35.2999979,37.31210784529495
0.01960419498,0.0044,715.9877131,688.6535121042003,27.33420099579962,2.092791865,31.92280671408145,37.27183711,40.136935990713624
0.01967849581,0.0044,719.6987232,711.5222466107729,8.17647658922715,1.612919688,36.06294178178748,38.88029625,42.587133750204245
0.01974041318,0.0044,724.1662948,737.8978089222381,13.731514122238195,1.205844411,39.19472346862761,40.17472468,44.543352506061105
0.01979201098,0.0044,729.7081246,765.8642783182922,36.15615371829222,0.8636168041,41.20160426796345,41.17531841,45.91265767917637
0.01983500915,0.0044,736.8947107,793.7234558676433,56.82874516764332,0.5809157801,42.328900038566715,41.87204591,46.54371136228376
0.01987084096,0.0044,746.8657803,820.1951059506277,73.32932565062777,0.353585534,42.93873793007294,42.19457615,46.21641029679726
0.0199007008,0.0044,762.2144065,844.5089036536383,82.2944971536383,0.1794377142,43.29483622182017,41.91791105,44.70569675309067
0.019925584,0.0044,789.0292171,866.3383199868089,77.30910288680889,0.05813138717,43.50208732269847,40.36794294,41.8396970710114
0.01994632,0.0044,836.1505992,885.6441943806464,49.493595180646366,-0.004402181582,43.56667974946939,36.13237118,37.62205649380102
0.0199636,0.0044,903.5241181,902.531002748155,0.9931153518450628,-0.01669814475,43.485045473399964,28.38600276,32.41155051164197
0.019978,0.0044,977.1221218,917.1778671092086,59.944254690791354,-0.009413625758,43.29670353646836,18.54516194,26.88309635202301
0.01999,0.0044,1043.778289,929.7968057938863,113.98148320611381,-0.003320393303,43.07350737333398,8.760776304,21.70163463239886
0.02,0.0044,1100.0,940.6146923757215,159.38530762427854,0.0,42.87646055696436,0.0,17.248468387343156
0.01799034066,0.004405910218,700.5551005,687.4387708068849,13.116329693115063,6.429631645,8.85187045150936,5.778575987,5.85683170918585
0.01903361581,0.004431470671,703.9987413,660.0436973132907,43.955043986709256,5.128745542,14.634069263985689,23.02189649,25.017284924309887
0.0175338695,0.004446643521,700.2567326,689.9113515054185,10.345381094581512,5.502548827,7.598853730745089,2.066204811,2.5130418458591928
0.01706919393,0.004480285446,700.1071724,692.835603196512,7.271569203487957,4.439144228,6.617854079883585,0.0229558811,0.6644092521150062
0.01363684801,0.004491985443,699.9995114,694.2283687768359,5.77114262316411,2.015261785,4.6617413314009575,-1.763482166,-1.5651703839249809
0.01313569179,0.004494390065,699.9986517,693.3659532857315,6.632698414268475,1.921104969,4.31020025923192,-1.771478652,-1.497499488203215
0.01414107567,0.004494718186,700.0007857,694.1201462401813,5.880639459818781,2.126626825,4.813195126918197,-1.742790157,-1.3752602720432314
0.01163449133,0.00449808319,699.9975763,691.2688224591243,8.728753840875697,1.726160461,3.309548683578533,-1.746101471,-1.8104049320747162
0.01213806952,0.004499563508,699.9977638,690.8623257249736,9.1354380750264,1.779462349,3.3562246080930587,-1.758978297,-1.5881230595900977
0.008639594305,0.004499984194,699.9975313,691.8306728236214,8.166858476378593,1.534884767,1.8945198565911052,-1.617744771,-1.8276440787849326
0.009139594423,0.004499984225,699.9974833,691.8058544249178,8.191628875082188,1.555303917,2.267295558904392,-1.644940442,-1.8565044610110388
0.009639639329,0.004499996048,699.9974497,690.8820849885569,9.115364711443021,1.579535488,2.6742104933358277,-1.668676551,-1.5961255306288873
0.01013963936,0.004499996056,699.9974331,690.1400625950098,9.857370504990172,1.606674095,2.7410867361634503,-1.689965604,-1.4906120673569623
0.01063965058,0.004499999012,699.9974371,690.5855289878941,9.411908112105834,1.64003074,2.853743425477287,-1.710656151,-1.6520163182479646
0.01113965059,0.004499999014,699.9974773,691.2479415948304,8.749535705169592,1.680392661,3.129356290873588,-1.729663279,-1.8293034146915055
0.0126396541,0.004499999938,699.9980933,691.3441367536517,8.653956546348354,1.842808294,3.6624086768745423,-1.768346215,-1.4223468704771687
0.008133563655,0.00450440387,699.9975886,691.8268068807464,8.170781719253569,1.51973146,1.9268125991314935,-1.587463927,-1.6382223530033446
0.007628769525,0.004509315739,699.9976467,692.5656792467657,7.431967453234279,1.509948489,1.834203510947632,-1.555100989,-1.6302566580263136
0.01877952664,0.004510677052,702.3051098,670.2002690250553,32.104840774944705,5.656104337,12.020286908073675,17.16696022,19.433243011820743
0.01464978346,0.004511167134,700.0025353,694.3957259211707,5.606809378829325,2.254582031,4.792703257619137,-1.704415567,-1.0204595386157127
0.007120362168,0.004518722794,699.9977095,693.397739927148,6.599969572852046,1.504394606,1.2108744446505135,-1.516695251,-1.8755912370640346
0.006610522701,0.004530864685,699.9977721,692.6825643591217,7.31520774087835,1.502634573,1.0176872079998225,-1.47430138,-1.995388522723211
0.01515557873,0.004540597605,700.0050073,694.7908634651454,5.2141438348545535,2.403618164,4.628324035057571,-1.641191097,-0.9621812490672328
0.006100296319,0.004545907021,699.9978281,692.0989263042242,7.898901795775828,1.506085505,1.624842136266179,-1.430256848,-1.605882955334824
0.01661168522,0.004549796205,700.0412976,695.6127342837523,4.4285633162477325,3.463864123,5.636653120007964,-0.9611469454,-0.6929010406968983
0.005589547484,0.004560163104,699.9978704,693.3464087967525,6.651461603247526,1.516862201,2.2142679879099747,-1.387414102,-1.1129160289206714
0.01565137836,0.004564484078,700.0092654,695.4312258793875,4.578039520612492,2.607076357,4.627581274212382,-1.538947362,-1.2665016890816796
0.0161336882,0.004574520029,700.0177614,696.0664337031295,3.9513276968705213,2.91278355,4.9816005297620976,-1.361874114,-1.2987263454375118
0.005072917838,0.004583156813,699.9979012,694.0923687247092,5.905532475290784,1.536692262,2.9810331976103708,-1.342013553,-1.1410232374019502
0.01927964892,0.0046,707.8602222,664.2351907604958,43.62503143950414,3.44994842,17.888958354648373,29.25363813,30.370864497136715
0.01940804077,0.0046,710.5843355,669.6385857074725,40.94574979252741,2.804395512,21.304311554632562,32.49246481,33.64446356898986
0.01951503397,0.0046,713.4769752,681.1593818410518,32.317593358948216,2.264301057,25.38930877754101,34.94282789,36.735741637065885
0.01960419498,0.0046,716.7278779,698.9528373362002,17.775040563799735,1.775052863,29.787237392048926,36.88053206,39.63431314152399
0.01967849581,0.0046,720.5685864,721.9417859614932,1.3731995614932657,1.354153826,33.793477669451796,38.46241695,42.18700431409488
0.01974041318,0.0046,725.2001851,748.2571278603349,23.05694276033489,0.9983913139,36.79566841387678,39.7285478,44.22742554095547
0.01979201098,0.0046,730.9583937,775.9077354051963,44.949341705196275,0.7003038657,38.645646190933945,40.69645228,45.631141339537535
0.01983500915,0.0046,738.4502699,803.1997290207134,64.74945912071348,0.4555084493,39.59442945784662,41.35139155,46.237075501420954
0.01987084096,0.0046,748.8962987,828.9259083845617,80.0296096845617,0.2607682035,40.00581484072948,41.61390032,45.83439233558303
0.0199007008,0.0046,765.073193,852.4075738156553,87.33438081565532,0.1144692473,40.135534204412245,41.23519371,44.21457451393436
0.019925584,0.0046,793.2725246,873.3887020539066,80.11617745390663,0.01726283511,40.086859073136836,39.49457024,41.2232184767004
0.01994632,0.0046,841.7098625,891.8713215261325,50.16145902613255,-0.02563665177,39.87797320423011,35.01868072,36.89252534355747
0.0199636,0.0046,908.9753144,907.9838913094693,0.9914230905307022,-0.02600066087,39.52551235811726,27.21689816,31.61739058150537
0.019978,0.0046,980.9486061,921.9181096700568,59.03049642994324,-0.01304967681,39.08731816790616,17.63721928,26.087889039647504
0.01999,0.0046,1045.573806,933.8926768145479,111.68112918545216,-0.004521999844,38.64457022896194,8.291531662,20.951032269809787
0.02,0.0046,1100.0,944.1354208702727,155.8645791297273,0.0,38.25893851650575,0.0,16.559083457158355
0.004558440076,0.004608920609,699.9979152,696.0225958200349,3.9753193799650717,1.56866408,3.59245032362389,-1.293648939,-1.9044295536530846
0.004043143716,0.004626927705,699.9979064,695.655784659965,4.342121740035054,1.616180856,3.2242214283535855,-1.240657793,-2.2957974608089553
0.01905826779,0.004630829901,704.6273239,665.8240455544228,38.803278345577155,4.384352253,14.157813786726233,23.47010104,25.275711781333865
0.003533307799,0.004639089393,699.9978822,691.1215348083566,8.876347391643435,1.679460118,2.6539685248818783,-1.173546661,-2.033394375987581
0.01886333175,0.00464038698,702.8938884,670.5289934886531,32.36489491134694,5.01306115,12.214890249513326,18.76301616,21.079333651990147
0.003026825856,0.004659684928,699.9978632,688.2728360502393,11.725027149760649,1.753185787,2.8043810668778235,-1.0775886,-1.7467499822970494
0.002521328043,0.004686845393,699.9978485,688.6606473938276,11.337201106172415,1.832085509,3.3223283351298782,-0.9543894957,-1.3888394650871776
0.002015541928,0.004712689964,699.9978343,689.4733306321452,10.524503667854788,1.91047125,3.674563576313111,-0.8071171256,-1.0245652181505038
0.001509732765,0.004733373215,699.9978232,688.7996065627227,11.198216637277255,1.981637562,3.841955492396286,-0.6349606845,-0.9036175772795012
0.01844889983,0.004733443874,701.3168827,684.0154306634004,17.301452036599585,5.304145874,9.387310778919149,10.91132863,12.091484814425893
0.0,0.004739994224,699.9977582,683.0497085876924,16.948049612307614,2.113546222,2.6226267938909373,-0.1785618056,-1.1991264728964568
0.0004988586004,0.004746093315,699.9977743,685.07593993108,14.921834368919917,2.092736348,3.282712109489723,-0.2635602822,-1.1757663184670486
0.00100258589,0.004746320359,699.9978067,686.9079673046122,13.089839395387799,2.043008444,3.770643509567951,-0.4453539418,-1.0408614266372158
0.01800350885,0.004779876986,700.5858357,689.7578353911298,10.828000308870173,4.924100911,7.563950912711325,5.033977033,5.161216914139051
0.01927964892,0.0048,708.4552369,672.5944092653784,35.860827634621614,2.96660674,17.00240039816821,28.99498926,29.995954613139297
0.01940804077,0.0048,711.209965,679.4706807200326,31.739284279967364,2.399640394,20.13968337444584,32.13851814,33.180673298932945
0.01951503397,0.0048,714.1633344,692.0779977122405,22.085336687759536,1.925358984,23.923980463784954,34.52806809,36.22273028595053
0.01960419498,0.0048,717.514357,710.6050755275288,6.909281472471207,1.494357686,28.055598077686792,36.42981104,39.11910405295791
0.01967849581,0.0048,721.4842861,734.0341569763692,12.549870876369255,1.125625655,31.847947527590573,37.98033826,41.697261912775765
0.01974041318,0.0048,726.2825031,760.4681499120899,34.185646812089885,0.8153780985,34.65647205874508,39.21481655,43.74575327862879
0.01979201098,0.0048,732.2629926,787.8771956868774,55.61420308687741,0.5569920313,36.31274891408105,40.14727741,45.100595162175416
0.01983500915,0.0048,740.0709963,814.6013252489807,74.5303289489807,0.3465024314,37.07156241772383,40.75768846,45.58470935500291
0.01987084096,0.0048,751.0122609,839.5341868846538,88.52192598465376,0.1812447566,37.29254418170292,40.95668554,44.99146734755381
0.0199007008,0.0048,768.0510663,862.1107802018712,94.05971390187119,0.05971995986,37.21756698647963,40.47146187,43.12106920941809
0.019925584,0.0048,797.636442,882.1627457748125,84.5263037748125,-0.016176074,36.943300808970875,38.53931012,39.835181048767495
0.01994632,0.0048,847.2757125,899.74670057552,52.47098807551993,-0.04192272194,36.496158780166795,33.84711764,35.21869672656685
0.0199636,0.0048,914.2958614,915.0182846004791,0.7224232004790565,-0.03239629808,35.912223805425285,26.03474173,29.750581786997344
0.019978,0.0048,984.6306744,928.1850655726932,56.44560882730673,-0.01538616962,35.26812520222343,16.7435523,24.166201534740015
0.01999,0.0048,1047.294838,939.4722346646302,107.82260333536988,-0.00533455307,34.6529179133924,7.836277753,19.0859887262662
0.02,0.0048,1100.0,949.1084313743465,150.89156862565346,0.0,34.125575067533205,0.0,14.804015048699313
0.01876036557,0.004828757359,702.5665495,677.0449208852073,25.52162861479269,4.663970711,10.879683917468272,16.3602104,18.601850996759183
0.01902380199,0.004835541408,704.732246,672.1118345936634,32.62041140633664,3.920581596,13.150352413043585,22.43444492,24.297748036610002
0.0175437318,0.004837000985,700.2345161,691.3220149694226,8.912501130577311,4.037722754,6.607476253121359,1.213949855,2.0222035178996602
0.01707683109,0.004959553424,700.0650409,694.2141220614262,5.850918838573762,3.104595136,5.659067837476347,-0.7184317412,-0.1493243691322821
0.01362557384,0.004981570538,699.9971013,694.321246861215,5.675854438785109,1.880642109,4.535589996451154,-1.658633709,-1.2824654419700883
0.01413015371,0.004982128414,699.9971467,694.3262821324904,5.670864567509625,1.944119618,4.865528528898419,-1.655659354,-1.2125217856316075
0.01312769625,0.00498608238,699.9971071,692.3976539147736,7.599453185226366,1.82334066,3.7005879726553115,-1.65342818,-1.2804280481486323
0.01163714928,0.004993276593,699.9972873,691.6371370414233,8.36015025857671,1.682605044,3.3027805356901245,-1.620515868,-1.7055019514279932
0.0126350101,0.004996205442,699.9971463,690.8066275109601,9.19051878903997,1.772716078,3.1306057950991395,-1.643363221,-1.3557365963765369
0.01213837183,0.00499753416,699.9972103,691.2028627918006,8.794347508199394,1.726383595,3.1809399903184774,-1.633038233,-1.545237758451525
0.009139594364,0.004999984209,699.9977014,693.3388200940719,6.658881305928048,1.525496944,2.233732487068025,-1.500456615,-1.7687508934838396
0.009639639329,0.004999996048,699.9976206,693.0992270912028,6.898393508797199,1.549297742,2.532509772468039,-1.530785759,-1.439271214098727
0.01013963934,0.004999996052,699.9975375,691.2433120089185,8.75422549108157,1.576304975,2.596088712478232,-1.559039673,-1.1351272991807244
0.01063965058,0.004999999012,699.9974556,690.4367140510523,9.560741548947703,1.607365114,2.7636264040543885,-1.582168118,-1.2921272489154507
0.01113965059,0.004999999013,699.9973729,691.219997032444,8.777375867555975,1.642851889,3.1164794556602553,-1.601645544,-1.6009770286961542
0.01463965432,0.004999999996,699.9972601,694.7492449196271,5.248015180372818,2.013590008,4.859801634531303,-1.6387719,-0.974012843656384
0.01927964892,0.005,709.0688545,679.807781393193,29.26107310680709,2.553320872,16.395446778915968,28.69101515,29.727362852645093
0.01940804077,0.005,711.8615258,688.0817105163769,23.779815283623066,2.053204725,19.397103013200027,31.74108837,32.82629328365196
0.01951503397,0.005,714.8853758,701.7578055985249,13.127570201475123,1.636464502,22.984429644761082,34.07201091,35.78315631704078
0.01960419498,0.005,718.3410695,720.9204491952288,2.579379695228795,1.254957111,26.882466327076177,35.93467333,38.606566377518014
0.01967849581,0.005,722.442963,744.5378044484653,22.09484144846533,0.930894512,30.441817947365138,37.44932948,41.11999836863978
0.01974041318,0.005,727.4110481,770.7440289164684,43.33298081646842,0.6596918576,33.04214730778204,38.64809127,43.09179840634275
0.01979201098,0.005,733.6190752,797.5682315121906,63.94915631219055,0.4356444078,34.5246493629493,39.54151995,44.337312413491794
0.01983500915,0.005,741.7526471,823.4485832460623,81.69593614606231,0.2550316553,35.1421925305131,40.10450673,44.67458126275749
0.01987084096,0.005,753.2069859,847.395832291297,94.18884639129703,0.1155841469,35.240105069965416,40.23723695,43.903749124115954
0.0199007008,0.005,771.134736,868.9484876831552,97.81375168315526,0.01590927172,35.044526421060816,39.64214222,41.832783171400685
0.019925584,0.005,802.0887387,888.0075741248841,85.91883542488404,-0.0414415109,34.646049110996934,37.52130647,38.342261234782455
0.01994632,0.005,852.8035294,904.6678191488429,51.86428974884291,-0.0531763505,34.075758028229444,32.640636,33.56672780068586
0.0199636,0.005,919.4533964,919.1023430179116,0.35105338208836656,-0.03638084098,33.37982929558266,24.85960948,28.041262799366677
0.019978,0.005,988.1531367,931.5238799775163,56.62925672248366,-0.01669866066,32.64156319476007,15.87682418,22.507710006545423
0.01999,0.005,1048.935476,942.1571797189936,106.77829628100653,-0.005698490694,31.94924067014203,7.400799889,17.541582425818355
0.02,0.005,1100.0,951.2247010045693,148.77529899543072,0.0,31.357489352300675,0.0,13.388120489505091
0.008634482393,0.005005481753,699.9977801,693.1934892785865,6.804290821413474,1.50465449,1.9768413599845849,-1.468155835,-1.6911475190021639
0.008127258765,0.005011712361,699.9978538,693.5400400343301,6.4578137656699255,1.48802062,2.230338000588607,-1.43416242,-1.4404568743298416
0.007620687723,0.005020991052,699.9979227,694.056644548883,5.94127815111699,1.47601693,2.387289614698277,-1.397910135,-1.4422177121668698
0.007112704568,0.005033811409,699.9979874,694.9843992473435,5.013588152656553,1.468450312,1.8446924047521305,-1.359121367,-1.807664379952425
0.01898843729,0.005046988013,704.8354168,677.1087089426444,27.726707857355564,3.505184572,12.206317262188008,21.37422496,23.30824837683353
0.006603650173,0.005047235248,699.9980464,695.2591914214509,4.7388549785491705,1.465503576,1.489145977371184,-1.3186045,-2.032313159771862
0.01516868746,0.005054593291,699.9974729,695.9497633653779,4.047709534622186,2.097559365,4.5380820632121175,-1.602625283,-0.9791011795613791
0.01871735645,0.005056729699,702.6100035,681.1667080414383,21.443295458561693,4.123680918,9.843497829978203,15.18500092,17.18341888930358
0.006092886026,0.005064097486,699.9980993,694.6574168444239,5.340682455576143,1.467544554,1.8826773332089248,-1.275457624,-1.7041353529730232
0.01662712343,0.005082147967,700.0109351,696.2370124665268,3.7739226334731484,2.586578376,4.94324769172778,-1.324568415,-1.3560896465694245
0.01840896406,0.00508400456,701.3632234,687.2028051084417,14.160418291558358,4.333210455,7.9931278474280205,9.539636903,10.333333100948963
0.005580286014,0.005086898063,699.9981457,694.8262058194531,5.1719398805469154,1.475848243,2.211449661712339,-1.228318772,-1.2243783879427559
0.005067713502,0.005109001774,699.9981811,695.2742256437425,4.7239554562574995,1.492485728,2.6536214403747804,-1.177779919,-1.2809958705421929
0.01566793435,0.005123369914,699.9978882,696.279943523515,3.71794467648499,2.197091435,4.3203628935997465,-1.549578514,-1.3614986697329599
0.0180146723,0.005130749974,700.6485157,690.0848893855841,10.563626314415842,3.995067193,6.73546713595878,4.349592375,4.8401545397693715
0.004553252086,0.005133276852,699.9982061,695.8005188793277,4.197687220672265,1.518965084,3.1621210683436294,-1.120942911,-1.926667302677604
0.01615766196,0.005138853965,699.9996818,696.2896799722372,3.710001827762767,2.339044507,4.4939745640501165,-1.480116687,-1.6252992449011812
0.00404043818,0.005154706378,699.9982183,693.8024230090857,6.195795290914248,1.556424531,2.9633457711286617,-1.05675269,-2.0500480477945917
0.003529633726,0.005173839835,699.9982214,689.4556952507587,10.542526149241326,1.603288361,2.7601694423636935,-0.9813591397,-1.7551937660769488
0.003022919522,0.005191724164,699.9982203,687.3326721524271,12.66554814757285,1.655972867,2.9345446987296784,-0.8914036499,-1.4351684766488768
0.01927964892,0.0052,709.6745814,685.6063377479893,24.068243652010665,2.206191702,15.954503679408656,28.35690365,29.46070698404189
0.01940804077,0.0052,712.5224726,694.7772849373932,17.74518766260678,1.760969417,18.924589106927087,31.31319096,32.460706866831714
0.01951503397,0.0052,715.6284565,708.986951727823,6.641504772176972,1.392188485,22.40325746269607,33.58577266,35.30493512034957
0.01960419498,0.0052,719.1971432,728.2088492514318,9.011706051431815,1.054050905,26.118984536812924,35.40797129,38.01020281794679
0.01967849581,0.0052,723.4365333,751.4006882861265,27.964154986126573,0.7683957645,29.47132801537856,36.88363962,40.4074754114386
0.01974041318,0.0052,728.5790907,776.797725569091,48.21863486909092,0.5305408801,31.901821984782313,38.04313844,42.269853426025875
0.01979201098,0.0052,735.020007,802.5726707000072,67.5526637000072,0.335751936,33.27656124218582,38.89414797,43.41469517067297
0.01983500915,0.0052,743.4875104,827.2969146035007,83.80940420350066,0.1805948835,33.83563108283883,39.40678786,43.66869418986115
0.01987084096,0.0052,755.4698505,850.0840347604902,94.61418426049022,0.06326381588,33.90209082425794,39.47056725,42.845251688309446
0.0199007008,0.0052,774.3059551,870.5369725874862,96.23101748748616,-0.01763419271,33.689168362533664,38.76293238,40.766830492354366
0.019925584,0.0052,806.5930322,888.590460468667,81.99742826866691,-0.05936000765,33.28430469753918,36.45989512,37.33257298814269
0.01994632,0.0052,858.2493988,904.3524345745483,46.10303577454829,-0.06008064699,32.71890750632176,31.42172058,32.68846248834856
0.0199636,0.0052,924.4202097,917.9989742847785,6.421235415221531,-0.03848280355,32.03623393100105,23.71021103,27.348254691577367
0.019978,0.0052,991.5050324,929.7369552708589,61.76807712914115,-0.01729045209,31.311931039899005,15.0481729,22.004831195965945
0.01999,0.0052,1050.491926,939.7811044092651,110.71082159073478,-0.005718299966,30.626765397817326,6.989851216,17.19365734489733
0.02,0.0052,1100.0,948.3439292388967,151.65607076110325,0.0,30.03273026391927,0.0,13.147797752163907
0.01760142623,0.005202183255,700.2679844,691.6015321848216,8.666452215178424,3.339188785,5.9984887186575255,0.8414414526,1.7842829929125834
0.002516120159,0.005208728407,699.9982171,687.9758743642132,12.022342735786879,1.712008785,3.247434440188293,-0.7837522827,-1.1190767547865637
0.002008241426,0.005225701235,699.9982134,688.4735548497546,11.524658550245476,1.767803928,3.409925523031246,-0.6563732143,-0.8808752606876462
0.001505807913,0.005235522987,699.9982074,687.5717878783981,12.426419521601815,1.818987922,3.3799374216179876,-0.5136646805,-0.9322455347952889
0.0,0.005239994224,699.9981763,681.6962706237757,18.301905676224237,1.908403424,1.7861600734751406,-0.1424273604,-1.3348728010193396
0.0004999999998,0.005239994223,699.9981826,684.685241062258,15.312941537741949,1.895424261,2.5021468197871144,-0.2110840315,-1.2618178898560348
0.0009999999997,0.005239994223,699.9981983,686.5432322990492,13.454966000950776,1.862468542,3.1210540294638056,-0.3582153992,-1.1207508011178398
0.01897043413,0.005258779034,705.112417,680.8389381316367,24.273478868363327,3.11306217,11.481472919254895,20.72784601,22.696459465918053
0.01865368888,0.005332232888,702.6156659,684.5729616719692,18.042704228030743,3.636078183,8.596083053158491,13.53930261,15.267914175899037
0.0171708567,0.005350816072,700.0742685,694.1343213640563,5.939947135943726,2.782675211,5.276886145020708,-0.9125493043,-0.4155124462299078
0.01927964892,0.0054,710.2634869,690.2134677819446,20.05001911805539,1.916756253,15.68621429711212,28.00268626,29.153882829742876
0.01940804077,0.0054,713.1783889,699.7719996084102,13.40638929158979,1.515653471,18.665795956744752,30.86123368,32.02722301374927
0.01951503397,0.0054,716.3774941,713.96688274692,2.4106113530800712,1.185498896,22.06728660151545,33.07624774,34.731799321385424
0.01960419498,0.0054,720.0701146,732.6743473658623,12.60423276586232,0.8859889894,25.617114222929647,34.85864757,37.28852409241005
0.01967849581,0.0054,724.4545039,754.8773999187462,30.4228960187462,0.6336542698,28.778165546253344,36.29404025,39.54537979793556
0.01974041318,0.0054,729.7772773,778.973129806994,49.195852506994015,0.4244400585,31.074719604368017,37.41218724,41.29680590523798
0.01979201098,0.0054,736.4566389,803.3244653380439,66.86782643804383,0.2545919259,32.40027004542561,38.2185335,42.37391497037955
0.01983500915,0.0054,745.2655555,826.6458373228952,81.3802818228952,0.1210667458,32.970765908052286,38.67857094,42.61791384285418
0.01987084096,0.0054,757.7881328,848.1312205359599,90.3430877359599,0.02242925038,33.08013917792898,38.67124511,41.86020928721818
0.0199007008,0.0054,777.543282,867.4138276810128,89.8705456810128,-0.04276703644,32.92942814325693,37.84992789,39.94407349659385
0.019925584,0.0054,811.1139851,884.434428694994,73.320443594994,-0.07142522959,32.60467505334571,35.37425251,36.78425661773855
0.01994632,0.0054,863.5789279,899.2962585709726,35.7173306709725,-0.06318020398,32.134854522847846,30.2101348,32.50442919113593
0.0199636,0.0054,929.180421,912.1680585562879,17.012362443712163,-0.03850281969,31.55291181317708,22.60069809,27.540125703072114
0.019978,0.0054,994.6836046,923.244366714624,71.43923788537597,-0.01711539091,30.9191007947656,14.26449449,22.499763435120506
0.01999,0.0054,1051.964108,932.7256154793573,119.23849252064258,-0.005575746252,30.302519051286467,6.605745506,17.884032286664684
0.02,0.0054,1100.0,940.8102088570469,159.18979114295314,0.0,29.752924617677227,0.0,13.93995559349834
0.01834558872,0.005410612354,701.4162775,688.4941254840646,12.922152015935353,3.711236785,6.935748779934552,8.002599044,8.84177547229148
0.01409378828,0.005448924999,699.9968888,696.1804790179415,3.8164097820584857,1.936959058,4.966058085534254,-1.57755992,-1.086288689164581
0.01360488925,0.005463854526,699.9970062,695.0356349223595,4.961371277640524,1.874505242,4.098846619479725,-1.573946539,-1.1553967933798939
0.01897764595,0.005464480646,705.6498802,683.908950187424,21.740930012575973,2.728627258,11.197884051885485,20.69083213,22.714111975562442
0.01460407602,0.005467725821,699.9967729,696.3064801190519,3.6902927809480843,2.008079481,5.2845567126275705,-1.568454048,-0.9007137394429989
0.01311819188,0.005481134755,699.9971234,692.4139529208452,7.583170479154774,1.816723599,3.208297191167934,-1.564480911,-1.2478959439164932
0.01802658831,0.005488457418,700.7734,690.3551951568489,10.418204843151102,3.46896216,6.064205699231441,3.80586033,4.631378308205181
0.01262936037,0.00549279133,699.9972399,690.9442025768506,9.053037323149397,1.763056044,2.982359060427485,-1.550102306,-1.4015801639230157
0.01163714895,0.005493276591,699.99746,691.4412387385795,8.556221261420546,1.666194249,3.358911042177996,-1.51368102,-1.548663816365007
0.01213420659,0.005495524963,699.9973533,691.1242314228311,8.873121877168842,1.71282091,3.2355502666652614,-1.532529009,-1.5448391059420556
0.009639639329,0.005499996048,699.9978331,695.0047789708943,4.993054129105644,1.521870771,2.5245962457062063,-1.415863612,-1.3319248319087267
0.01013963934,0.00549999605,699.9977483,693.044340247916,6.953408052084001,1.55164273,2.510240830492638,-1.443004499,-1.0061139324447064
0.01063965058,0.005499999012,699.9976587,691.4532183887229,8.544440311277071,1.585394414,2.6727388550257327,-1.468124714,-1.0153506081161323
0.01113965059,0.005499999013,699.9975636,691.6415757165761,8.35598788342395,1.623447785,3.072344189737686,-1.491310583,-1.3186427894437935
0.009133840114,0.00550492921,699.9979161,695.8330930276261,4.164823072373906,1.495248938,2.331450659196367,-1.385221688,-1.4630388472924265
0.008629446517,0.005509449104,699.9979936,696.3301530532,3.6678405467999937,1.472786963,2.262922294114958,-1.35279948,-1.2773241485361604
0.01512580453,0.005509341246,699.9966483,697.2184130883388,2.7782352116611264,2.090934049,4.9981634024408095,-1.549240378,-0.9199226120210353
0.008119275815,0.005523824454,699.99807,696.0551222406435,3.942947759356457,1.453776752,2.5714734792348493,-1.316240448,-1.1321822721550516
0.007611582868,0.005537327392,699.99814,695.5428609458637,4.4552790541363265,1.439482738,2.4660500310489333,-1.278133012,-1.3320498705187074
0.007103617447,0.005552883138,699.998205,696.1254251277404,3.8727798722595708,1.429636065,1.4137939308802299,-1.237463532,-1.9602379628938214
0.01769521549,0.005557381672,700.3794115,691.8720288668458,8.50738263315418,3.105219755,5.542676518866137,0.8875173351,1.8489706145044478
0.01867552384,0.005566172039,703.0986321,685.9524112268348,17.146220873165248,3.200619962,8.282429725784262,13.76679264,15.707741164113695
0.006595227369,0.005567695762,699.9982634,696.205058778196,3.7932046218040796,1.424854956,0.7358545882363278,-1.194816765,-2.2779434183461262
0.006084683808,0.005590237486,699.9983177,695.1259118476437,4.872405852356337,1.424917866,1.4607475230004336,-1.148200986,-1.8668002872611287
0.01927964892,0.0056,710.8477069,694.0108736943508,16.836833205649214,1.6657846,15.661987798516687,27.63732992,28.87628828933004
0.01940804077,0.0056,713.8265805,703.8298316602895,9.996748839710449,1.302937762,18.659284651391594,30.38948014,31.607664048691312
0.01951503397,0.0056,717.1253221,717.9007301925836,0.7754080925836888,1.006174332,21.979134078402723,32.54833263,34.15519186219122
0.01960419498,0.0056,720.9513279,735.9641096374785,15.012781737478463,0.7414374984,25.349026149647226,34.29262776,36.54245842479959
0.01967849581,0.0056,725.4879912,757.0331522803681,31.545161080368075,0.5191546416,28.30421471012102,35.6879371,38.63930001456859
0.01974041318,0.0056,730.9967546,779.6884843538572,48.6917297538572,0.3354810863,30.461719773002134,36.76419076,40.26944749644417
0.01979201098,0.0056,737.9198654,802.5026899748166,64.58282457481653,0.187642261,31.74702229461665,37.52489529,41.281209912967164
0.01983500915,0.0056,747.0767486,824.342021735546,77.26527313554607,0.07294952186,32.35014410091053,37.93112632,41.528886391617704
0.01987084096,0.0056,760.1501908,844.4787994132878,84.32860861328777,-0.009776615879,32.530794645164846,37.85143137,40.86093896335354
0.0199007008,0.0056,780.8279842,862.5693597775321,81.74137557753215,-0.06168737547,32.47350487642327,36.91701018,39.1425348174259
0.019925584,0.0056,815.6244449,878.5495210174007,62.92507611740075,-0.07912855937,32.26104056624836,34.28073129,36.305226347688645
0.01994632,0.0056,868.7722502,892.5118748511338,23.739624651133795,-0.06396369145,31.91961353661615,29.02103806,32.44944162359365
0.0199636,0.0056,933.73182,904.6108322872043,29.12098771279568,-0.03768807571,31.472533983023347,21.53988752,27.928769239572866
0.019978,0.0056,997.6944859,915.0291426499119,82.66534325008809,-0.01664251943,30.96440226463202,13.52859906,23.256455913536893
0.01999,0.0056,1053.355626,923.9504262938958,129.4051997061042,-0.005348747753,30.451453013282176,6.248735308,18.88904261824869
0.02,0.0056,1100.0,931.5588643741504,168.4411356258496,0.0,29.97909182419236,0.0,15.083211554362382
0.01735720627,0.005601347793,700.1376788,693.6427977505009,6.494881049499099,2.788294251,5.1890598813446545,-0.7415401751,-0.004394322866906997
0.005572470357,0.005612021736,699.9983639,694.5491704439245,5.449193456075477,1.431155991,1.4764149176508328,-1.099015531,-1.5855281406723725
0.005058819258,0.005637424503,699.9984034,693.8804339180876,6.117969481912382,1.443833568,1.5219593466722192,-1.045152891,-1.7501157274692458
0.01901902108,0.005652616695,706.6066015,686.8416735434597,19.764927956540305,2.328268994,11.576102039270067,21.50167139,23.542576616107976
0.004547589228,0.005655953282,699.9984322,693.8897646814464,6.108667518553602,1.46414303,2.8235678984301957,-0.9876599403,-1.8012697583337447
0.01672774207,0.005672296964,700.0115004,696.4583973557317,3.5531030442683686,2.498281127,4.737079494511628,-1.416533295,-1.4950119553858263
0.004035858016,0.005675467872,699.9984544,691.5583147616945,8.440139638305482,1.49148344,2.9573689759164363,-0.9221249957,-1.630143387756096
0.01619275359,0.005689806465,699.9968955,696.8703111826763,3.1265843173237045,2.327250114,4.532570361239403,-1.489879348,-1.5765577236880821
0.003525788539,0.005693388188,699.9984707,688.7611857724221,11.237284927577889,1.525076609,2.901564728865236,-0.8467068298,-1.3085705616491996
0.003017457226,0.005708983204,699.9984819,687.672708078511,12.325773821488951,1.563291439,3.0464933356490347,-0.7599162252,-1.037545696909011
0.002511042273,0.005721138776,699.9984886,687.8911338509474,12.107354749052547,1.60400731,3.2604501092044647,-0.6611759047,-0.8722814305757698
0.002004746951,0.005732698199,699.9984932,687.5064725348868,12.49202066511316,1.643808485,3.2910074292093636,-0.5489816021,-0.7981923765557983
0.01835562027,0.005734052318,701.7381433,689.6595879416466,12.07855535835347,3.285093002,6.394699566890062,7.777613045,8.964233873779548
0.01566218532,0.005737857384,699.9964826,697.7663985589448,2.2300840410551928,2.204343962,4.689313724644815,-1.510853657,-1.2392623956579163
0.0,0.005739994224,699.9984829,683.3899115606906,16.60857133930938,1.741923876,1.329146961289194,-0.1167670135,-1.1114273339406617
0.0004999999996,0.005739994223,699.998486,684.4603243240068,15.538161675993138,1.732781424,1.9293532577234502,-0.1733550017,-1.03223376254852
0.0009999999996,0.005739994223,699.9984928,685.6271708845934,14.371321915406611,1.710297944,2.650796172487003,-0.2958545302,-0.9402730135560748
0.0015,0.005739994223,699.9984954,686.5141661359522,13.484329264047801,1.679825938,3.0608765176231723,-0.4253179735,-0.838113527116584
0.01873890588,0.00575801093,703.8851851,687.1957175465042,16.689467553495774,2.817272132,8.574654055690267,14.96337685,17.251072132515702
0.01927964892,0.0058,711.4529624,697.3462039778174,14.10675842218268,1.440252352,15.878915615452875,27.25857217,28.685479370498896
0.01940804077,0.0058,714.4869699,707.5451220823699,6.941847817630105,1.113642867,18.895572842133703,29.90540617,31.285199770847377
0.01951503397,0.0058,717.88603,721.6796177613418,3.793587761341769,0.8470258344,22.127873673074458,32.00866158,33.68331674271717
0.01960419498,0.0058,721.8441387,739.331847022329,17.487708322329013,0.6130411456,25.31134665555668,33.71308583,35.90532639420465
0.01967849581,0.0058,726.5352576,759.5315297952463,32.99627219524632,0.4183619952,28.050565352333873,35.06849833,37.84000908829535
0.01974041318,0.0058,732.2332441,781.0112095493782,48.77796544937826,0.258200099,30.049584687583945,36.10328873,39.33758033857169
0.01979201098,0.0058,739.4039707,802.5268163220179,63.12284562201796,0.1304521698,31.27039196608953,36.81873285,40.26071833042502
0.01983500915,0.0058,748.9143094,823.0856976884796,74.17138828847965,0.03269144563,31.886189298582625,37.171429,40.47178056198816
0.01987084096,0.0058,762.5480077,842.0413582263803,79.49335052638037,-0.03599469149,32.12506673974769,37.01937518,39.83154463178075
0.0199007008,0.0058,784.1485198,859.0820764616184,74.93355666161835,-0.07616965224,32.150757934963075,35.97401003,38.22385408425777
0.019925584,0.0058,820.1111786,874.1456870782106,54.03450847821057,-0.08429070662,32.038233137761935,33.19051123,35.599131846082955
0.01994632,0.0058,873.8269475,887.314078859956,13.487131359956038,-0.06458627858,31.81051793434514,27.86322516,32.053842998293014
0.0199636,0.0058,938.086312,898.7309360170415,39.35537598295855,-0.03717220735,31.48491101654646,20.53065615,27.892249139203564
0.019978,0.0058,1000.551514,908.5649997968065,91.98651420319345,-0.01605904096,31.095558558174176,12.8392599,23.55502457749221
0.01999,0.0058,1054.673665,916.9881734060407,137.68549159395934,-0.005113519195,30.6879425130384,5.917160016,19.447644517605625
0.02,0.0058,1100.0,924.1715964084965,175.8284035915035,0.0,30.301623573258155,0.0,15.816638025067462
0.01904296268,0.005847025842,707.4471293,689.7067667630282,17.740362536971816,2.002270427,11.972666913699843,21.87390446,24.014101627474076
0.01804926526,0.005871828229,701.0113419,691.8982790962438,9.113062803756293,3.13462214,5.496194961675586,3.615136865,4.5536954974301045
0.01450820077,0.005909010903,699.9968482,698.5934716957415,1.4033765042585173,1.998054774,5.524315748440658,-1.515945634,-0.8701469479512687
0.01882077976,0.005909183998,704.8983162,688.6655394820336,16.232776717966317,2.461070231,9.297429774961076,16.66647313,19.18882342119959
0.01404591896,0.005915714789,699.9969899,697.5196702664484,2.4773196335515877,1.928246707,4.624283971394952,-1.512743047,-1.1312834652056587
0.01721564779,0.005930064894,700.1086604,695.5804226377478,4.528237762252161,2.662935116,4.872997787491165,-1.085768348,-0.6889130445597367
0.01496457769,0.005939598394,699.9966989,698.8869253965663,1.1097735034336438,2.074629084,5.616640227328699,-1.512259622,-0.7993383186402125
0.0135779904,0.005946579548,699.9971283,695.5318358495166,4.465292450483389,1.863336306,3.5189378250205543,-1.502419923,-1.2672372103168623
0.01765887463,0.00597384153,700.4357638,693.766842016329,6.668921783671067,2.873820536,5.02826257089634,0.4090551484,1.2031888541837592
0.01310082887,0.005977270628,699.9972627,693.4119150510229,6.585347648977063,1.802263601,3.0123749286013117,-1.487462401,-1.4262186542591717
0.01843977614,0.005988438188,702.3894484,691.1892365363585,11.20021186364147,2.959562027,6.401863391116563,8.986372695,10.53284029390738
0.01262456674,0.005992509809,699.9973866,692.0785465806733,7.918840019326694,1.746660206,3.0918989308675817,-1.470730008,-1.531293746874928
0.01163714892,0.005993276591,699.9976166,690.6574068887548,9.340209711245166,1.645020371,3.3659499159819424,-1.431597204,-1.3317762566192197
0.01213567774,0.005994400777,699.9975043,690.8035968026568,9.193907497343162,1.694124931,3.400186331762079,-1.452404757,-1.5192135461082836
0.01013963933,0.005999996049,699.9979163,694.0781220092996,5.919794290700452,1.523768221,2.472297552176695,-1.354464909,-0.9695026274422434
0.01063965058,0.005999999012,699.997823,692.6388696590964,7.358953340903668,1.559839581,2.5936660626186887,-1.382035555,-0.9159096081618774
0.01113965059,0.005999999012,699.997724,691.816354516677,8.181369483322896,1.600099689,2.93884160492755,-1.40739472,-1.0707191756582297
0.01927964892,0.006,712.0817394,700.7087987040904,11.372940695909506,1.249317822,16.239966803116392,26.86670848,28.548610636971127
0.01940804077,0.006,715.1733529,711.3851846175479,3.7881682824521477,0.9528963435,19.28106572078706,29.4182811,31.044337160919568
0.01951503397,0.006,718.6722954,725.7419242841413,7.0696288841412525,0.711139448,22.435064286926526,31.46520339,33.32152267338553
0.01960419498,0.006,722.755555,743.2294214237336,20.473866423733625,0.5027061352,25.447757808536295,33.12502406,35.40365678053581
0.01967849581,0.006,727.5986911,762.8854619458182,35.28677084581818,0.3315238955,27.983425325280855,34.43925114,37.19220611562038
0.01974041318,0.006,733.4859231,783.5484970633778,50.06257396337776,0.1919820229,29.82048114613876,35.43262428,38.55586248564944
0.01979201098,0.006,740.9059935,804.1082613921011,63.20226789210108,0.08197052831,30.95864760350434,36.10356851,39.36515355863623
0.01983500915,0.006,750.774088,823.6866847586247,72.91259675862466,-0.0008110270351,31.56522637148891,36.40383201,39.485484832712146
0.01987084096,0.006,764.9756982,841.7130871758357,76.73738897583564,-0.05708554967,31.843123052941916,36.18067087,38.78570110330433
0.0199007008,0.006,787.4957564,857.915182173342,70.41942577334203,-0.08706342355,31.933899534928297,35.02789251,37.165115397486126
0.019925584,0.006,824.564647,872.2412448673072,47.67659786730712,-0.08762345078,31.900641897458183,32.1111236,34.595342479749355
0.01994632,0.006,878.743182,884.7691071878962,6.025925187896178,-0.06461332577,31.761926103351435,26.74147118,31.187363678228287
0.0199636,0.006,942.255256,895.6333254246189,46.62193057538116,-0.03641424459,31.531961792328648,19.57278349,27.232666058425906
0.019978,0.006,1003.266614,904.9925344864963,98.2740795135037,-0.01537681425,31.239425086366253,12.19365768,23.13075827652908
0.01999,0.006,1055.924238,913.0097125023228,142.91452549767723,-0.004876922166,30.922752123780274,5.608822918,19.242495876773354
0.02,0.006,1100.0,919.8463938382758,180.15360616172416,0.0,30.616179320350838,0.0,15.789366368709352
0.009633294351,0.006004064369,699.998006,696.157689046055,3.8403169539450346,1.491400134,2.511053008239247,-1.323807325,-1.1157242489965995
0.009128135923,0.00601115611,699.9980906,697.9835356837563,2.0145549162436964,1.463100781,2.4163544713226557,-1.290962751,-1.1339328126947867
0.008619408984,0.006022152605,699.9981712,698.6086729649475,1.3894982350525424,1.438522174,2.3821735890636546,-1.255595778,-1.1164362335522569
0.01531946261,0.006022628085,699.9965673,699.086236229232,0.9103310707680521,2.143910253,5.306450803335307,-1.503326723,-0.9657838320771583
0.008111480667,0.00603553062,699.9982465,697.9692173768118,2.029029123188252,1.418075552,2.369699371878556,-1.218224585,-1.2932599516176326
0.01905091296,0.006046604803,708.1492337,692.6172012879206,15.532032412079388,1.754061177,12.2778374957206,21.8534853,24.14141152702941
0.007601385659,0.006056527878,699.9983183,698.6190298736371,1.3792884263629048,1.401557836,1.8456225912311528,-1.177709727,-1.721167082694918
0.007094516991,0.006072674192,699.9983824,700.0495838523717,0.05120145237174256,1.38984437,0.9962512688414562,-1.136360035,-2.24514064229944
0.006583528785,0.006097171713,699.9984434,699.4487518972185,0.5496915027815703,1.382152739,1.1923887238024795,-1.091109568,-2.261744298662458
0.006076819246,0.006116530462,699.9984961,696.4119105858523,3.586585514147714,1.379876563,1.691065860220458,-1.044539684,-1.9406657428256047
0.01858877853,0.006125721448,703.4583004,691.9598000884147,11.498500311585303,2.661712862,7.146318008700706,11.6707205,13.74931437350882
0.01882500286,0.006128859974,705.5112498,691.5418009810187,13.969448818981277,2.211593035,9.339184041164954,16.68232244,19.26210193081839
0.005562810193,0.006142810129,699.9985454,692.9210357612801,7.077509638719903,1.382257049,1.10304917167548,-0.9928901373,-1.7627019668456958
0.00505040711,0.006160244805,699.9985853,692.1383255121661,7.860259787833797,1.391188449,1.4661065077900253,-0.9388131412,-1.688123055683092
0.004538446383,0.006179121841,699.9986195,691.0550262726,8.943593227400015,1.405497234,2.851417959279731,-0.8792742119,-1.3272219091309667
0.004027735252,0.006196469174,699.9986475,689.2683879320814,10.730259567918552,1.425142504,2.7771835249016323,-0.813610037,-1.2189164072502878
0.01927964892,0.0062,712.7264453,704.6750413192158,8.051403980784244,1.093959412,16.61158324317597,26.47308121,28.39862314669263
0.01940804077,0.0062,715.8798686,715.8477116832875,0.03215691671255172,0.8215132916,19.689625835782138,28.93496331,30.82864408765972
0.01951503397,0.0062,719.4798073,730.4854719875092,11.005664687509238,0.6005215459,22.788278306419773,30.92537742,33.02398962332935
0.01960419498,0.0062,723.6854748,747.9488666437451,24.263391843745126,0.4128792733,25.659840325753397,32.5371228,35.000008610837334
0.01967849581,0.0062,728.6781633,767.2773520306322,38.599188730632136,0.2605030653,28.018730761342855,33.80777668,36.664537297330305
0.01974041318,0.0062,734.7532854,787.3777134810455,52.624428081045494,0.1379950408,29.70744266386712,34.75872747,37.89588222340478
0.01979201098,0.0062,742.4227696,807.2333034742446,64.81053387424458,0.04286138148,30.76334315136035,35.38519998,38.565847921938285
0.01983500915,0.0062,752.6513517,826.0551355699052,73.40378386990528,-0.02713963282,31.35523330300454,35.63377943,38.53964571345613
0.01987084096,0.0062,767.4262172,843.3419139099824,75.9156967099824,-0.07304302246,31.66529777657538,35.34111204,37.692654764038814
0.0199007008,0.0062,790.8579902,858.8629825015246,68.00499230152457,-0.09466824548,31.812093698007363,34.08531063,35.93978997720038
0.019925584,0.0062,828.9702302,872.5830228540693,43.61279265406938,-0.08846454908,31.844358673787188,31.04960081,33.27921549193781
0.01994632,0.0062,883.5131274,884.5807259961981,1.0675985961980814,-0.06293254707,31.775684533212793,25.66039053,29.853045779228204
0.0199636,0.0062,946.2408888,894.9843958900551,51.25649290994488,-0.03502588545,31.6193576712159,18.66687413,25.966916391054507
0.019978,0.0062,1005.84473,903.9453412442749,101.89938875572511,-0.01455093626,31.402506212871273,11.59043391,22.002242161218103
0.01999,0.0062,1057.109991,911.6197389918532,145.49025200814685,-0.004590158172,31.159928850860553,5.322625112,18.282150807717063
0.02,0.0062,1100.0,918.1623223031688,181.83767769683118,0.0,30.921738637019548,0.0,14.994735704982233
0.003518247789,0.006212289537,699.9986702,688.2519551859455,11.74671501405453,1.449169259,2.7785093877187466,-0.7405390594,-1.000546036694372
0.003009805296,0.006225933891,699.9986882,687.9413195167874,12.05736868321253,1.476267403,2.9888078905693636,-0.6589723578,-0.8304611641857411
0.01906207546,0.006232424537,708.8752082,696.0125730051739,12.862635194826112,1.547640229,12.627268294086482,21.90855555,24.276612098395788
0.002503525403,0.00623542375,699.9987015,687.9241614122991,12.074540087700939,1.505108405,3.2550147658233115,-0.5685959045,-0.8163759325319893
0.0,0.006239994224,699.9987162,686.7175815499419,13.281134650058107,1.603227015,1.6817709371203764,-0.09810866157,-0.8858665077895971
0.0004999999992,0.006239994222,699.9987172,685.9182382009275,14.080478999072511,1.596801243,1.9506295380085514,-0.1461742894,-0.7554600638341427
0.0009999999987,0.006239994221,699.9987188,685.5998467821745,14.39887201782551,1.581156957,2.4894504685174734,-0.2507745659,-0.6236664268291339
0.001499999999,0.006239994221,699.9987159,686.1254718301024,13.873244069897623,1.55998144,2.8892432288632603,-0.3627172041,-0.6520531333797814
0.001999999998,0.006239994221,699.9987105,687.0186239534472,12.980086546552798,1.533829609,3.231767045537894,-0.4694788883,-0.7979908437373577
0.0161868294,0.006263137078,699.9966469,699.248629693826,0.7480172061739268,2.341141558,4.764874021840027,-1.496182571,-1.3898559554342
0.01667052816,0.006267073873,700.0080846,698.7586095024999,1.249475097500067,2.471443113,4.713699882113513,-1.480652595,-1.439730179349481
0.01576457435,0.006287699378,699.996385,699.5474527597551,0.4489322402449716,2.241727777,4.961185019054599,-1.491270861,-1.2346771562777867
0.01881609959,0.006304130269,705.8871965,694.2019037728337,11.685292727166257,2.05292749,9.224632270442363,16.42567763,18.989561892333725
0.01813935648,0.006310749796,701.6067734,694.8992291848695,6.707544215130497,2.85295235,5.1768077982440985,4.533740846,5.43019997193037
0.01444119391,0.006335599198,699.9969289,699.5956338626229,0.40129503737705363,1.983453773,5.195959921345761,-1.481145315,-1.0096106003967655
0.01715362466,0.006338651354,700.1072511,697.9382182422772,2.1690328577227547,2.61327941,4.685738754221706,-1.21761241,-0.8973229865488062
0.01393966295,0.006373503298,699.9971025,697.5029655750134,2.4941369249866057,1.905259275,3.96318516903544,-1.466461149,-1.4335032565724228
0.01531544011,0.006374851463,699.9965888,699.9262793657357,0.07030943426434533,2.143812202,5.447151920822653,-1.488617176,-1.0329707548261737
0.01487018646,0.006379849636,699.9967739,700.1356130132624,0.1388391132624065,2.057432942,5.7060422546669765,-1.485268076,-0.8385077664986422
0.01766618814,0.006379823812,700.5534448,696.142511640694,4.410933159305955,2.786524898,4.708472789436619,0.329507322,1.0596489430528786
0.01927964892,0.0064,713.393453,709.477544651427,3.915908348572998,0.9630718629,16.873944422091274,26.07758497,28.181659092738386
0.01940804077,0.0064,716.6057277,721.140736347568,4.53500864756802,0.7135530423,19.997468968507548,28.45905844,30.58711362445036
0.01951503397,0.0064,720.3055705,736.0631684576886,15.757597957688517,0.5107385681,23.06221128280172,30.39443969,32.741599484463116
0.01960419498,0.0064,724.6318207,753.5561542816096,28.924333581609517,0.3405982104,25.822845093666853,31.95637275,34.64669657238982
0.01967849581,0.0064,729.7718651,772.6613456716992,42.88948057169921,0.2036901017,28.036848572613366,33.18140498,36.2099792898174
0.01974041318,0.0064,736.0329299,792.3309885853809,56.29805868538085,0.09526698996,29.602637026103835,34.08862442,37.31020725842324
0.01979201098,0.0064,743.9507786,811.6174855371537,67.66670693715366,0.01247660818,30.593396693304932,34.67017314,37.81473952073941
0.01983500915,0.0064,754.5407611,829.8049808394113,75.26421973941126,-0.0468342331,31.1805179038216,34.86745724,37.58744580655826
0.01987084096,0.0064,769.8912697,846.4554297550357,76.5641600550357,-0.08427700581,31.525957230355854,34.50686011,36.511566532921904
0.0199007008,0.0064,794.2215679,861.3795084704549,67.15794057045491,-0.09912239538,31.724288259401735,33.15294534,34.521581468200274
0.019925584,0.0064,833.310844,874.5616458268669,41.250801826866905,-0.08706092285,31.80991400730279,30.01274042,31.652242519713276
0.01994632,0.0064,888.1261252,886.082465824291,2.0436593757090122,-0.05999763412,31.79282356617329,24.62444533,28.09424974914925
0.0199636,0.0064,950.0425525,896.0670746696537,53.975477830346335,-0.03322929724,31.688559380241077,17.81388314,24.184654291488282
0.019978,0.0064,1008.288691,904.6626884221878,103.62600257781219,-0.01359765917,31.52604053063756,11.02880391,20.29603884153967
0.01999,0.0064,1058.2326,912.0198640794137,146.2127359205864,-0.004257480106,31.338850914269518,5.057830533,16.714088673303266
0.02,0.0064,1100.0,918.2895881880594,181.71041181194062,0.0,31.154090889451165,0.0,13.586365528023933
0.01906453478,0.006427090721,709.51338,700.015029004946,9.498350995054011,1.39086497,12.767740335799145,21.75055104,24.13980809073671
0.01887748448,0.0064372967,706.9090197,696.8296949186441,10.079324781355922,1.792482073,9.969822707181553,17.7191162,20.26983074888763
0.01354167165,0.006443788155,699.9972384,695.8255281887905,4.171710211209529,1.845118742,3.3144564585088974,-1.450542746,-1.7052371637833277
0.01850914671,0.006453495961,703.5891825,696.0349095640071,7.554272935992913,2.476077394,6.383891355339033,10.17687372,11.923221092495577
0.01163714891,0.006493276591,699.9977462,690.1353852814079,9.862360918592117,1.621184796,3.2777349176579396,-1.366533496,-1.1923670327451266
0.01310762765,0.006495823554,699.9973734,695.4185303138968,4.578843086103234,1.785577153,3.2278380489175458,-1.432059171,-1.7430267738045533
0.01213145801,0.006497582437,699.9976304,691.1509112014375,8.846719198562596,1.671538204,3.611338662500157,-1.39003982,-1.395701878211434
0.01262396047,0.006498052818,699.997505,694.2124754561275,5.785029543872497,1.726981045,3.4547133078271592,-1.41201357,-1.5869432835288642
0.01063965058,0.006499999012,699.9979599,693.5938768684409,6.404083031559026,1.532316368,2.6474572195287216,-1.312010402,-0.9924038166208975
0.01113965058,0.006499999012,699.9978574,691.6604758817426,8.337381518257416,1.574381722,2.818708715330825,-1.339825052,-1.056575102305663
0.01013317237,0.006503650837,699.9980575,695.187862389023,4.810195110976906,1.493843771,2.602523659239827,-1.281757285,-0.9340446197365466
0.009628189787,0.006510230668,699.9981487,696.7270803855428,3.2710683144572386,1.459693025,2.6209469048765834,-1.249606979,-0.9103623070061282
0.009119608349,0.006521286514,699.9982355,698.2904247292639,1.707810770736046,1.429238516,2.4810301983752785,-1.214919474,-1.0524311756666425
0.008610008682,0.00653645716,699.9983174,698.5209971987581,1.4773202012419233,1.402690705,2.254120231014955,-1.177857073,-1.3792835731996815
0.008100410636,0.006556101692,699.9983945,699.2076316082753,0.7907628917247393,1.380067814,2.2857604546819994,-1.138413573,-1.5883348897058305
0.00759202146,0.006575761793,699.9984655,702.2091186334114,2.2106531334114834,1.36181526,2.3856305507543496,-1.097226894,-1.7018052216999644
0.007082437142,0.006596810092,699.9985313,703.7165977162045,3.7180664162045787,1.347683103,2.589660707406779,-1.053805455,-1.7785097892322463
0.01927964892,0.0066,714.069803,714.658063218892,0.58826021889206,0.8565708135,16.933122330551466,25.68522857,27.84939767204181
0.01940804077,0.0066,717.3467365,726.7977323743743,9.450995874374257,0.6259350111,20.09238269781854,27.99373553,30.261660188306642
0.01951503397,0.0066,721.1465746,741.9852202098801,20.838645609880132,0.437600962,23.129510968728002,29.87469881,32.40979997110224
0.01960419498,0.0066,725.5921699,759.5127847450717,33.92061484507167,0.282142788,25.801145370283095,31.38624951,34.27691768452904
0.01967849581,0.0066,730.8775674,778.4297261946103,47.552158794610364,0.1582915061,27.902346384422785,32.56465807,35.76234695025498
0.01974041318,0.0066,737.3223197,797.7243965132639,60.402076813263875,0.06166086246,29.379072953391937,33.42736257,36.73576811583035
0.01979201098,0.0066,745.4867969,816.5032020965566,71.01640519655666,-0.01080310733,30.333138846502646,33.96374388,37.05537857128178
0.01983500915,0.0066,756.4376707,834.1145406592952,77.67686995929523,-0.06139177082,30.933719994204566,34.11023413,36.58469205412379
0.01987084096,0.0066,772.3636665,850.1789293397641,77.81526283976405,-0.09163904285,31.31985845004112,33.68346715,35.218567274829454
0.0199007008,0.0066,797.575267,864.5468253538517,66.9715583538516,-0.1007296448,31.5631230393759,32.23671758,32.918992495964524
0.019925584,0.0066,837.5743966,877.220042353771,39.645645753770964,-0.08498824544,31.686518523339345,29.00615112,29.77216198003761
0.01994632,0.0066,892.5779744,888.284669160025,4.293305239974984,-0.05715802969,31.700700396299364,23.63674944,26.031380414190874
0.0199636,0.0066,953.6649131,897.864439808458,55.80047329154206,-0.03126670813,31.62691023009035,17.01373474,22.06972182141872
0.019978,0.0066,1010.604566,906.10349192231,104.50107407768996,-0.01263624726,31.498218236548592,10.50736214,18.246476556768222
0.01999,0.0066,1059.295216,913.150461459586,146.14475454041394,-0.003928914536,31.348173604130167,4.813400003,14.802613145225052
0.02,0.0066,1100.0,919.152433228372,180.84756677162795,0.0,31.20130132410662,0.0,11.841086907205174
0.01877104917,0.006613351079,706.2191254,698.709426118146,7.509699281854068,1.891964916,8.551954728926065,15.3794109,17.745586595608682
0.006571779385,0.00662259201,699.9985925,701.2395783425183,1.2409858425182847,1.337724805,2.720435207991126,-1.007413111,-1.695710692745239
0.01903330996,0.006628241321,709.6809233,703.3171408163015,6.363782483698515,1.324153812,12.188546535424596,20.87583016,23.21582572050539
0.00606028188,0.006644845997,699.9986471,697.0175272419093,2.981119858090665,1.332580241,2.4212900130135875,-0.9588751996,-1.5455201986058347
0.0055496907,0.006665182909,699.9986955,693.5368900068024,6.46180549319763,1.332187163,1.908063094058065,-0.9076112291,-1.47853627971773
0.0139927914,0.006681156123,699.997136,697.6695352124661,2.327600787533811,1.903607682,4.08978771384447,-1.445255298,-1.661295654151032
0.005036063404,0.006687528528,699.998739,691.9967413203312,8.001997679668762,1.33635508,2.736026244049963,-0.8519827772,-1.1216643184919368
0.004526948683,0.006700543949,699.9987747,689.3910719587498,10.60770274125025,1.345767472,3.310874546395647,-0.7935604316,-0.7659103495436215
0.004019818449,0.00671309827,699.9988053,688.7811836744544,11.217621625545576,1.359163519,2.656814617840081,-0.7298952038,-0.9130646120241899
0.003511248413,0.006725836162,699.9988317,688.311543206679,11.687288493321034,1.375856834,2.4501257938632817,-0.6596345077,-0.9181750135662403
0.003005143581,0.006732533684,699.9988524,688.5059858149835,11.492866585016486,1.395442662,2.657265827699308,-0.5835278682,-0.8515309054887901
0.01617950818,0.006736618451,699.9967178,700.9747373917372,0.9780195917371657,2.332230357,4.697678461265874,-1.506219692,-1.5525797314211207
0.0,0.006739994224,699.9988995,687.5693776300625,12.429521869937503,1.484895361,2.0697489408445504,-0.08433411079,-0.7472825387413797
0.0004999999983,0.006739994221,699.9988992,687.3109321897166,12.687967010283387,1.480371658,2.1992947622737713,-0.1260422246,-0.5609676546572038
0.0009999999983,0.006739994221,699.9988977,686.4517860453645,13.5471116546355,1.469437511,2.3917670048398403,-0.2171586374,-0.3719637049371993
0.001499999998,0.006739994221,699.9988915,686.9947839723849,13.004107527615133,1.454686337,2.585690060645579,-0.3156333119,-0.5337342454033225
0.001999999998,0.006739994221,699.998882,688.0564148407752,11.942467159224748,1.436411178,2.962818202677873,-0.4110152357,-0.8412586159182265
0.002499999998,0.006739994221,699.9988699,689.1374947427649,10.861375157235102,1.415722039,3.028347757617957,-0.5000636726,-0.8724623687996242
0.01664928643,0.006753105772,700.0096172,700.8463021784462,0.8366849784462147,2.455041223,4.579100510260948,-1.508376672,-1.5793144572775475
0.0157064628,0.006758097824,699.9964342,700.4234109828443,0.42697678284434915,2.220692629,4.905686206369645,-1.489969824,-1.482172696704474
0.01432654812,0.006763802962,699.9970294,699.3763967194596,0.620632680540325,1.953798232,4.6847322091511225,-1.452052739,-1.3451112566130847
0.01714127723,0.006773784095,700.1242906,700.5450927280265,0.4208021280264802,2.599372405,4.478161393906736,-1.288985585,-1.119247395713126
0.01523881717,0.006774066684,699.9966539,699.9339873876407,0.06266651235921472,2.120999784,5.23406980022511,-1.477490875,-1.2136603725036705
0.01478037955,0.006781538687,699.9968541,700.2513526610627,0.2544985610627464,2.033147358,5.2010342968395324,-1.464372485,-0.9950031486660338
0.01804735074,0.006797546827,701.6901536,699.0220424864314,2.6681111135686706,2.680663296,4.565654456455975,3.222525229,3.9813481772300756
0.01927964892,0.0068,714.7396498,719.4106195237123,4.670969723712233,0.7647854394,16.710120534741066,25.30272446,27.373588985002
0.01940804077,0.0068,718.0949309,731.8947871442762,13.799856244276157,0.5493067353,19.86884639186721,27.54101767,29.799152667283877
0.01951503397,0.0068,721.9979997,747.2353615448621,25.237361844862107,0.3749719439,22.864907623896848,29.36756888,31.958198758954772
0.01960419498,0.0068,726.5632543,764.7209376449395,38.157683344939414,0.2330805823,25.460218142341112,30.82866307,33.81265079671172
0.01967849581,0.0068,731.9927517,783.4117691639815,51.419017463981504,0.1209263327,27.48159666153843,31.96018117,35.24488716670924
0.01974041318,0.0068,738.6191605,802.3232338611139,63.70407336111384,0.03459017256,28.910196492753386,32.77818712,36.1065944250001
0.01979201098,0.0068,747.0283565,820.6074493267807,73.57909282678077,-0.02897776292,29.863429383047055,33.26956661,36.24447229366254
0.01983500915,0.0068,758.3391174,837.6688813793983,79.32976397939831,-0.07226304305,30.499066065965867,33.36604856,35.52456176117518
0.01987084096,0.0068,774.8397769,853.1780180484869,78.33824114848699,-0.09650702752,30.93163748716198,32.87522988,33.85901217120777
0.0199007008,0.0068,800.9156176,867.0191674139361,66.10354981393607,-0.1008929554,31.213754716221295,31.34076597,31.247229222602293
0.019925584,0.0068,841.7625097,879.2086046179725,37.44609491797246,-0.08328459936,31.362896928921263,28.03251176,27.83805887668023
0.01994632,0.0068,896.8807685,889.8370003393213,7.043768160678724,-0.05507456526,31.394884237095404,22.69684055,23.948078299319118
0.0199636,0.0068,957.1259996,899.0278619073003,58.09813769269965,-0.02954154254,31.338753730607532,16.26311295,19.97296849419794
0.019978,0.0068,1012.806799,906.9243127317409,105.88248626825907,-0.01186640118,31.231719810308682,10.02239559,16.24442747274712
0.01999,0.0068,1060.304818,913.6727694330717,146.63204856692835,-0.003676140866,31.107040113668972,4.58709769,12.9546042734883
0.02,0.0068,1100.0,919.4168446299448,180.58315537005524,0.0,30.986900282382106,0.0,10.1646398346173
0.01904858057,0.006818944272,710.4762121,707.4754396552406,3.0007724447593773,1.166660215,12.193336301622546,20.96834156,23.09408518774286
0.01764119163,0.006822966184,700.654389,700.0348359962189,0.6195530037811068,2.721209643,4.4091540522055315,0.0715284242,0.6006542714493541
0.01843523817,0.006823327941,703.7334064,699.7089036024753,4.024502797524747,2.302455594,5.579044033519855,8.838426149,10.241590066242132
0.01871673619,0.00683554603,706.2092335,701.3100721403744,4.899161359625623,1.807412861,7.715925334989212,14.24718983,16.30854874298789
0.01365549908,0.00699391112,699.9972958,696.3433736232786,3.6539221767213803,1.84103962,4.1809945806196565,-1.414847057,-2.049224264011187
0.01163596993,0.00699868316,699.9978566,689.8693034106917,10.128553189308263,1.594172445,3.0288336759278938,-1.316010416,-1.3076379207229873
0.01113965058,0.006999999012,699.9979697,691.9228349926533,8.075134707346706,1.546124936,2.706294985171957,-1.287501126,-1.2476223300170055
0.01213204716,0.007000023091,699.9977354,691.9146019661604,8.083133433839635,1.646581183,3.583585785312609,-1.342767913,-1.3709471755201186
0.01927964892,0.007,715.4113899,723.2404802651924,7.829090365192428,0.6784619511,16.154313288454773,24.92665168,26.80230375746558
0.01940804077,0.007,718.8506294,735.7272490448512,16.87661964485119,0.4793733431,19.23849233514643,27.09868619,29.21092985674366
0.01951503397,0.007,722.8577098,750.9075180672726,28.049808267272624,0.3188026777,22.14992742265546,28.87132561,31.36705445806841
0.01960419498,0.007,727.5427571,768.0879352505979,40.54517815059785,0.189845609,24.66354813150916,30.28283459,33.21515453443832
0.01967849581,0.007,733.1154613,786.3516039457995,53.23614264579953,0.08860785963,26.631357627880988,31.36817299,34.61715509749994
0.01974041318,0.007,739.9219601,804.7437317181372,64.82177161813718,0.011582537,28.05221747458766,32.1421584,35.402682950420434
0.01979201098,0.007,748.5743756,822.4553342252538,73.8809586252537,-0.04417136065,29.040734975872905,32.589475,35.40734321296655
0.01983500915,0.007,760.2446669,838.9343691429092,78.68970224290922,-0.08100747969,29.73375861119528,32.63759444,34.5026873987109
0.01987084096,0.007,777.3194379,853.8866549230088,76.56721702300877,-0.1002168543,30.222752089865228,32.08607612,32.62164773934455
0.0199007008,0.007,804.2420069,867.2156145852128,62.97360768521287,-0.1005524511,30.547741197241276,30.46876798,29.80345399546723
0.019925584,0.007,845.8779854,878.944121624865,33.06613622486509,-0.08146660811,30.726059333607893,27.09308599,26.251730807911905
0.01994632,0.007,901.0453003,889.1615700049881,11.883730295011901,-0.05313911758,30.779989324320766,21.80245964,22.323750261456304
0.0199636,0.007,960.4405834,897.9891283980986,62.45145500190142,-0.02798239352,30.744718596709475,15.55727122,18.413304541247463
0.019978,0.007,1014.90676,905.5678201956762,109.33893980432379,-0.01121374227,30.659842551343754,9.569331456,14.816090836338546
0.01999,0.007,1061.266792,912.0410551736913,149.22573682630855,-0.00346628733,30.557917714989387,4.376300827,11.683026335849313
0.02,0.007,1100.0,917.5485680759984,182.45143192400155,0.0,30.459415131875,0.0,9.04684467683035
0.01063529579,0.007003321765,699.9980767,694.9829912804939,5.015085419506022,1.501837472,2.75799669334926,-1.256777235,-1.077631604226478
0.01312499677,0.007003511128,699.9974633,697.187748047633,2.8097152523670275,1.76662699,3.993943798054456,-1.391425522,-1.8826831328136677
0.01262836834,0.00700481651,699.9976046,696.1892131851776,3.808391414822495,1.704293484,3.849042958031225,-1.367690888,-1.5690127468575765
0.01012758525,0.00700827686,699.998177,696.2247225863996,3.7734544136004615,1.461666094,2.764841199829231,-1.22418396,-0.982050619714463
0.009620652389,0.007017454792,699.9982707,696.699732419279,3.2985382807210044,1.425717164,2.6812077169989212,-1.189698539,-0.8397331448764564
0.01902079202,0.00702816816,710.6282974,710.1357810855046,0.49251631449533306,1.092061014,11.271618684573363,20.20496671,22.094597149592605
0.009111870123,0.007028775842,699.9983584,697.7876135170674,2.2107448829326586,1.393804889,2.5024591958435023,-1.153342266,-0.9869756699052479
0.008602372243,0.007048021208,699.9984416,698.004941552638,1.9935000473619766,1.365460258,2.2852814780622044,-1.114536487,-1.4280986465362995
0.01879336098,0.007051103352,707.5801231,705.3164537426337,2.263669357366325,1.495551036,8.201815878165704,15.74882863,17.650338066694967
0.008091814201,0.007074057451,699.9985202,699.6052509921205,0.3932692078794844,1.340754653,2.595811044872554,-1.073250313,-1.404486943844458
0.007577925012,0.007099655644,699.9985933,702.804807929987,2.8062146299869255,1.320109526,2.9873709607099785,-1.029976684,-1.388037746940828
0.00706907107,0.007126661997,699.9986603,702.8766381031579,2.8779778031579326,1.303599413,3.1539090489056933,-0.9850499274,-1.5497538588355475
0.01418239904,0.007147549872,699.9971328,698.4448715335038,1.5522612664962026,1.917093931,4.66090138689378,-1.429641442,-1.7225822255514096
0.006557123911,0.007150499746,699.9987212,698.9334837579804,1.0652374420195656,1.29152643,3.120866603829973,-0.9380654499,-1.5554423800684525
0.006047226465,0.007167596742,699.9987751,695.1342641933612,4.86451090663877,1.284174804,3.1845982610232895,-0.8895183698,-1.3742584921209122
0.005534502188,0.007190094119,699.9988252,693.4872532093952,6.511571990604807,1.280398462,3.1870209108828327,-0.837182155,-1.1252168860578697
0.01613735944,0.007193466071,699.9967862,701.1604458328057,1.163659632805775,2.306097913,4.360548337831542,-1.517424722,-1.896761009255068
0.01468281118,0.00719545445,699.9969392,700.125160649193,0.12822144919300626,2.00160755,4.59165802772775,-1.449931577,-1.2290209979792301
0.01565733571,0.007197589317,699.9964907,700.0059607438811,0.009470043881151469,2.194721495,4.44084286770357,-1.491975967,-1.7853501367194466
0.01662262466,0.007197695105,700.011166,701.7550851202054,1.743919120205419,2.428048123,4.328345837262998,-1.536309578,-1.8310583683586517
0.01927964892,0.0072,716.0756647,726.08976368751,10.01409898751001,0.6040829356,15.279903289723034,24.55846367,26.232466035719995
0.01940804077,0.0072,719.6101934,738.1491429368016,18.538949536801624,0.4198343774,18.184792363428198,26.66700025,28.571288227694282
0.01951503397,0.0072,723.7229535,752.7126508875942,28.98969738759422,0.2699485787,20.92904378555831,28.38557234,30.680048203558187
0.01960419498,0.0072,728.5282528,769.1411063859686,40.61285358596854,0.1518968206,23.315936999180426,29.74833966,32.50133411777828
0.01967849581,0.0072,734.2437152,786.5790979793007,52.335382779300744,0.06029820079,25.22147259328875,30.78868591,33.88639121366622
0.01974041318,0.0072,741.2294106,804.1298820355871,62.900471435587065,-0.008518062457,26.647316573517347,31.51989476,34.64935621717624
0.01979201098,0.0072,750.1244549,821.0329894091674,70.90853450916734,-0.05739072485,27.68815359340253,31.92457544,34.618164232634605
0.01983500915,0.0072,762.155138,836.7710996701414,74.61596167014147,-0.08871265866,28.452572511834944,31.9262553,33.66986553036814
0.01987084096,0.0072,779.804062,851.0673325579725,71.26327055797242,-0.1034734142,29.011066192206176,31.31660698,31.754121037040925
0.0199007008,0.0072,807.5544273,863.8264832634029,56.27205596340286,-0.09964253035,29.3954622838171,29.6214345,28.935535995866488
0.019925584,0.0072,849.920796,875.0642422644593,25.14344626445927,-0.07904063094,29.62381612272695,26.18852922,25.440774514848666
0.01994632,0.0072,905.0756313,884.8597301389316,20.215901161068473,-0.05099907693,29.721402402742594,20.95229814,21.629109296524888
0.0199636,0.0072,963.6157418,893.3255007113253,70.29024108867475,-0.02644609313,29.724873247813576,14.89344795,17.871053278948647
0.019978,0.0072,1016.910177,900.5948335554474,116.31534344455258,-0.01056689501,29.67342144048138,9.145703625,14.43129113381286
0.01999,0.0072,1062.183838,906.8044685026166,155.37936949738332,-0.003254009374,29.599020405539875,4.179732669,11.438955382293639
0.02,0.0072,1100.0,912.0878521735544,187.91214782644556,0.0,29.52214118721769,0.0,8.917951935576902
0.005025072429,0.007203455192,699.9988678,691.041113651019,8.95775414898094,1.281630126,3.581662937143287,-0.7828951302,-0.7273969866269754
0.01842547233,0.007204949957,704.4106844,704.680625458924,0.26994105892401876,2.045209402,5.157308590635338,8.825464008,9.617762143749182
0.01517605384,0.007206650013,699.9967196,699.5496720973314,0.4470475026686245,2.094442379,4.4871994744715655,-1.471249192,-1.3854428280231028
0.01711605849,0.007208671993,700.1403084,702.3576710679592,2.2173626679592644,2.560746328,4.320980704022381,-1.358581549,-1.3182926813358469
0.004517415708,0.007216877506,699.9989057,688.4681377569606,11.53076794303945,1.286403316,3.4354084675423735,-0.7248012946,-0.6686185426385709
0.004012575765,0.007225188758,699.9989378,689.1108149641586,10.888122835841386,1.294916135,2.6604937136153186,-0.6630762186,-0.8791806197617849
0.01902488645,0.007227687971,711.260756,713.2742465804084,2.0134905804084156,0.9863054894,10.716977642230919,20.07735226,21.76204740457184
0.003505754472,0.007234325017,699.9989661,688.6381437880801,11.360822311919833,1.305973009,2.2297757236871085,-0.5960036164,-0.9744320907604385
0.01805852642,0.007239288546,702.2220905,704.4653497140155,2.2432592140154384,2.447315486,4.437392847703017,3.482591459,3.6696695827788597
0.0,0.007239994224,699.9990476,687.3179958878092,12.681051712190879,1.381735758,2.326702543139268,-0.07397224106,-0.38370409489318913
0.0004999999966,0.007239994218,699.9990464,687.2941320429019,12.704914357098119,1.378532429,2.2938891738382328,-0.110886838,-0.3473178593886921
0.0009999999949,0.007239994215,699.999043,686.5548062638293,13.444236736170751,1.370913163,2.1703132059310963,-0.1918001016,-0.33858722232707095
0.001499999994,0.007239994214,699.9990348,687.6532829087565,12.34575189124348,1.360736512,2.227061522841603,-0.2798947497,-0.5058624037173027
0.001999999994,0.007239994213,699.999023,689.2817039575397,10.717319042460304,1.348087476,2.5559935102182827,-0.3661318131,-0.7872316391091028
0.002499999993,0.007239994212,699.999008,690.5461536437971,9.45285435620292,1.333801679,2.7144584127788995,-0.4477940363,-0.9087927046902475
0.002999999993,0.007239994212,699.9989897,689.5605529852813,10.438436714718705,1.319185038,2.360668233003868,-0.5240103302,-0.9351523147167322
0.01762068375,0.007250221871,700.7896439,703.6670086464871,2.87736474648716,2.617510777,4.331407122615602,-0.04016708554,0.2685796731465162
0.01875917663,0.007293657643,707.8136204,708.3419119999792,0.528291599979184,1.41763321,7.318777358587511,15.03032865,16.564432167580605
0.01927964892,0.0074,716.7280046,728.1755353239413,11.447530723941327,0.5398586052,14.222177137722468,24.20076565,25.721617117036075
0.01940804077,0.0074,720.3689769,739.5565131902086,19.18753629020864,0.367224038,16.86056084349758,26.24860014,27.9545007144645
0.01951503397,0.0074,724.5903436,753.1919084848672,28.60156488486723,0.2273862634,19.342610745585656,27.912459,29.96898157840267
0.01960419498,0.0074,729.5169425,768.5061610645205,38.989218564520456,0.1187622445,21.51688693184974,29.22666751,31.724047044776768
0.01967849581,0.0074,735.3752127,784.7355920963681,49.3603793963681,0.03557082975,23.293598640303607,30.22282213,33.07988923720325
0.01974041318,0.0074,742.5398347,801.0788536684236,58.539018968423534,-0.02601985612,24.67840334841295,30.91235914,33.852386595921246
0.01979201098,0.0074,751.677773,816.8532489055791,65.1754759055791,-0.06879483407,25.742460321822982,31.2756608,33.871062951125005
0.01983500915,0.0074,764.0707871,831.5877771008998,67.5169900008998,-0.09540400138,26.563474839982778,31.23214183,33.01895571599576
0.01987084096,0.0074,782.2951377,845.0217138168509,62.72657611685088,-0.1061050695,27.190767611350957,30.56528031,31.254596203293886
0.0199007008,0.0074,810.8556553,857.0539598744831,46.19830457448313,-0.09833951675,27.64706572945228,28.79703041,28.646732111829458
0.019925584,0.0074,853.8964518,867.6850164145392,13.788564614539155,-0.07649940116,27.947370186683525,25.31755551,25.408917619110426
0.01994632,0.0074,908.9818618,876.9755811265408,32.00628067345929,-0.04896476191,28.11400545854123,20.14412685,21.867550570546474
0.0199636,0.0074,966.6634088,885.0210377985825,81.64237100141747,-0.02506940191,28.179333704467194,14.26876034,18.35549404320456
0.019978,0.0074,1018.825968,891.9399778079309,126.88599019206913,-0.009985992964,28.17900050334038,8.749190709,15.113053121916224
0.01999,0.0074,1063.060185,897.8563022373446,165.20388276265544,-0.003065431225,28.14361870868682,3.99621335,12.263735061450902
0.02,0.0074,1100.0,902.8944968337827,197.10550316621732,0.0,28.094638143045163,0.0,9.837708000790862
0.01904082657,0.007422887602,712.0550404,716.3223158308035,4.2672754308034655,0.8690695893,10.245289797084872,20.15474164,21.678865837042537
0.01877296255,0.007461552203,708.4137669,710.7921322758345,2.3783653758345054,1.289626234,7.060303526151705,15.27140109,16.532310484197698
0.01162898489,0.007504960942,699.997955,690.2878752503656,9.710079749634474,1.563513331,2.76299471025147,-1.27648414,-1.3534094071884182
0.01113026787,0.007505527249,699.9980709,693.0421209103397,6.955949989660326,1.514189903,2.6839982764359878,-1.245323664,-1.1594642258104555
0.01212834134,0.007506199555,699.9978297,692.0724374363771,7.925392263622939,1.617626374,3.136672832283211,-1.306442122,-1.442694329927268
0.0106262138,0.007507697176,699.9981797,695.559255407315,4.4389242926849874,1.468779159,2.9005581837946517,-1.212404722,-0.974552716243009
0.01312166068,0.007509506781,699.9975474,696.836162020614,3.161385379386047,1.740935301,4.174580458928487,-1.362601851,-1.8029894069816024
0.01012368741,0.007509653066,699.9982802,695.8469101938275,4.151370006172442,1.427881981,2.8895764299900746,-1.178310438,-0.9755559672077982
0.01262036165,0.007511867266,699.9976962,695.9166403486465,4.081055851353426,1.675864103,3.523456865302969,-1.334660133,-1.6019096696223656
0.009612050619,0.007520781386,699.9983765,696.1771619434994,3.8212145565005358,1.390108752,2.696916761790172,-1.141558932,-0.780122090849825
0.0136128627,0.007526867494,699.9973889,696.3935831529635,3.6038057470365175,1.810428729,4.626963463789748,-1.388665943,-1.9297491366530202
0.009102171187,0.00753930888,699.9984665,697.2674771534682,2.7309893465317145,1.356292055,2.5928885933227894,-1.102956752,-0.798851403582522
0.008592469474,0.00756578575,699.9985515,697.4834449498792,2.5151065501207768,1.325957303,2.570904260643209,-1.062214726,-1.1280927740874347
0.01410191345,0.007567525301,699.9972167,698.2256821180304,1.771534581969604,1.885086418,4.465756593623057,-1.413838326,-1.8385548007876356
0.008082576341,0.007595588476,699.9986308,698.5424507953297,1.4561800046702729,1.299464676,2.936030220420057,-1.019645749,-1.0388902297269258
0.01927964892,0.0076,717.3973115,729.8384992882278,12.441187788227808,0.4773307049,13.207961499531695,23.85157806,25.284205580557757
0.01940804077,0.0076,721.1343945,740.6256850335897,19.491290533589677,0.3169260505,15.570919765544339,25.84076063,27.422621772624233
0.01951503397,0.0076,725.4616859,753.4337088933903,27.972022993390283,0.1883505403,17.7538938895563,27.45130097,29.334756327729174
0.01960419498,0.0076,730.5085509,767.7124853786715,37.2039344786715,0.08897934999,19.652897353241038,28.71788014,31.00008231924108
0.01967849581,0.0076,736.5089699,782.7724090312255,46.26343913122548,0.01355814892,21.221636025041843,29.67073406,32.2965532375636
0.01974041318,0.0076,743.8522187,797.9062748072247,54.05405610722471,-0.04145041853,22.48382966017378,30.3196875,33.054737353044935
0.01979201098,0.0076,753.2338038,812.518011588575,59.28420778857492,-0.07883587362,23.500148630477568,30.64280471,33.11677121402026
0.01983500915,0.0076,765.9920373,826.1962424848421,60.20420518484207,-0.1010371307,24.324918603004164,30.55511542,32.37645143829904
0.01987084096,0.0076,784.7942806,838.7080921654983,53.91381156549835,-0.1078979219,24.98712807578639,29.83231325,30.799402705433785
0.0199007008,0.0076,814.1487473,849.9561126198648,35.80736531986486,-0.09725113266,25.497377009671013,27.995363,28.450586250915833
0.019925584,0.0076,857.8114355,859.9294457985087,2.1180102985086933,-0.07435278935,25.863148546631063,24.47857243,25.51990188932964
0.01994632,0.0076,912.7753569,868.6732182321498,44.10213866785023,-0.04704040836,26.09992265568311,19.37501972,22.292378809733282
0.0199636,0.0076,969.5962692,876.2653095786428,93.33095962135724,-0.02384649141,26.232869905281888,13.67977385,19.06061618573733
0.019978,0.0076,1020.663339,882.8078212984237,137.85551770157622,-0.00947175861,26.291645195713848,8.377086518,16.04176930681718
0.01999,0.0076,1063.900159,888.4113623126377,175.4887966873623,-0.002901183281,26.303841745293266,3.824343348,13.354548358246404
0.02,0.0076,1100.0,893.1884983777126,206.81150162228744,0.0,26.29074277599539,0.0,11.03713424734335
0.01848130922,0.007615967902,705.7170729,710.1335856117731,4.41651271177318,1.725654134,5.03510707737631,10.00837752,10.11987307015913
0.0190698172,0.00762297829,713.1047292,719.472474609712,6.367745409712029,0.7476331737,9.935808425485959,20.42822836,21.811662725012336
0.00756899045,0.007624581038,699.9987043,701.0052115216838,1.006507221683819,1.276909319,3.0864705291765713,-0.9751973297,-1.10932962737792
0.01802744505,0.007626168649,702.5140371,707.7850253152228,5.270988215222815,2.320410435,4.335530486559925,3.327000148,3.2701256215726966
0.01659346148,0.007628697736,700.0122975,702.0409262545048,2.02862875450478,2.386458854,3.960033641710991,-1.560963976,-2.0313952292703537
0.01461962868,0.007628947323,699.997017,699.9591637440179,0.037853255982099654,1.969438965,3.8311195140846888,-1.440279086,-1.4849206040391172
0.01887838756,0.007630233573,710.164817,714.4925674544601,4.3277504544601015,1.028110729,7.6768644445604135,17.13883984,18.324059336655314
0.01757671096,0.007632410279,700.8595611,705.4218126178994,4.562251517899426,2.536662214,4.18696443414174,-0.1819157233,0.11018517514988257
0.0161035896,0.007633717574,699.9968686,700.622172947077,0.6253043470770763,2.27190064,3.8819812777548153,-1.529548756,-2.090297240826269
0.01708895076,0.007634598027,700.1584057,703.3522206683152,3.1938149683152233,2.505550943,4.067713139193043,-1.404225648,-1.4227984805155716
0.01561546597,0.00764303837,699.9965564,699.3670182284111,0.6295381715889334,2.16205566,3.7562533859036726,-1.495702107,-1.8767209976812755
0.01512193172,0.007644131053,699.996792,699.3364963707746,0.6602956292254021,2.062075508,3.564419778830663,-1.467527353,-1.47648564651404
0.007056930554,0.00764665045,699.9987706,699.7930236557735,0.2057469442264619,1.258882824,3.043265449733024,-0.9296623131,-1.337183808740284
0.006546912523,0.007669907283,699.9988315,696.8890920286184,3.1097394713816584,1.24478008,3.595699034610326,-0.8821704715,-1.3020567855904197
0.006035799498,0.007688229447,699.9988862,695.1206379379192,4.878248262080774,1.234894106,4.134353364555841,-0.8328101919,-1.0381679478739763
0.005524675992,0.007705470216,699.9989358,693.3068425418962,6.692093258103796,1.228775892,3.8582198723988927,-0.7809751942,-0.8899089324981624
0.005014856453,0.007718763006,699.9989795,688.9733830813376,11.025596418662417,1.226648958,3.616912839684149,-0.7267005702,-0.8727256854018197
0.004510958432,0.007725231104,699.9990171,687.3161822355962,12.68283486440373,1.228267376,3.3388217909071702,-0.670372011,-0.923228044451947
0.004004566573,0.007735816269,699.9990515,688.9388759616016,11.060175538398312,1.232218251,2.6789794344633524,-0.6096566402,-1.0305920791515923
0.0,0.007739994224,699.99917,688.5126199638678,11.486550036132257,1.290087688,2.5090954516192143,-0.06603891789,0.02000438754657985
0.0004999999932,0.007739994212,699.9991683,688.4834344815462,11.515733818453782,1.287833914,2.361980212440699,-0.09925844189,0.0030947543497257257
0.0009999999932,0.007739994212,699.9991638,687.5550115954283,12.444152204571765,1.28259786,2.0603984842233336,-0.1722532913,-0.3221012493616815
0.001499999993,0.007739994212,699.9991544,688.7451731324893,11.253981267510653,1.275735477,2.081903840283119,-0.2521999038,-0.4673946431172382
0.001999999993,0.007739994212,699.9991413,689.9383176501636,10.06082364983638,1.267190895,2.243069060308958,-0.3311763105,-0.6618311526803033
0.002499999993,0.007739994212,699.9991246,690.3812306116428,9.617893988357196,1.257621824,2.4165002468156365,-0.4068525863,-0.8452216043333918
0.002999999993,0.007739994212,699.9991043,690.3361756724579,9.662928627542101,1.247984642,2.3378925476481047,-0.478454788,-0.9003312684007039
0.003499999993,0.007739994212,699.9990804,689.23015805254,10.768922347460034,1.239120047,2.217815191572515,-0.5457213133,-1.0279280212377602
0.01878567326,0.007792493399,709.4295029,714.679051470488,5.249548570488059,1.132435117,6.530944119306271,15.42128605,16.17609607895616
0.01927964892,0.0078,718.0966873,731.5557773635232,13.459090063523263,0.4225985551,12.392423974893902,23.50750763,24.914435518951795
0.01940804077,0.0078,721.9135467,742.0499150934238,20.136368393423822,0.2725842887,14.541487942562394,25.44019725,27.00639913188907
0.01951503397,0.0078,726.3406954,754.4276738295459,28.08697842954598,0.1538682133,16.471652653294385,27.00037872,28.85513764069112
0.01960419498,0.0078,731.5046221,768.1245901163754,36.619968016375424,0.06278474138,18.114146782853492,28.22114676,30.451059848451173
0.01967849581,0.0078,737.6453732,782.4838951462965,44.83852194629651,-0.005686486518,19.46298659433735,29.13205107,31.681472133599442
0.01974041318,0.0078,745.1665007,796.8578883727579,51.691387672757855,-0.05479643459,20.566291883810013,29.74167148,32.387557808950305
0.01979201098,0.0078,754.7925981,810.7122941040531,55.919696004053094,-0.08744275057,21.486801646774495,30.02579655,32.42400435719609
0.01983500915,0.0078,767.9195781,823.6827352922926,55.763157192292624,-0.1055464112,22.266263207744533,29.89495314,31.696326720465194
0.01987084096,0.0078,787.3029768,835.5615129633259,48.25853616332586,-0.1089703929,22.918462763342053,29.11770836,30.17868750880813
0.0199007008,0.0078,817.4358575,846.2591496306733,28.82329213067328,-0.09641399539,23.442289643144345,27.21625046,27.938689949993012
0.019925584,0.0078,861.6704024,855.7619951750477,5.9084072249522706,-0.0725123977,23.8369316694048,23.67034621,25.158031325789544
0.01994632,0.0078,916.4649666,864.1079095863945,52.35705701360553,-0.04516884904,24.111274205505122,18.64247736,22.101767010593168
0.0199636,0.0078,972.4244616,871.3649883461567,101.0594732538433,-0.02273842838,24.28459432496953,13.12359143,19.038827104666275
0.019978,0.0078,1022.429669,877.6262407898603,144.8034282101397,-0.009004888274,24.38201400442177,8.027196227,16.16842017934579
0.01999,0.0078,1064.707223,882.9935297394923,181.71369326050785,-0.002752994256,24.428086001893945,3.663037237,13.601245122611683
0.02,0.0078,1100.0,887.5717606572648,212.4282393427352,0.0,24.442968985558302,0.0,11.375254830199388
0.0190351858,0.007823776161,713.151299,720.3417390243047,7.190440024304735,0.7387907229,8.931686004761593,19.6327853,20.861242779503602
0.01802901694,0.007998287832,702.9789042,709.1599646034009,6.18106040340092,2.154007528,4.1677845442795105,3.550311705,3.4514992739989134
0.01927964892,0.008,718.7941137,733.8301449662569,15.036031266256828,0.3800178453,11.795619106629205,23.17291568,24.595775356936223
0.01940804077,0.008,722.6974788,744.3546255749569,21.657146774956914,0.2364261544,13.801309406105696,25.05015597,26.684811595357466
0.01951503397,0.008,727.2248546,756.7011823338629,29.476327733862945,0.1252627697,15.55365578216129,26.5612701,28.51771874509344
0.01960419498,0.008,732.5044504,770.2770373354778,37.77258693547776,0.04079383885,17.005538042112374,27.7373394,30.0831021111687
0.01967849581,0.008,738.7841508,784.4310059118941,45.64685511189407,-0.02183034011,18.182203113005247,28.60734041,31.264616944602018
0.01974041318,0.008,746.482546,798.5439764027595,52.061430402759584,-0.06588441797,19.153456630907442,29.17866621,31.90181664315059
0.01979201098,0.008,756.3542585,812.1172899048918,55.76303140489176,-0.094416664,19.986070713294453,29.42480546,31.852045392208232
0.01983500915,0.008,769.8540058,824.8135951747589,54.959589374758934,-0.1090004859,20.713719499044917,29.25173394,31.025513701468768
0.01987084096,0.008,789.8221886,836.4413729250575,46.61918432505752,-0.1095572421,21.338763162807098,28.42152055,29.403459895265136
0.0199007008,0.008,820.7178066,846.9161928725055,26.198386272505445,-0.09538578842,21.850365726269402,26.4595313,27.066205834564258
0.019925584,0.008,865.475693,856.2243691020487,9.251323897951238,-0.07060967557,22.241238414782774,22.89189908,24.211903882209338
0.01994632,0.008,920.056608,864.4004922568802,55.65611574311981,-0.04336123836,22.516719388066377,17.94441783,21.116871713748942
0.0199636,0.008,975.155384,871.5106055277809,103.64477847221917,-0.02170989378,22.69424617175681,12.59776874,18.04912296998642
0.019978,0.008,1024.130458,877.6447591335084,146.4856988664917,-0.008572024614,22.79786478050582,7.697655103,15.198856087127716
0.01999,0.008,1065.483969,882.9027039457751,182.5812650542248,-0.002615733073,22.85137132812003,3.511361469,12.665806273621154
0.02,0.008,1100.0,887.3875079107356,212.61249208926438,0.0,22.87416783854622,0.0,10.479345834472529
0.01840026847,0.008005661008,705.7283821,712.2367778549867,6.508395754986736,1.657914852,4.589631054206298,8.77562926,8.457909881734476
0.01872278307,0.008006863821,709.1789637,715.7558955400067,6.576931840006637,1.137669682,5.840114058068753,14.28947831,14.618420975425614
0.01162279503,0.008008170527,699.9980429,692.3606888190122,7.637354080987734,1.530220816,2.627937186849535,-1.246624039,-1.1665016929886853
0.01756716605,0.008009306328,701.0172369,706.1533349196873,5.136098019687324,2.444588352,3.971883106783314,-0.1290857044,0.17906379673981832
0.0111228262,0.008010279607,699.9981611,693.5455525825038,6.452608517496174,1.479817987,2.8087543316672576,-1.212728541,-0.9250947973468415
0.01061639334,0.008010604005,699.9982715,693.8770213882659,6.121250111734071,1.433407319,3.0014764750784373,-1.177495568,-0.8331046275049889
0.01211810658,0.008014165512,699.9979166,693.2431499398386,6.754766660161408,1.584715509,2.5097687955629846,-1.279197264,-1.3889953955890366
0.01010974866,0.008014677429,699.9983747,693.7598499097711,6.238524790228894,1.390956687,2.8402765466018884,-1.140779467,-0.9588787587212613
0.01903087092,0.008015510186,713.6276546,722.3085016661835,8.680847066183446,0.6863715902,8.491721683564295,19.35757781,20.474352725627526
0.01261150686,0.008017603276,699.9977793,695.557465618947,4.440313681052999,1.644249492,2.7165756282721967,-1.311212868,-1.5434033684909787
0.01310843997,0.008023108737,699.9976284,696.3150949670635,3.682533432936566,1.709491542,3.319121274284293,-1.34296054,-1.7132617004591726
0.01360007409,0.008026263916,699.997464,696.9380367745232,3.0594272254768384,1.780079103,3.762806341397681,-1.373927084,-1.8238649706785628
0.009594859854,0.008027595131,699.9984729,694.6653396409331,5.333133259066926,1.351724521,2.6091460316352553,-1.10179228,-0.9390167432863832
0.01708189789,0.008043174153,700.193422,703.7930574752875,3.599635475287414,2.446627648,3.780875560837197,-1.402274333,-1.4396404457587888
0.009085063536,0.008050790321,699.9985641,696.1220364617635,3.876527638236439,1.316449669,2.813405264062369,-1.061402423,-0.8974774460081942
0.01657221068,0.008055016525,700.0127722,701.9420106173642,1.9292384173642176,2.339803481,3.6246597658825745,-1.577133873,-2.0880288933369653
0.01409751503,0.008055333607,699.9972846,698.9118631144945,1.0854214855054352,1.855788042,3.436553846415797,-1.404450409,-1.8940925382138247
0.01607387003,0.008069175862,699.9969119,700.0781488747257,0.08123697472569802,2.232670105,3.501493357693814,-1.540185762,-2.118679534249506
0.008572914201,0.008081085233,699.9986502,696.341225877237,3.657424322763063,1.284499007,3.1698541111617704,-1.018985878,-1.052320847481365
0.01459459157,0.008083121032,699.9970848,700.0341916724065,0.03710687240641164,1.937945507,2.972328318172355,-1.435803292,-1.7080071367550262
0.01558520692,0.008090118666,699.9966243,699.1150160261901,0.8816082738098885,2.126536762,3.2455463004696803,-1.502226619,-1.8614515768388786
0.01509364101,0.008096871318,699.9968586,699.4412109222278,0.5556476777721855,2.028766027,2.89665001224473,-1.468575876,-1.5770475808307136
0.008065047637,0.008114806718,699.9987297,697.2181983137347,2.780531386265352,1.256479942,3.4447866909241593,-0.9752389228,-1.0349169440144674
0.007554362687,0.008143374597,699.9988026,699.5358310672852,0.46297153271473235,1.232602435,3.516487408400443,-0.9301317383,-0.9605895811142968
0.007045335668,0.008166806992,699.9988689,697.8254138474006,2.173455052599479,1.212887688,3.337870779357722,-0.883901282,-1.042547241308255
0.006533515037,0.008192877311,699.9989304,696.276602585228,3.7223278147719157,1.196573914,3.992208375518967,-0.8354404868,-1.0338504382234524
0.01927964892,0.0082,719.4679863,736.8112164720748,17.343230172074755,0.3411857647,11.367025273884433,22.85032266,24.31074028370827
0.01940804077,0.0082,723.474182,747.6238649399528,24.149682939952754,0.204653253,13.27746864292312,24.67313804,26.412686390849444
0.01951503397,0.0082,728.1077229,760.2072226318737,32.09949973187372,0.1006047708,14.911591094171026,26.13533435,28.254199139037063
0.01960419498,0.0082,733.5046863,773.9557683471601,40.45108204716007,0.02192321745,16.235107620017022,27.26733569,29.813174644111406
0.01967849581,0.0082,739.9235743,788.2185441244311,48.294969824431064,-0.03555171314,17.296318500468853,28.09723014,30.958828404202144
0.01974041318,0.0082,747.7995814,802.3904225164503,54.59084111645029,-0.07517005151,18.18142564370935,28.63113034,31.517383230200025
0.01979201098,0.0082,757.9187846,815.9918953555731,58.07311075557311,-0.100145221,18.95933226608759,28.84016133,31.336992234144013
0.01983500915,0.0082,771.7961224,828.7013615359066,56.90523913590664,-0.1117613407,19.655306119720297,28.62574201,30.32325862071074
0.01987084096,0.0082,792.3531927,840.3358450266242,47.982652326624134,-0.1097710405,20.260316065732788,27.74389763,28.462998907280777
0.0199007008,0.0082,823.9956805,850.813659886608,26.81797938660793,-0.09410922793,20.75446722017821,25.72503523,25.86251944901759
0.019925584,0.0082,869.2297241,860.12022530662,9.109498793379998,-0.06870531862,21.12629885263219,22.14233803,22.763271272837127
0.01994632,0.0082,923.5559246,868.2894756741182,55.26644892588183,-0.04168668216,21.381392081968862,17.27900366,19.47944257164505
0.0199636,0.0082,977.7959124,875.3887189636636,102.40719343633646,-0.02076800816,21.53982227607877,12.10018428,16.292620295118773
0.019978,0.0082,1025.770762,881.5095088162429,144.26125318375716,-0.008180071191,21.628183049895753,7.386866599,13.385126918077898
0.01999,0.0082,1066.232776,886.7535290750063,179.47924692499373,-0.002492582081,21.67152696314214,3.368524497,10.83995424357305
0.02,0.0082,1100.0,891.224790307982,208.77520969201805,0.0,21.689061672440726,0.0,8.670206317930251
0.006025611793,0.00820567418,699.9989841,694.8424093701452,5.15657472985481,1.185108293,4.294616164863225,-0.7863776362,-0.9024142645387423
0.01902193148,0.008215608809,714.0019262,724.4507470915878,10.448820891587843,0.6343216335,8.1020360240652,19.01698216,20.03719715053905
0.005516403385,0.00821707588,699.9990328,691.026962390989,8.972070409011053,1.177083127,3.833542163944233,-0.7350689963,-1.0014242490491796
0.005009523778,0.008225778843,699.9990762,686.4165868741263,13.582489325873667,1.172545823,3.594192687849521,-0.6817175838,-1.1073878513170365
0.01878647222,0.008230969539,710.5218363,718.7096190795609,8.187782779560848,0.9349426153,6.05296016120147,15.30156777,15.666054762588473
0.004503276287,0.008234768665,699.9991153,686.1723404215003,13.826774878499691,1.170744228,3.2362305522991726,-0.6256241142,-1.1529430945393235
0.0,0.008239994224,699.9992733,688.4344897356414,11.564783564358663,1.207315225,2.167238037198209,-0.05986959457,-0.046505855666067575
0.0004999999865,0.008239994201,699.9992713,690.1748083531949,9.82446294680517,1.205748602,2.1328072540940974,-0.09020690307,0.005973584464231685
0.0009999999797,0.008239994189,699.999266,689.7323965324587,10.266869467541369,1.20224743,1.9670605185745662,-0.157003789,-0.379748461690375
0.001499999976,0.008239994183,699.9992561,690.1406591911325,9.858596908867526,1.197812083,2.0317570706976147,-0.2305044941,-0.46122214891158286
0.001999999975,0.008239994181,699.9992422,690.5238409488087,9.475401251191329,1.192342551,2.0921220081720815,-0.3036316876,-0.5424751797622358
0.002499999974,0.008239994179,699.9992246,689.8824285253908,10.116796074609283,1.186322223,2.1399502532501717,-0.3743312929,-0.6728404345285206
0.002999999973,0.008239994178,699.9992033,689.999218182367,9.999985117632946,1.180475925,2.327521662576019,-0.441924987,-0.7293328785179769
0.003499999973,0.008239994178,699.9991782,689.7800049030487,10.219173296951226,1.175464576,2.3558368166650654,-0.5062108981,-0.9575253996485245
0.003999999973,0.008239994178,699.9991493,688.4722662021295,11.526883097870495,1.171840929,2.6106523783960602,-0.5671428092,-1.1948045501185227
0.01804620477,0.008343762103,703.5529292,709.4741321216053,5.9212029216053,1.97523379,4.0089170236906595,3.983408779,3.784769829830158
0.01846069382,0.008350983242,707.0888717,714.2160093558296,7.127137655829529,1.378800862,4.555380755045877,9.975401259,9.48060508589722
0.01760374179,0.008351877209,701.3149237,706.2630847424159,4.948161042415904,2.34610952,3.789018163373714,0.1399577937,0.4525864915946878
0.01927964892,0.0084,720.1399433,740.0904309242418,19.95048762424176,0.3022481365,11.044326924255232,22.53859072,24.03627317958743
0.01940804077,0.0084,724.2470533,751.3447633655862,27.097710065586284,0.1738558026,12.886991630747842,24.30713252,26.140734769352925
0.01951503397,0.0084,728.9877166,764.3009339745712,35.313217374571195,0.07738156592,14.442659100011339,25.72118032,27.987413818696467
0.01960419498,0.0084,734.5031349,778.3618693516164,43.85873445161644,0.004743843958,15.68429839063294,26.81030466,29.541684929950584
0.01967849581,0.0084,741.0619509,792.884080918797,51.822130018797,-0.04774942685,16.675557859524258,27.60125393,30.65273977113832
0.01974041318,0.0084,749.1166724,807.2712111918798,58.15453879187987,-0.08325260204,17.51416262050378,28.09879786,31.124305971693587
0.01979201098,0.0084,759.4861251,821.0528441281302,61.56671902813025,-0.1050802293,18.268745164005036,28.27169528,30.784912937100685
0.01983500915,0.0084,773.7468996,833.9162440400381,60.16934444003812,-0.114005886,18.954799342424888,28.01686221,29.527865956983966
0.01987084096,0.0084,794.8976594,845.6833150530605,50.78565565306053,-0.1095494298,19.55095169181624,27.0846002,27.34803697729175
0.0199007008,0.0084,827.2711706,856.2729916860474,29.001821086047357,-0.09263727436,20.02885234963934,25.01220327,24.395219310696437
0.019925584,0.0084,872.9355804,865.6709079043644,7.2646724956356366,-0.06688370466,20.375548122089292,21.42041983,20.97778464817586
0.01994632,0.0084,926.9689198,873.9119526492661,53.05696715073384,-0.04014645624,20.60092397592824,16.64414361,17.461098750179705
0.0199636,0.0084,980.35289,881.0667390378333,99.28615096216674,-0.019913944,20.731406925526624,11.62854946,14.139155338580451
0.019978,0.0084,1027.355491,887.2309849519888,140.1245060480112,-0.007830483961,20.798262343283824,7.09310696,11.17822487276107
0.01999,0.0084,1066.955943,892.5092975558839,174.44664544411603,-0.00238464226,20.828146319344953,3.233652703,8.636706267752611
0.02,0.0084,1100.0,897.0081095978051,202.99189040219494,0.0,20.839502924417197,0.0,6.505089233984163
0.01708203367,0.008422536418,700.243264,703.5579031475711,3.3146391475711425,2.3979895,3.5567492112237993,-1.379399787,-1.3834642759004607
0.01905650802,0.008427762306,715.196291,728.2943295438897,13.098038543889743,0.5386565567,8.23442099676248,19.31818367,20.364312864674286
0.01879128759,0.008453445387,711.1499613,720.5716671699864,9.421705869986454,0.8570252282,5.923324097800404,15.291212,15.571790361087434
0.01655478339,0.008474650422,700.0103843,701.4357630115011,1.4253787115010255,2.299790624,3.415881493173046,-1.5904711,-2.053354951267974
0.01606059464,0.008510318763,699.9969423,699.9384737904834,0.058468509516615086,2.193411862,3.30085074583066,-1.551752788,-2.1454024917661707
0.01060441472,0.008513796972,699.9983557,692.3394022693549,7.65895343064517,1.395354494,2.798612522369857,-1.150147149,-0.8002003495278469
0.01008455203,0.008516543676,699.9984618,692.3504750933919,7.647986706608094,1.351358186,2.3527477645518946,-1.110537897,-1.1038558783456889
0.01111113919,0.0085172259,699.9982452,693.742119073005,6.256126126995014,1.442220086,2.8996002305550617,-1.187251139,-0.8498392066478697
0.0116127306,0.008519471065,699.9981259,694.8749119269089,5.123213973091083,1.49337949,2.610319177269246,-1.223747469,-1.1449053184812454
0.01211435178,0.008519677368,699.997995,695.4942264299427,4.503768570057218,1.549953766,2.2158090431214887,-1.260155503,-1.3451642141420184
0.01260844636,0.008523076013,699.9978552,696.99807820831,2.999776991690055,1.610251675,2.342814205958753,-1.295488632,-1.313221997940496
0.01310845275,0.008523043288,699.9977005,697.3834315758727,2.614268924127259,1.676517266,2.688496491647977,-1.330863097,-1.525765569271293
0.01360438066,0.008529265186,699.9975329,697.9264772305829,2.071055669417092,1.747341051,2.9307406525318855,-1.365725189,-1.8241635923000477
0.009568869288,0.008530646052,699.998561,693.6923152286836,6.306245771316412,1.31118184,2.3073768777840566,-1.069332589,-1.3904958589088094
0.01409775161,0.008539824336,699.9973498,699.3911923033022,0.6061574966978469,1.823151242,2.8086571480052696,-1.400738003,-1.9686376153996097
0.01557707496,0.008549504944,699.996693,699.8045021651739,0.19219083482619226,2.090293432,3.025959816209123,-1.51202432,-1.9444124879976261
0.01459234776,0.008554991073,699.9971463,700.6334366818733,0.6362903818732093,1.905233668,2.6602646378406334,-1.436806616,-1.8770711057892222
0.00905881359,0.008559533744,699.9986535,695.1549302830509,4.843723216949115,1.274483858,3.1133001615752383,-1.026956424,-1.3621356311226283
0.01508670786,0.008564408469,699.9969209,700.6765586496207,0.6796377496207242,1.994166793,2.7022410381290536,-1.474031462,-1.7524193799778391
0.008548857502,0.008590402953,699.9987392,695.5000969357899,4.498642264210162,1.241655835,3.923839669310822,-0.9834529413,-1.1635360713684282
0.01927964892,0.0086,720.8384006,742.6817819788788,21.843381378878803,0.2652382993,10.75828069857557,22.23329596,23.72632453108136
0.01940804077,0.0086,725.0273138,754.3300468400303,29.30273304003026,0.1451083443,12.54592556900302,23.94848107,25.800509124721792
0.01951503397,0.0086,729.8687396,767.6091907259904,37.740451125990376,0.05595732956,14.05179335318811,25.31675088,27.62386920882509
0.01960419498,0.0086,735.5005762,781.9471734104868,46.44659721048686,-0.01075101159,15.248922526619475,26.36485983,29.158404814296787
0.01967849581,0.0086,742.1989821,796.7187263611811,54.51974426118113,-0.05855637449,16.204980684800926,27.11845884,30.238226481753713
0.01974041318,0.0086,750.4334209,811.3331955527732,60.8997746527732,-0.09024493954,17.022989451129256,27.58101467,30.64168341593105
0.01979201098,0.0086,761.0563118,825.3200098275364,64.2636980275364,-0.1091962913,17.771511899136588,27.71894425,30.169934806109453
0.01983500915,0.0086,775.7070395,838.3666840683322,62.65964456833228,-0.1157001603,18.458343546852337,27.42478577,28.698312745010362
0.01987084096,0.0086,797.4563753,850.2951939921523,52.83881869215236,-0.1090426389,19.051719220186907,26.4433587,26.231857024137263
0.0199007008,0.0086,830.5441134,861.0246173009162,30.480503900916233,-0.09101366431,19.516701392655822,24.32061404,22.97178271675665
0.019925584,0.0086,876.5935415,870.5397169296505,6.053824570349548,-0.06502504273,19.84115598989094,20.7251925,19.29644488833155
0.01994632,0.0086,930.2983555,878.876944901451,51.42141059854896,-0.0386483814,20.041062782599045,16.03820232,15.61413284755444
0.0199636,0.0086,982.8302625,886.1106490251266,96.71961347487343,-0.01909243618,20.149644699799552,11.1811086,12.219734710119791
0.019978,0.0086,1028.887582,892.3399716443442,136.54761035565582,-0.007495115832,20.20214470234318,6.815104456,9.257077240440204
0.01999,0.0086,1067.654842,897.6728966573097,169.9819453426902,-0.002280154153,20.225635381783565,3.10612921,6.757946724215334
0.02,0.0086,1100.0,902.2171931876242,197.78280681237584,0.0,20.236964220095242,0.0,4.691991142154131
0.008044982438,0.00862575558,699.9988181,697.0521775447147,2.946640555285285,1.212536144,4.108440035255911,-0.9389623655,-1.0483460907264366
0.01840030977,0.008630895093,707.0185287,713.9051350482223,6.886606348222244,1.364007971,4.301238537258652,9.122571322,8.487449885581892
0.01902917838,0.008634309562,715.3184233,728.9446193176132,13.62619601761321,0.5206090429,7.744837474430467,18.70986948,19.641398463462437
0.01801777084,0.008649316413,703.7982011,709.09455380451,5.296352704510014,1.916697714,3.8576020619762588,3.849026829,3.647028768117459
0.00754027205,0.008656654382,699.9988904,698.3519218575899,1.64696854241015,1.187430722,4.126252412160175,-0.8933527026,-0.8849677008402042
0.01875858146,0.00865773745,711.2245574,720.7602750682112,9.535717668211191,0.8399192245,5.589845303380741,14.69954632,14.79785579387589
0.0176570046,0.008669445828,701.754241,706.2873781365315,4.533137136531536,2.265796266,3.6570288670145246,0.5336758457,0.8789490280780896
0.007034143994,0.008684374652,699.9989568,695.8261247849132,4.172832015086783,1.166013926,3.7902051923879885,-0.8463764724,-0.9732067123826242
0.006525544125,0.008703933289,699.9990168,694.1327224864475,5.866294313552544,1.148731232,3.9079362571955967,-0.7981361702,-1.0563794536571045
0.01732806004,0.008705373728,700.5857365,704.4495518486868,3.863815348686785,2.391861119,3.509885861075441,-1.082462687,-0.6064846507752613
0.006016659494,0.008718649114,699.999071,692.1679405436961,7.8311304563038675,1.135170315,3.9504124591742373,-0.7484401507,-1.0301184034761341
0.005508772875,0.008728431578,699.9991195,689.0230914702795,10.97602802972051,1.125214732,3.6920982856116966,-0.6972646069,-1.0865726003613618
0.00500369622,0.008734401356,699.9991626,686.3371918621198,13.66197073788021,1.118568285,3.4965161658620296,-0.6445706152,-1.2220791485615736
0.0,0.008739994224,699.9993618,688.3359559200192,11.663405879980814,1.131478963,2.0967659988770517,-0.05500432813,-0.02874890200628233
0.0004999999729,0.008739994178,699.9993596,690.5406888233133,9.458670776686745,1.130418416,1.903918905043316,-0.08306563435,-0.06966741936197618
0.0009999999729,0.008739994178,699.999354,691.4838834294287,8.515470570571324,1.128198568,1.9516360830791355,-0.1449467707,-0.3218055698251385
0.001499999973,0.008739994178,699.9993437,691.7082512992471,8.291092400752973,1.125567833,2.060898285913554,-0.2132924098,-0.3361776547606121
0.001999999973,0.008739994178,699.9993295,692.0562338856851,7.943095614314984,1.122396395,2.0823342250719206,-0.2816820866,-0.3427532146031469
0.002499999973,0.008739994178,699.9993116,691.501566538505,8.497745061495038,1.119067589,2.0540815461941513,-0.3483110816,-0.427204291784375
0.002999999973,0.008739994178,699.9992898,690.7939558093143,9.205333990685745,1.116134384,2.291591474401245,-0.4125744159,-0.49424263924388345
0.003499999973,0.008739994178,699.9992641,690.7585657273167,9.240698372683255,1.114090093,2.608306087128078,-0.4742515791,-0.7224425155867831
0.003999999973,0.008739994178,699.9992347,688.8091282368408,11.190106463159168,1.113439846,2.61394968121349,-0.5333105013,-1.2265319941193713
0.004499999973,0.008739994178,699.9992013,686.5299878651257,13.469213434874291,1.114576668,3.0242313353637753,-0.5897921897,-1.3757721948229182
0.01927964892,0.0088,721.5341917,743.2007370821551,21.666545382155164,0.2360137016,10.423739825564187,21.93278474,23.3079718208491
0.01940804077,0.0088,725.8092338,754.8764930926397,29.067259292639733,0.1221320157,12.15605248387009,23.59816825,25.29781272340864
0.01951503397,0.0088,730.7501137,768.1281338973442,37.3780201973442,0.03842639797,13.6351878193185,24.92245382,27.04490219750842
0.01960419498,0.0088,736.4968928,782.4303088825571,45.93341608255719,-0.02361822867,14.823563521480857,25.93097552,28.5299225134276
0.01967849581,0.0088,743.334326,797.196062918939,53.86173691893896,-0.06739269009,15.772194071210413,26.64858624,29.59652539324582
0.01974041318,0.0088,751.7493481,811.845194345259,60.09584624525894,-0.09579093921,16.578186771903013,27.07740388,30.011488821626358
0.01979201098,0.0088,762.6290093,825.895999520141,63.266990220141,-0.1120476963,17.314949996809865,27.18142305,29.549378482070594
0.01983500915,0.0088,777.6767987,839.0215079725881,61.34470927258815,-0.1165287134,17.994826071003374,26.84888305,28.061710289704763
0.01987084096,0.0088,800.0303954,851.0332549874448,51.002859587444846,-0.1085067572,18.585036333633212,25.81947412,25.54850189703849
0.0199007008,0.0088,833.8159725,861.8443881011713,28.02841560117122,-0.08958521486,19.04765138976372,23.64950693,22.2299507093759
0.019925584,0.0088,880.2066271,871.4359713528333,8.770655747166643,-0.06329729444,19.368885042772966,20.05549581,18.512920595255693
0.01994632,0.0088,933.5498848,879.8429891390653,53.70689566093472,-0.03730224932,19.565647249846766,15.45950216,14.821360110467396
0.0199636,0.0088,985.2342304,887.1391210810182,98.09510931898183,-0.01836558625,19.67261869493434,10.75618934,11.448059664142733
0.019978,0.0088,1030.371409,893.4242254377067,136.9471835622934,-0.007203464666,19.725694857759752,6.551693065,8.52593676973407
0.01999,0.0088,1068.331519,898.8057372389034,169.5257817610967,-0.002190947139,19.751809496073797,2.985400335,6.076696658891657
0.02,0.0088,1100.0,903.392177319324,196.607822680676,0.0,19.76702568086497,0.0,4.062273165609837
0.01901176536,0.008835150109,715.5590895,728.2714918443135,12.712402344313432,0.4960135574,7.351208934930738,18.26604289,19.04893905060757
0.01873628753,0.008859724033,711.3897426,720.1035539882852,8.713811388285194,0.7960124937,5.322833192070327,14.29981116,14.222759095298748
0.01651824709,0.008881597354,700.0078247,701.2705774770528,1.2627527770528104,2.257004723,3.3285827979477824,-1.606577182,-2.086752028472688
0.01841107666,0.008885743706,707.6471182,714.0788996349147,6.431781434914683,1.236249049,4.208087997243719,9.427640489,8.685015302479425
0.01690717509,0.008906763126,700.0985137,702.6688556055502,2.570341905550208,2.334591312,3.3557872816141154,-1.578337488,-1.5919860171172786
0.01805644455,0.008965214486,704.6081631,709.630678944197,5.022515844197073,1.7383652,3.7582109425237045,4.639413185,4.238960076725468
0.01608144002,0.008991494126,699.9974304,700.6794700386994,0.6820396386993934,2.15472931,3.246886046667078,-1.569531428,-2.297743649997249
0.01762057699,0.008996228275,701.9003167,706.2825576398602,4.382240939860253,2.200977283,3.5150296534706316,0.5455431046,0.8812159045249235
0.01927964892,0.009,722.2014333,741.270498054907,19.069064754907004,0.2109581947,10.017178917329991,21.64256291,22.75677220720305
0.01940804077,0.009,726.5810769,752.6031158394698,26.02203893946978,0.1026660868,11.694582806613006,23.25912092,24.62636127198007
0.01951503397,0.009,731.6263752,765.457423626468,33.83104842646799,0.02359032742,13.165638014736176,24.53952404,26.256576421809285
0.01960419498,0.009,737.4894598,779.3579701018914,41.86851030189143,-0.03437785224,14.378969092958874,25.50920116,27.658762336222168
0.01967849581,0.009,744.4665602,793.7740352869243,49.30747508692434,-0.07456538756,15.351340222973924,26.19177649,28.713758690949206
0.01974041318,0.009,753.0636462,808.1552473264702,55.09160112647021,-0.1002011612,16.155458667328197,26.58790861,29.207693563308858
0.01979201098,0.009,764.203969,822.0148673078776,57.81089830787755,-0.1140261861,16.867877384907203,26.65921892,28.907777424450686
0.01983500915,0.009,779.6562399,835.0036478609284,55.34740796092842,-0.1166748976,17.519681264166636,26.28993773,27.643972475225112
0.01987084096,0.009,802.6191061,846.9153457060113,44.29623960601134,-0.1076256582,18.09329394566705,25.2135086,25.38869961139772
0.0199007008,0.009,837.0852126,857.6529901093458,20.567777509345774,-0.08797732117,18.555291191374923,22.99850574,22.32723369002613
0.019925584,0.009,883.7745901,867.1920371064444,16.58255299355551,-0.06151864047,18.88829100917479,19.41017707,18.83297677657564
0.01994632,0.009,936.7261505,875.5629966230215,61.16315387697853,-0.03598981988,19.10215059906823,14.90624075,15.312623569700865
0.0199636,0.009,987.568547,882.8346919877894,104.7338550122106,-0.01766821126,19.225289240496423,10.35193555,12.059158656139605
0.019978,0.009,1031.809717,889.103020061508,142.7066969384921,-0.006926472689,19.29007603459132,6.301506002,9.214427306096887
0.01999,0.009,1068.987257,894.4726953956307,174.5145616043693,-0.002107051212,19.322861637131787,2.870772367,6.811001341951546
0.02,0.009,1100.0,899.0506996068766,200.9493003931234,0.0,19.340514355162785,0.0,4.820629393060206
0.01005140824,0.009002304614,699.9985425,694.1271622105841,5.871380289415924,1.310163243,2.291181914682869,-1.085634658,-1.2191164690262575
0.01722977097,0.009008978859,700.5465759,704.2316272169935,3.6850513169935084,2.340516436,3.3879758988023747,-1.159721868,-0.78376144992151
0.01058366579,0.009018132258,699.998437,693.3585554938103,6.639881506189681,1.353809762,2.5845446817721562,-1.12756426,-0.9886364768542908
0.01161252256,0.009023993376,699.9981995,696.243145474668,3.755054025332015,1.456187455,2.543942736131844,-1.208288438,-1.1774506620956178
0.01109315868,0.009024867728,699.9983251,695.0168302125725,4.981494887427516,1.401922277,2.8715558023815513,-1.167303899,-0.9109889710985044
0.009527326542,0.009025714689,699.9986442,696.0179900979678,3.98065410203219,1.268438136,2.7186026017936484,-1.041503329,-1.3846543492589873
0.01559384881,0.009025999841,699.9967802,701.3189733545248,1.3221931545248253,2.054538295,3.007918363530174,-1.525491843,-2.1851368199332204
0.01211748145,0.009027567958,699.9980672,696.4423847157989,3.5556824842011565,1.513227886,2.097953027891326,-1.247505901,-1.3527312566095793
0.01311369014,0.009028221867,699.9977699,698.5036481835104,1.4941217164895306,1.639964249,2.518175182324896,-1.324164291,-1.4706161870572805
0.01261320199,0.009029565481,699.997926,697.9478830994648,2.0500429005352316,1.573745742,2.2272767152360036,-1.285665763,-1.279568959345938
0.0136062674,0.009031041187,699.9976014,698.9385190292559,1.059082370744136,1.710253848,2.710786258693804,-1.362453591,-1.8284972834177449
0.01410082564,0.00903703358,699.9974154,700.207276139519,0.20986073951894468,1.786070172,2.7717412398303374,-1.401686411,-2.0028702447274913
0.01903431519,0.009037002457,716.5113376,727.4190633723028,10.907725772302797,0.4332360856,7.282146059708398,18.37524854,19.023222286140633
0.01509365788,0.009041766794,699.996982,702.5629001341619,2.5659181341618478,1.95715946,2.780140684902107,-1.483409391,-2.015880144335406
0.01459719406,0.009042261994,699.997208,702.0000474881787,2.0028394881786653,1.868639918,2.7729768606756062,-1.442043422,-2.0254110285009057
0.009016682473,0.009062918429,699.9987376,696.4837407590232,3.514996840976778,1.230173493,3.741182976605481,-0.9975389839,-1.2397198898662003
0.01874937188,0.009065987545,712.0347116,719.1013321617914,7.06662056179141,0.7158208306,5.206872258248919,14.4197638,14.257405087560802
0.01846991981,0.009089160295,708.7085401,714.4048916882707,5.696351588270659,1.069975125,4.208546148793087,10.39826212,9.617317888923132
0.008519306821,0.009103379032,699.9988221,696.7697012125473,3.229120887452723,1.19663994,4.216660984569036,-0.9534778579,-1.0866373262300577
0.00802329041,0.009140734729,699.9988999,697.2921762329473,2.7067236670526427,1.166735218,4.00115621411195,-0.9085833482,-1.1122614150213588
0.007524275803,0.009172523378,699.9989712,696.4594950925974,3.5394761074026064,1.140755283,3.934481280298444,-0.8625633492,-1.0579078667838138
0.007021493651,0.009197890515,699.9990364,693.6212725623946,6.377763837605471,1.118453196,3.872276794936358,-0.8153336414,-1.1417984767838325
0.01927964892,0.0092,722.8665193,739.2052373931734,16.338718093173384,0.1859668141,9.671566048542186,21.36089346,22.19186247773319
0.01940804077,0.0092,727.3465277,750.4110904335888,23.064562733588787,0.08377209094,11.319766247397984,22.92928229,23.977510917066198
0.01951503397,0.0092,732.4964417,763.0854171022962,30.588975402296228,0.009632851352,12.799644343691584,24.16695252,25.523617742609783
0.01960419498,0.0092,738.4766721,776.7757350360089,38.29906293600891,-0.04414404506,14.053140041075649,25.09898152,26.855131834661357
0.01967849581,0.0092,745.5945031,790.9858194437246,45.39131634372461,-0.08096122427,15.069479836449862,25.74771389,27.880313100599018
0.01974041318,0.0092,754.3757603,805.1908089205526,50.8150486205526,-0.1040712905,15.893395981088997,26.11239534,28.409341162131717
0.01979201098,0.0092,765.7813069,818.9087731185904,53.12746621859037,-0.1157817741,16.594756586271867,26.15235005,28.215881424768973
0.01983500915,0.0092,781.6453944,831.7812174277182,50.135823027718175,-0.1166593764,17.21784963510416,25.74768906,27.120837409828702
0.01987084096,0.0092,805.2200873,843.591672910782,38.37158561078195,-0.1062993599,17.76249464364218,24.62536213,25.078230213857143
0.0199007008,0.0092,840.3455886,854.2389330015301,13.893344401530044,-0.08587335665,18.205492483431517,22.36789883,22.245979188133006
0.019925584,0.0092,887.2902924,863.6974633859116,23.592829014088352,-0.05944483993,18.531286826864033,18.78923711,18.967116726320885
0.01994632,0.0092,939.8226712,871.9973325085099,67.82533869149006,-0.03452989808,18.745972477884365,14.37794408,15.627441368783842
0.0199636,0.0092,989.831223,879.2065761911554,110.62464680884466,-0.01689251381,18.872790215087797,9.9677674,12.513006150139322
0.019978,0.0092,1033.20155,885.4194208254646,147.78212917453538,-0.006613135155,18.94027038495777,6.064178972,9.768479271092978
0.01999,0.0092,1069.621628,890.7404377798214,178.88119022017872,-0.002009056407,18.972972687216537,2.762108669,7.432808052090214
0.02,0.0092,1100.0,895.27527229563,204.72472770437003,0.0,18.987793195669614,0.0,5.485718585804444
0.006515424952,0.009216304112,699.9990957,692.0551361488193,7.943959551180683,1.099944331,3.838977507325386,-0.7668647213,-1.1996531061008477
0.00600872384,0.00922865654,699.9991491,692.0889989447428,7.910150155257156,1.085098541,3.6058755523584365,-0.7172437898,-1.086120990322959
0.01813993676,0.009228814372,705.7903569,710.5900532371596,4.799696337159617,1.522636616,3.6971379526547583,5.975671149,5.3245040993921195
0.01904216865,0.009229268532,717.1814483,726.0090323001886,8.827584000188494,0.3926542736,7.109867193765284,18.28884139,18.74043202372246
0.005503710224,0.009235475652,699.9991969,691.4960778541764,8.50311904582361,1.07374794,3.1805651390508114,-0.6665188553,-1.1116200405042793
0.0,0.009239994224,699.9994387,689.5807656619178,10.418673038082261,1.061128893,2.716013351370698,-0.05111827834,0.24244219053305738
0.0004999999458,0.009239994132,699.9994364,690.8564552191265,9.142981180873562,1.060443666,2.160331055506961,-0.07736518345,0.07960808636086014
0.0009999999188,0.009239994086,699.9994306,692.5840066796545,7.415423920345461,1.059177228,2.1207009464865223,-0.1353158757,-0.12668943864076443
0.001499999905,0.009239994063,699.9994203,693.0959577444505,6.903462555549481,1.057898249,2.1155224456406216,-0.199510968,-0.18464704093070505
0.001999999898,0.009239994051,699.9994061,693.6372374746376,6.362168625362415,1.056463716,2.0835351374664794,-0.2640463035,-0.2013257204597121
0.002499999895,0.009239994046,699.999388,693.9115285080019,6.087859491998074,1.055189514,2.0842084814102497,-0.3273041737,-0.29848660458489995
0.002999999893,0.009239994043,699.9993661,692.9459734792082,7.053392620791783,1.054506664,2.37226779723108,-0.3887579179,-0.38553112964138325
0.003499999893,0.009239994041,699.9993404,691.8849869346304,8.114353465369618,1.05479305,2.8507723820965287,-0.448206924,-0.5253301797701226
0.003999999892,0.009239994041,699.9993108,689.9252402631545,10.074070536845511,1.056448479,2.689593278690406,-0.5055887239,-1.0570826119579388
0.004499999892,0.00923999404,699.9992772,688.2793270160541,11.719950183945912,1.059853217,2.737268806585374,-0.5609405093,-1.5060021136819293
0.004999999892,0.00923999404,699.9992396,689.8729307151177,10.126308884882292,1.065334777,3.027355095927657,-0.614339172,-1.4028349631502373
0.01877071743,0.009257576402,712.7737398,718.1246088535813,5.3508690535812775,0.6536854622,5.1351993075332025,14.63950824,14.418075288259093
0.01848677782,0.009302621786,709.3817818,713.7060509220834,4.324269122083365,0.9978114275,4.085796242012844,10.71275983,9.89903429033794
0.01763995446,0.009350608947,702.3409151,707.508801310421,5.167886210420988,2.073169554,3.4103003742989113,0.9905413986,1.2324081707726338
0.01663340323,0.009375866113,700.0547728,702.6420087800295,2.5872359800295044,2.235199901,3.3091738323108677,-1.610578618,-2.018116128890362
0.01927964892,0.0094,723.5455656,739.09094150799,15.545375907989978,0.1626304552,9.477351441750486,21.08520922,21.71848983702431
0.01940804077,0.0094,728.1123193,750.4948763930582,22.382557093058267,0.06597341669,11.121296384549263,22.60685029,23.469671751276646
0.01951503397,0.0094,733.3629409,763.3601018891015,29.99716098910153,-0.00340266052,12.620215536902252,23.80360349,24.982441812356804
0.01960419498,0.0094,739.4591291,777.2418078589706,37.78267875897052,-0.05316278685,13.911640629221978,24.69951011,26.279136329134815
0.01967849581,0.0094,746.718053,791.6423973405812,44.924344340581115,-0.086819172,14.966666463757322,25.3158039,27.27442012790477
0.01974041318,0.0094,755.6855581,806.0302315970888,50.34467349708882,-0.1075283899,15.811393795442049,25.65030507,27.78485421261204
0.01979201098,0.0094,767.3611104,819.9154932798491,52.55438287984907,-0.1173076116,16.509054479779252,25.65984971,27.583003648998336
0.01983500915,0.0094,783.6444818,832.9323735102782,49.287891710278245,-0.1164651486,17.109628685791034,25.21995086,26.483005163017864
0.01987084096,0.0094,807.8327419,844.8605493402697,37.027807440269726,-0.1048894277,17.62213366897179,24.05303636,24.43609075469308
0.0199007008,0.0094,843.5947231,855.5992079570126,12.004484857012585,-0.08377911869,18.030943684811984,21.75692265,21.6075202772298
0.019925584,0.0094,890.7516469,865.1257860951473,25.625860804852664,-0.0573817451,18.32504227105632,18.19221099,18.35098529803289
0.01994632,0.0094,942.8399396,873.4734425671724,69.36649703282762,-0.03310704622,18.512627563762447,13.87396798,15.054973423101242
0.0199636,0.0094,992.0241668,880.7145564146915,111.30961038530847,-0.01614246283,18.61719024237076,9.603046658,11.998258968908935
0.019978,0.0094,1034.548465,886.947554066025,147.60091093397511,-0.006311726765,18.666608134491362,5.839303928,9.315315811841984
0.01999,0.0094,1070.235379,892.2796677082636,177.9557112917364,-0.001915603197,18.68437191956463,2.659234695,7.037812554202421
0.02,0.0094,1100.0,896.8196568145722,203.18034318542777,0.0,18.686586318719915,0.0,5.141632925731071
0.0190387803,0.009431127487,717.6728055,725.6845198052168,8.011714305216856,0.3665476351,6.9238160145805265,18.05257701,18.315299278744284
0.01877710802,0.00945373859,713.326142,717.8998233664771,4.573681366477103,0.6161905585,5.030775462727728,14.63855087,14.344498157018808
0.01849542473,0.009455553544,709.7983641,713.4873626473529,3.6889985473529805,0.9544178928,3.9917085738287454,10.84280588,10.054767672505683
0.01609381035,0.009489430482,699.9996002,702.1313702267034,2.131770026703407,2.111649396,3.230836859058871,-1.591898787,-2.439043163445762
0.009960809334,0.009502809114,699.9986321,696.9692029559722,3.0294291440278585,1.260987162,3.0678459745256976,-1.059653378,-1.0665384729574505
0.009446789447,0.009506609004,699.9987268,697.4624209025159,2.5363058974841124,1.222472564,3.563461825591073,-1.015706468,-0.9064213842280182
0.01559894869,0.009518555288,699.996945,702.5295623428264,2.53261734282637,2.012198831,3.0289030928293137,-1.540409022,-2.361848738770848
0.01109479768,0.009518807979,699.998393,696.5525402238909,3.4458527761090636,1.36343216,2.828350722938005,-1.154864772,-1.0505967857060963
0.01161626847,0.009520972803,699.9982671,696.7654295843088,3.2328375156912443,1.417739905,2.47238779414854,-1.198111952,-1.1495243918381934
0.01212185953,0.009525493624,699.9981352,696.3677863366188,3.6303488633811867,1.47430044,2.0753855932398206,-1.239499079,-1.2699998280762088
0.01311404104,0.009530853248,699.9978391,698.2375424489493,1.7602966510506803,1.599538806,2.536070859510863,-1.321327072,-1.6604247970085755
0.01262182521,0.009531970506,699.9979933,697.5859878914458,2.412005408554137,1.534631496,2.210568067064311,-1.280506176,-1.3743555809239565
0.01712705449,0.009531983316,700.5924444,705.4984155600517,4.905971160051763,2.261676762,3.287397750335545,-1.168618425,-0.953178469148594
0.01360717518,0.009532334155,699.9976695,698.9618101418854,1.0358593581146351,1.669624891,2.774455440675843,-1.362987337,-1.9155771134935167
0.01509098116,0.009532729364,699.997055,703.016647281229,3.019592281228938,1.913213702,2.883433034214441,-1.49443391,-2.182574263949843
0.01410132028,0.009534428047,699.9974825,700.6406196991903,0.6431371991902779,1.744967716,2.9059727021053794,-1.405722358,-2.0106093991640854
0.01459106966,0.009535937974,699.9972777,702.4628390324657,2.4655613324656542,1.825568129,2.9169961060508083,-1.448992144,-2.084566059361724
0.01053010173,0.009545233996,699.9985217,696.0924214302336,3.906100269766398,1.306996482,2.8600950719571783,-1.106920587,-1.1210538358667348
0.01809794305,0.009552247707,705.9321875,710.4089266543134,4.47673915431335,1.464933281,3.478773205859185,5.631962357,5.107429717252596
0.008976233645,0.009577487397,699.9988168,697.438437738384,2.560379061616004,1.183404131,3.9854055191798476,-0.9730867198,-0.7141193572894542
0.01927964892,0.0096,724.2385001,740.5699510238087,16.33145092380869,0.1407119437,9.363577140323795,20.81621968,21.295123814053042
0.01940804077,0.0096,728.8822551,752.2030026838318,23.320747583831803,0.04939725674,11.002419940868233,22.29190193,23.02374876306479
0.01951503397,0.0096,734.2288247,765.3480078975681,31.119183197568077,-0.0152934443,12.519207003646622,23.44926674,24.518489727628147
0.01960419498,0.0096,740.4385284,779.5609559666727,39.12242756667274,-0.06133621622,13.844271526394275,24.31042269,25.793042113142214
0.01967849581,0.0096,747.8380508,794.3197417603417,46.481690960341666,-0.09204762297,14.930271182343036,24.89555635,26.76141760304423
0.01974041318,0.0096,756.9934862,809.0636365147884,52.07015031478841,-0.1105888116,15.78623016867745,25.20097946,27.24046846768872
0.01979201098,0.0096,768.9437568,823.2804624586904,54.33670565869045,-0.1186132451,16.470632224843516,25.18083601,26.99804361065739
0.01983500915,0.0096,785.6538985,836.5915481010591,50.93764960105909,-0.115994155,17.038545778737383,24.70597684,25.84017137180779
0.01987084096,0.0096,810.4570249,848.7727522786024,38.315727378602446,-0.1033629574,17.506783603882877,23.49569401,23.717892515641225
0.0199007008,0.0096,846.8320996,859.7216990966683,12.889599496668325,-0.08176166261,17.866356211546158,21.1645226,20.813904632807233
0.019925584,0.0096,894.1596705,869.4179968997836,24.74167360021636,-0.05541393314,18.111557532430542,17.61791126,17.50668488529387
0.01994632,0.0096,945.7815099,877.8997443163427,67.88176558365728,-0.03177641723,18.254521640904166,13.39290752,14.19634358565839
0.0199636,0.0096,994.1514721,885.2446658892086,108.90680621079139,-0.01544675343,18.320780073309155,9.256462047,11.156051849605245
0.019978,0.0096,1035.853302,891.5570466206261,144.29625537937386,-0.00603375818,18.33855774176271,5.625955986,8.507707611441298
0.01999,0.0096,1070.829833,896.9494522670229,173.88038073297707,-0.00182999277,18.330706690212153,2.561688933,6.271984902045063
0.02,0.0096,1100.0,901.5351883640188,198.46481163598116,0.0,18.312338978096534,0.0,4.417850609461708
0.008491313523,0.009616487746,699.9988985,697.0123726514094,2.986525848590645,1.150173645,3.680346004201362,-0.9289538063,-0.9192812375039559
0.01903513242,0.009634476757,718.1802715,726.8665557030869,8.68628420308687,0.33850307,6.814588520196817,17.82045656,17.9293727576863
0.01771211945,0.009637339142,703.076213,708.8379697440669,5.761756744066815,1.929275422,3.314192674283503,1.713707674,1.843227664700139
0.01877404901,0.009652631513,713.758717,718.812675093793,5.053958093792971,0.5792817527,4.945212190037954,14.50719222,14.164692635866
0.008001487063,0.009654628762,699.9989749,695.9615043770723,4.03747052292772,1.119750423,3.126100638197009,-0.8836039046,-1.1947265848675928
0.01846560448,0.009660539222,709.8636471,713.6493265627387,3.785679462738699,0.9142866623,3.8085104292923324,10.47125509,9.703687205485718
0.007507017676,0.009684557405,699.9990449,694.2052924388105,5.793752461189456,1.093266129,3.2403677996237796,-0.8372361279,-1.1861224574584233
0.007008167019,0.009706521343,699.9991088,691.7752371119018,8.223871688098257,1.070434564,3.5309400072759995,-0.7898612572,-1.237882557820713
0.00650631918,0.009724240603,699.9991672,690.74229058509,9.25687661490997,1.050972071,3.487977886987421,-0.7413085756,-1.2493346234525111
0.006003149365,0.009734767759,699.9992196,691.2836657706566,8.715553829343321,1.03514004,3.1891173013057035,-0.6917852448,-1.069762998052492
0.0,0.009739994224,699.9995063,690.5698981694798,9.42960813052025,0.995163394,3.3043910078030585,-0.04797689357,0.38445957270710895
0.0004999998917,0.00973999404,699.999504,690.8400846215201,9.159419378479924,0.9947579485,2.56006134064147,-0.07276474839,0.28029064225309774
0.0009999998917,0.00973999404,699.9994981,692.6585096034551,7.340988496544924,0.9942048068,2.35684336173565,-0.1275453932,0.018586302605147154
0.001499999892,0.00973999404,699.9994879,693.2308600597114,6.768627840288559,0.9939436903,2.137201343953957,-0.1883726265,-0.19519735752816825
0.001999999892,0.00973999404,699.9994738,693.7373701678684,6.262103632131584,0.9938248815,1.9833873737884515,-0.2497549375,-0.3312996779288788
0.002499999892,0.00973999404,699.9994559,694.9167929747211,5.082662925278896,0.994117676,1.9965418766074616,-0.3102282495,-0.5238797318943424
0.002999999892,0.00973999404,699.9994342,694.212117498454,5.787316701546047,0.9951652163,2.3668879873710633,-0.3693316077,-0.7014330870250198
0.003499999892,0.00973999404,699.9994086,691.5155746154657,8.483833984534385,0.9972699915,2.853840609139275,-0.4268876054,-0.7883672838962248
0.003999999892,0.00973999404,699.9993792,689.7242589613453,10.275120238654722,1.000746616,2.5785401197993627,-0.4828274131,-1.0427370057869316
0.004499999892,0.00973999404,699.9993458,689.3087178299747,10.690627970025275,1.005927234,2.4656751797812673,-0.5371604955,-1.4458467739412617
0.004999999892,0.00973999404,699.9993084,691.4772015528547,8.522106847145324,1.013112985,2.600024650788722,-0.5899515074,-1.4699895229649051
0.005499999892,0.00973999404,699.9992667,691.9836162056322,8.015650494367833,1.022571593,2.8644683367466124,-0.6412697646,-1.1119113069134121
0.01927964892,0.0098,724.9447575,742.7352011957038,17.790443695703743,0.1199165486,9.252676698615874,20.55160545,20.85986882583628
0.01940804077,0.0098,729.6579616,754.5300139284309,24.87205232843087,0.0341671442,10.869986376339957,21.98365083,22.557216469843112
0.01951503397,0.0098,735.0961747,767.9027637460398,32.80658904603979,-0.02595069728,12.394249639401236,23.10360654,24.026908523221078
0.01960419498,0.0098,741.4166511,782.4117189473744,40.99506784737446,-0.06857700995,13.747018447505443,23.93143326,25.273464028439147
0.01967849581,0.0098,748.9557946,797.5068537030891,48.551059103089074,-0.09654938723,14.858993907965411,24.486593,26.21329541024619
0.01974041318,0.0098,758.3004557,812.5964878425525,54.29603214255246,-0.1131389377,15.718035004722855,24.76389205,26.670863170653455
0.01979201098,0.0098,770.5299273,827.145474643719,56.61554734371896,-0.1195976901,16.37542000285642,24.71471467,26.416402244129586
0.01983500915,0.0098,787.6740023,840.761707270917,53.087704970917,-0.1152327633,16.892978536460525,24.20539563,25.2490829705353
0.01987084096,0.0098,813.0922865,853.21197629979,40.11968979978997,-0.1016510424,17.298838333990382,22.95297065,23.111846554530057
0.0199007008,0.0098,850.0562119,864.3903978504844,14.334185950484425,-0.07971405997,17.593471430375647,20.59005195,20.18947358290143
0.019925584,0.0098,897.514264,874.2761268544738,23.238137145526252,-0.05348366621,17.777377627306542,17.0653419,16.87171822921531
0.01994632,0.0098,948.6497323,882.9095170734961,65.74021522650389,-0.03049387706,17.865891118306646,12.93350422,13.566731524171963
0.0199636,0.0098,996.2161409,890.3736624155188,105.84247848448126,-0.01477912635,17.88568187690137,8.926883316,10.545972290040336
0.019978,0.0098,1037.118163,896.7781217925111,140.34004120748898,-0.005766730961,17.864711030982516,5.423393097,7.925136546072227
0.01999,0.0098,1071.405963,902.2412240794458,169.1647389205541,-0.001747444242,17.824942088159236,2.469130709,5.718972964075522
0.02,0.0098,1100.0,906.8806657594055,193.11933424059453,0.0,17.7803486706873,0.0,3.893012076884612
0.01812267168,0.009828723654,706.6383108,711.4150860152167,4.77677521521673,1.306855049,3.3172886680868165,6.150626799,5.5703917903986975
0.01900895296,0.009834192546,718.2428102,727.7729880561227,9.530177856122691,0.3294111763,6.552505008887193,17.3206699,17.258636232898326
0.01783769289,0.009845103276,704.2425387,709.954988596487,5.712449896487101,1.722101115,3.2210351925784266,2.963303905,2.879710949937622
0.01842131314,0.009850747699,709.7614576,714.3530236213647,4.59156602136477,0.9038594612,3.647324384196067,9.944713681,9.210964472121645
0.0187459664,0.009850838309,713.8356053,719.8720031011497,6.0363978011497466,0.5625640416,4.782776640716137,14.0637219,13.661019462352527
0.01741425945,0.00985900077,701.6853927,708.105683799242,6.420291099242036,2.124700056,3.181224599614298,-0.1699039684,0.21470715579678146
0.009853067108,0.009978041771,699.9987153,697.4868813435459,2.5118339564540975,1.211801655,3.190089137925578,-1.037756623,-0.9258008977326169
0.01655026735,0.009985075669,700.0685612,704.0522188309806,3.983657630980588,2.165803525,3.1536730314408663,-1.641048527,-2.1172761597327776
0.01927964892,0.01,725.641657,745.1138060729924,19.47214907299235,0.1028186862,9.131905173526087,20.29161784,20.40510781446247
0.01940804077,0.01,730.432372,757.0474705873125,26.61509858731256,0.02145148048,10.707599418849133,21.68234318,22.058621334937342
0.01951503397,0.01,735.9630921,770.6010725535514,34.637980453551336,-0.03505742334,12.22146403007776,22.76650873,23.48946904084283
0.01960419498,0.01,742.3935356,785.3354933615699,42.94195776156994,-0.07474319704,13.588511894803974,23.56234839,24.694193982373573
0.01967849581,0.01,750.0719618,800.6809598503619,50.60899805036183,-0.1003089389,14.718334440618916,24.08862579,25.597575873849895
0.01974041318,0.01,759.607279,816.0282638552118,56.42098485521183,-0.1150786086,15.574043526108222,24.33863996,26.043851912254635
0.01979201098,0.01,772.1203949,830.8332023249314,58.7128074249315,-0.1200433054,16.19457509127813,24.26100098,25.819135464481562
0.01983500915,0.01,789.7051857,844.6957933550298,54.99060765502975,-0.1142837571,16.64724270543521,23.71779444,24.721302353017474
0.01987084096,0.01,815.7375815,857.373162663963,41.63558116396291,-0.09986161126,16.975050139008893,22.4245415,22.67484102577356
0.0199007008,0.01,853.2648571,868.7511098219271,15.486252721927144,-0.07759700216,17.19186688890281,20.03308437,19.8404864093168
0.019925584,0.01,900.8143778,878.8052340475047,22.009143752495334,-0.05158393877,17.30566201539993,16.53374276,16.593232237065425
0.01994632,0.01,951.4459427,887.5760203535808,63.86992234641923,-0.02925043311,17.334143770052382,12.49471835,13.33984675979757
0.0199636,0.01,998.2203344,895.1483047088008,103.07202969119919,-0.01413746559,17.30351009145592,8.61335925,10.356707965803075
0.019978,0.01,1038.344615,901.6361562918216,136.70845870817834,-0.005510491675,17.2403407111641,5.230985822,7.763338055799166
0.01999,0.01,1071.964503,907.1621636739319,164.80233932606802,-0.001668331737,17.165189973687266,2.38126745,5.577108570318388
0.02,0.01,1100.0,911.8482830345303,188.15171696546975,0.0,17.090997189450018,0.0,3.765199080804412
0.01607250672,0.01000712444,700.0032524,702.9472273563937,2.943974956393731,2.057855625,3.078640302696442,-1.618845403,-2.4280044607481375
0.01114384029,0.0100135537,699.9984484,697.4139534335092,2.5844949664908654,1.326085226,2.760606768842637,-1.150206355,-0.9826978784014235
0.01555589266,0.01001898422,699.9972178,702.2254415033279,2.228223703327899,1.954075542,2.924631965206962,-1.554009205,-2.3134735071328705
0.01164109174,0.01002235585,699.9983289,696.6411228161868,3.357206083813253,1.377588131,2.4185827538582245,-1.193104064,-1.040417171811165
0.01213898778,0.0100236238,699.998198,696.0670541630972,3.9311438369028338,1.43383916,2.1903955155117805,-1.236324964,-1.135923133157192
0.01505681799,0.01002814354,699.9971505,701.7233939341686,1.726243434168623,1.859267429,2.8780462826642816,-1.504332873,-2.130546433857947
0.01899522161,0.01003146366,718.5220948,729.3354733014271,10.81337850142711,0.3157762907,6.433468906332897,16.98550729,16.780247337365495
0.01263011419,0.01003183762,699.9980586,696.7349077266724,3.2631508733276178,1.492938784,2.3436125003250776,-1.279018199,-1.4218114110179556
0.01456986556,0.01003462852,699.9973577,701.1498502856668,1.1524925856668915,1.775447155,2.975993530567309,-1.456305511,-1.9972493914482237
0.01360376448,0.01003552087,699.9977386,697.8183024216182,2.1794361783818204,1.625334242,2.9426456511253436,-1.366013474,-1.9972508624906942
0.01408334337,0.01003604313,699.9975582,699.4489428079778,0.5486153920221568,1.697227634,3.0245367697300214,-1.410309659,-1.9624607080665437
0.01311959361,0.01003619791,699.9979055,697.2072209450773,2.7906845549226773,1.556912077,2.705989550805711,-1.322254786,-1.8505084919018278
0.009417769168,0.0100482243,699.9988036,697.7919567368406,2.2068468631593987,1.172909129,3.3312969987932872,-0.9970521486,-0.7441712839165557
0.01772840475,0.01004933767,703.8277113,710.1871360797451,6.359424779745041,1.792013065,3.087685324951414,2.194075135,2.1625189039354984
0.01027344109,0.01005348803,699.9986413,697.4546890167659,2.543952283234148,1.241073905,3.060744625510474,-1.074292708,-0.9901575347686489
0.01069682898,0.01005342001,699.9985522,697.7159981185007,2.2825540814992564,1.280628572,2.9722450178906525,-1.110843778,-0.9864402104460339
0.01869142523,0.0100577629,713.5561274,720.6461581618645,7.090030761864455,0.5770436648,4.5449612781427975,13.31157256,12.85280960558146
0.01691121653,0.01006977167,700.3690053,705.685460376435,5.316455076434977,2.204820357,3.101665888897317,-1.485099899,-1.4638214418866609
0.01838642677,0.01007891386,709.8608002,715.865872069262,6.005071869261997,0.9007284408,3.5395338196717434,9.577315152,8.91930529464964
0.008949709588,0.01008149897,699.9988872,697.9102020883561,2.08868511164394,1.137118132,3.43996915796564,-0.9545093117,-0.5623107164326484
0.01806747346,0.01009325939,706.6790303,712.7536925995234,6.074662299523425,1.330536196,3.155026661018548,5.74544288,5.219255423764861
0.00847163098,0.01013244606,699.9989687,696.9400890651852,3.05887963481473,1.102450545,2.945672228027237,-0.9094840133,-0.75814177425762
0.00798636661,0.01016791202,699.9990434,695.3022417976637,4.696801602336336,1.07199366,2.6933764998177736,-0.8637068772,-0.9836158089029317
0.007493250371,0.01019471404,699.9991123,693.1554741736493,6.843638126350697,1.045082264,3.1031583522778377,-0.8167123551,-0.9925818127598109
0.01927964892,0.0102,726.3163911,747.5510444172182,21.234653317218203,0.08889403988,9.03311103942574,20.03950388,19.962591760611982
0.01940804077,0.0102,731.1972866,759.6620769588117,28.464790358811683,0.0110781814,10.552181918260835,21.38926046,21.562679960648108
0.01951503397,0.0102,736.825083,773.4000509908042,36.574967990804225,-0.04267445721,12.034677031737955,22.43824337,22.941905844183523
0.01960419498,0.0102,743.3671738,788.3191660264827,44.951992226482616,-0.07983480215,13.394116804068583,23.20307896,24.090157465276924
0.01967849581,0.0102,751.1859902,803.8377527781546,52.6517625781546,-0.1034091381,14.526084332137389,23.7013986,24.944309449439984
0.01974041318,0.0102,760.9141909,819.3482258225581,58.43403492255811,-0.1165053727,15.37156830804759,23.92489563,25.377213711789103
0.01979201098,0.0102,773.7158182,834.3175861836888,60.60176798368889,-0.1199912013,15.952344813774506,23.81934277,25.203836646231792
0.01983500915,0.0102,791.7480118,848.3489781207388,56.60096632073885,-0.1132777239,16.335491401159878,23.24278425,24.23109804436267
0.01987084096,0.0102,818.3923054,861.1925710413736,42.800265641373585,-0.09811090244,16.5780687631706,21.91001554,22.36263285603301
0.0199007008,0.0102,856.4563231,872.7247621608961,16.268439060896185,-0.07545855714,16.709995584318513,19.49315945,19.7149270503012
0.019925584,0.0102,904.0594539,882.9132279013793,21.146225998620707,-0.04975329384,16.748792690521913,16.02234803,16.62192344940744
0.01994632,0.0102,954.1717425,891.795529954707,62.376212545293015,-0.02806463157,16.71474370037561,12.07552049,13.475200319580864
0.0199636,0.0102,1000.166277,899.4561940595412,100.71008294045885,-0.01353219447,16.63278316486951,8.314944371,10.557987764938282
0.019978,0.0102,1039.534234,906.0108286125351,133.5234053874649,-0.005269705843,16.527172291049762,5.048095401,8.002533974608049
0.01999,0.0102,1072.506189,911.586329608983,160.91985939101698,-0.001594420737,16.416542575257377,2.297794343,5.835773736222563
0.02,0.0102,1100.0,916.3081254177177,183.69187458228225,0.0,16.31248664002943,0.0,4.0318931965118425
0.01725598809,0.01020343852,701.3566287,707.6938176999871,6.33718899998712,2.099974435,3.00031721282473,-0.691815458,-0.36107063544414153
0.006996840404,0.01021158934,699.9991748,691.3657335332928,8.633441266707223,1.022035454,3.414416796553093,-0.7690023886,-1.1662736814057784
0.006499126156,0.01022743964,699.999232,690.5158942884547,9.483337711545346,1.001990054,3.4509509117702173,-0.7204031322,-1.1092619594242832
0.01899621909,0.01022936101,719.0624571,731.4676481842806,12.40519108428066,0.2943404084,6.46839949112723,16.83505969,16.511306939805817
0.0,0.01023999422,699.9995663,690.2033733755488,9.796192924451134,0.9327353065,3.233780135679062,-0.045407253,0.11954394734634999
0.0004999997834,0.01023999386,699.9995639,690.3127891044487,9.686774795551287,0.9325379172,2.6766817350263645,-0.0690129105,0.29029667313652574
0.0009999996751,0.01023999367,699.9995581,692.2280535690176,7.771504530982384,0.9325177856,2.5583328597961223,-0.1212184502,0.0605257234352754
0.001499999621,0.01023999358,699.9995481,692.3743866659889,7.625161434011034,0.9330223248,2.2067223707256662,-0.1792960332,-0.29609910265549644
0.001999999594,0.01023999353,699.9995343,692.6286082057862,7.370926094213814,0.9338994153,1.868953611798274,-0.2380870611,-0.5451201141239537
0.00249999958,0.01023999351,699.9995167,694.6401871484009,5.359329551599103,0.9353850687,1.76609164727474,-0.2962511064,-0.7501157665393041
0.002999999574,0.0102399935,699.9994952,695.3150566823788,4.6844385176211745,0.9377592135,2.0759756369018874,-0.3533837816,-0.9409099749457432
0.00349999957,0.01023999349,699.99947,692.9097004349492,7.089769565050801,0.9412639717,2.3104659298972283,-0.4093323769,-0.9768372451994862
0.003999999568,0.01023999349,699.999441,691.7104467729786,8.288994227021476,0.946164041,2.085090076058278,-0.4640383052,-0.8908592259340189
0.004499999568,0.01023999349,699.999408,692.3088565478736,7.690551452126442,0.9527324774,2.542637698385156,-0.5174957034,-1.1599099516789764
0.004999999567,0.01023999349,699.9993709,693.0522391805804,6.9471317194196445,0.9612393782,2.78557602828326,-0.5697480929,-1.3978393029208753
0.005499999567,0.01023999349,699.9993296,692.2643982048113,7.73493139518871,0.9719514031,3.090760493684301,-0.6208711302,-0.9352582297745986
0.005999999567,0.01023999349,699.9992839,690.9348718134918,9.064412086508241,0.985074415,3.388586767534867,-0.6709307669,-0.8147077703705943
0.01871891754,0.01025778896,714.3873556,723.125158234678,8.737802634678019,0.5212448273,4.746610435076536,13.56928624,13.132237064912378
0.01837122501,0.01030794932,710.1763268,717.6525462055479,7.4762194055479085,0.8664216434,3.513162338822445,9.461531356,8.896327611262524
0.01763188757,0.01033305249,703.6030234,710.6774187733652,7.074395373365178,1.764063304,2.9227785339390593,1.640911408,1.7215062554897242
0.01799727483,0.01035871524,706.5740679,714.0873712998568,7.513303399856795,1.320047324,3.0132079314183464,5.197766932,4.804543543646756
0.01927964892,0.0104,726.9835389,750.0233864773026,23.039847577302567,0.07557728141,8.995612029278885,19.79497074,19.573459838011065
0.01940804077,0.0104,731.9533766,762.3742745240593,30.420897924059318,0.001527459423,10.45395700275213,21.10429486,21.115182956992964
0.01951503397,0.0104,737.680102,776.3276794159522,38.64757741595213,-0.04936499863,11.887436842136884,22.11877962,22.43406079422409
0.01960419498,0.0104,744.3356743,791.4186857264979,47.08301142649782,-0.08413944193,13.213341309391712,22.85355716,23.515203457819407
0.01967849581,0.0104,752.2967671,807.062581527778,54.76581442777797,-0.1059432574,14.32431716647124,23.32476132,24.308107117686315
0.01974041318,0.0104,762.2208683,822.6700014421173,60.44913314211726,-0.1175244196,15.148344378152647,23.52239055,24.71546525649506
0.01979201098,0.0104,775.3165255,837.7343637698239,62.41783826982385,-0.1196355026,15.689560191760544,23.38944821,24.586663719874778
0.01983500915,0.0104,793.8029781,851.8726895959035,58.06971149590345,-0.1122203655,16.00773950110733,22.78002242,23.747775272384235
0.01987084096,0.0104,821.0560854,864.831926708959,43.775841308959,-0.09638144993,16.168259143949967,21.40898854,22.089725056930753
0.0199007008,0.0104,859.6294933,876.4782705305954,16.848777230595374,-0.07335316969,16.21601797212664,18.96976307,19.68222577618497
0.019925584,0.0104,907.2496746,886.7706036560375,20.479070943962597,-0.04801521988,16.17972681606448,15.53033926,16.8031014531851
0.01994632,0.0104,956.8292494,895.7404740882525,61.08877531174744,-0.02695027662,16.083695474640635,11.67485912,13.81370190243673
0.0199636,0.0104,1002.056444,903.4705939136894,98.58585008631064,-0.0129696128,15.952094912929397,8.030692334,10.998000104504207
0.019978,0.0104,1040.688711,910.0772516485811,130.61145935141894,-0.005047010928,15.806590145863813,4.874084979,8.502600151984186
0.01999,0.0104,1073.031803,915.6892166000474,157.34258639995267,-0.001526475482,15.663410844995788,2.218407185,6.36861473983845
0.02,0.0104,1100.0,920.4354967136571,179.56450328634287,0.0,15.532469743848035,0.0,4.580068346838822
0.01900103844,0.01043171815,719.6838835,733.743614664623,14.059731164623031,0.2679306591,6.5769952917080206,16.73001201,16.321443901283118
0.01871453541,0.01046668512,714.7859385,724.8495477357559,10.063609235755848,0.4900860626,4.826585647202034,13.44058828,13.001483454933918
0.01168481863,0.01051798307,699.9983827,697.1903014790381,2.808081220961867,1.337823499,2.508040314717637,-1.193553873,-0.757079681594016
0.01596663734,0.01051880559,700.0061575,702.4074987761256,2.401341276125663,1.979809162,2.6895585702396962,-1.635343349,-2.2845307465284237
0.01548534823,0.01052171003,699.997598,701.512723911327,1.5151259113270044,1.885200204,2.6541698338959945,-1.565166969,-2.1145870940969487
0.01840702111,0.01052313545,710.9977554,719.7376615862443,8.739906186244298,0.7615080862,3.643568929829268,9.919235101,9.434618827231116
0.012161203,0.01052491362,699.9982571,695.7047532697147,4.293503830285317,1.391898229,2.3667422118780816,-1.236956242,-0.9217790676186368
0.01121408026,0.01052778673,699.9984999,699.2330227392566,0.7654771607433304,1.286347406,2.824511968289502,-1.150564605,-0.7147930947408812
0.0126472311,0.01052927913,699.9981178,696.031854991859,3.9662628081410958,1.450687687,2.529628971059126,-1.281714675,-1.2985851253603569
0.0150018966,0.0105303459,699.997269,700.8853672925594,0.888098292559448,1.797233303,2.7820357663108606,-1.51221517,-1.9486211405053426
0.01029977793,0.0105334335,699.9986975,697.6688908886537,2.3298066113463847,1.199982658,2.769221406308807,-1.068563349,-0.945218658341445
0.01312078028,0.01053450227,699.9979693,696.9168456802455,3.0811236197545213,1.512188275,2.880913200692911,-1.326188964,-1.8219555575520285
0.009857415277,0.01053463513,699.998784,697.6865262700402,2.3122577299598106,1.162828707,2.725190265738367,-1.027374373,-0.9443904614306291
0.01359097629,0.01053880123,699.9978097,697.3273992680305,2.670410431969458,1.576957885,3.1449820353831353,-1.370655759,-2.01287774665339
0.01452521,0.01053897446,699.9974511,699.8436150069768,0.15383609302318746,1.717644933,3.037857873112439,-1.462068248,-1.8786921945915656
0.01076359631,0.01053962161,699.9986027,698.9968899938991,1.001712706100875,1.240806785,2.8941024119626313,-1.11014162,-0.8322999672736984
0.01405493556,0.01054175282,699.9976394,698.196448908019,1.8011904919810604,1.644250191,3.196794810602709,-1.415254518,-1.9336503412844306
0.009405292688,0.01055762618,699.9988695,698.0603534005128,1.938516099487174,1.125463066,2.8722222046351797,-0.9846748631,-0.7722108244441976
0.01644541886,0.01057358404,700.0964755,703.6325492544411,3.5360737544410767,2.064437519,2.7124383809475905,-1.668998137,-2.12609505934262
0.008936918162,0.01059327104,699.9989524,697.8580595872337,2.1408928127663103,1.089432153,2.8598035209712167,-0.9404019356,-0.5654249133424125
0.01927964892,0.0106,727.653444,752.5515937983149,24.898149798314876,0.06169369145,9.038296481961785,19.55499332,19.266232618075176
0.01940804077,0.0106,732.7052892,765.1936326848629,32.48834348486287,-0.007782035268,10.442274138243215,20.82615783,20.7483814590922
0.01951503397,0.0106,738.5291476,779.3802708649572,40.85112326495721,-0.05558064438,11.817110579308707,21.8075955,22.002050925696956
0.01960419498,0.0106,745.2986389,794.6272989935067,49.32866009350664,-0.08800161416,13.086974782047509,22.5134214,23.010909504383438
0.01967849581,0.0106,753.4036556,810.3598728424622,56.95621724246223,-0.1080806326,14.151531557147761,22.95840556,23.735786276250753
0.01974041318,0.0106,763.5269506,826.0214398208961,62.494489220896185,-0.1182548664,14.937074038682155,23.13083616,24.103985264498363
0.01979201098,0.0106,776.9226364,841.138254879709,64.21561847970906,-0.1190768683,15.435251373409912,22.97101441,23.995669465320393
0.01983500915,0.0106,795.8703934,855.344533004162,59.47413960416202,-0.1110417181,15.694703984155735,22.32914922,23.259974647126008
0.01987084096,0.0106,823.7285308,868.3862674290622,44.65773662906213,-0.09464408794,15.781926320789436,20.92102369,21.78654320378837
0.0199007008,0.0106,862.7835531,880.1194398503937,17.335886750393797,-0.07132022029,15.752403312615689,18.46230762,19.610786069654125
0.019925584,0.0106,910.3856852,890.4933395977289,19.89234560227112,-0.04637632254,15.645404100767548,15.05681076,16.95790219442663
0.01994632,0.0106,959.4208941,899.5330356401427,59.8878584598574,-0.02591329642,15.49065994412302,11.2916218,14.150856010389738
0.0199636,0.0106,1003.89344,907.3182809473153,96.57515905268474,-0.01245176347,15.312668067193076,7.759620856,11.46446620081472
0.019978,0.0106,1041.809794,913.9654833547045,127.84431064529554,-0.004843420422,15.131059569699172,4.708293455,9.05407632161467
0.01999,0.0106,1073.542152,919.6047724085896,153.93737959141038,-0.001464855241,14.95964147333366,2.142788273,6.973510345737792
0.02,0.0106,1100.0,924.3679242605488,175.63207573945124,0.0,14.806313421478093,0.0,5.217019439209905
0.01682302462,0.01061396723,700.4781258,705.125399800306,4.64727400030597,2.085706799,2.7143889958774805,-1.481645972,-1.528192789347397
0.0180293912,0.01062614465,707.3692589,715.9640121314432,8.594753231443178,1.15827454,2.960562153381737,5.765254493,5.437346296251408
0.008458222452,0.01063059869,699.9990315,697.3076638682921,2.6913676317078625,1.055441693,2.633310055019411,-0.8946801284,-0.6167451720060626
0.01899360027,0.01064408513,720.1280933,735.5340473564818,15.405954056481733,0.2456484129,6.6477588810151405,16.48374275,16.047023870521326
0.01874686887,0.01066026976,715.6773649,727.2182729812529,11.540908081252837,0.425912834,5.107231237951254,13.73023785,13.303266346686982
0.007972044023,0.01066268105,699.999105,695.9902841740304,4.008820825969565,1.024816535,2.832251952797785,-0.8478971158,-0.6772962221712584
0.01723211442,0.01067302565,701.7843972,707.9391618894789,6.154764689478952,1.946189301,2.7060450843268464,-0.4520069039,-0.15272394828129787
0.007481295069,0.01068779609,699.9991727,694.8580401885595,5.14113251144056,0.9976607183,3.2195913210288998,-0.8003501734,-0.7785436622791222
0.01761392977,0.01070886647,704.0786617,711.786407441974,7.7077457419740085,1.616938708,2.7306117257392364,1.883845762,2.025049985079818
0.006987830121,0.01070951565,699.9992349,694.2399904693057,5.759244430694366,0.97366667,3.2910837878009254,-0.7521007576,-1.059833461377523
0.00649350166,0.01072953082,699.9992916,692.7754901711905,7.223801428809452,0.9526908375,3.2016401103217964,-0.7032339342,-0.9439079595003488
0.005997008996,0.01073597351,699.9993419,692.8205212465307,7.178820653469302,0.9356744368,3.110016742138092,-0.6539181627,-0.6197578669853714
0.0,0.01073999422,699.9996199,690.0327468844617,9.966873015538226,0.87318642,2.7968909832146513,-0.04327935688,-0.23010519534994778
0.0004999995668,0.01073999349,699.9996175,689.9591985144575,10.040418985542487,0.8731421945,2.5722856569814585,-0.06592028744,0.15625087010938632
0.0009999995668,0.01073999349,699.9996118,691.9760990944864,8.023512705513667,0.8735171458,2.728917953344598,-0.1160190442,0.09739740295499288
0.001499999567,0.01073999349,699.999602,691.777504177168,8.222097822831984,0.8745937386,2.428696796395057,-0.1718366035,-0.25623532275105454
0.001999999567,0.01073999349,699.9995885,691.9198997397298,8.079688760270187,0.8762184948,1.9852269216760703,-0.2284862748,-0.5013007010166985
0.002499999567,0.01073999349,699.9995713,694.5151167372418,5.484454562758174,0.8786031938,1.815710848409456,-0.2847303741,-0.5551393843896149
0.002999999567,0.01073999349,699.9995503,696.9589892303518,3.04056106964822,0.8819811815,1.9547876104035844,-0.3402127317,-0.6638244152276487
0.003499999567,0.01073999349,699.9995256,696.2062281065964,3.793297493403543,0.8865496916,1.6349908872537213,-0.3948052519,-0.6497347704464849
0.003999999567,0.01073999349,699.9994971,695.9928137415906,4.006683358409418,0.8925335817,1.5672538748484952,-0.4484603154,-0.42124068560951233
0.004499999567,0.01073999349,699.9994646,696.1103909054488,3.889073694551257,0.9001726931,2.5404649493707225,-0.5011732119,-0.8237046661193519
0.004999999567,0.01073999349,699.9994281,694.8621447698835,5.137283330116588,0.9096969447,2.776642073070559,-0.5529688748,-1.2986983956305744
0.005499999567,0.01073999349,699.9993874,693.6863492674568,6.313038132543284,0.9213471182,2.865405464915777,-0.6039169492,-0.8272763572373991
0.01845457981,0.0107465725,711.980372,721.8070268293018,9.826654829301788,0.6443028532,3.852361085919081,10.47267491,10.026023502634736
0.01927964892,0.0108,728.3148897,755.1673098386024,26.852420138602383,0.04925731038,9.151487681416551,19.31902578,19.04817116643804
0.01940804077,0.0108,733.4525936,768.1311288098801,34.678535209880124,-0.0163616536,10.511913173747338,20.55424942,20.472249134894902
0.01951503397,0.0108,739.3726917,782.5444138569814,43.17172215698133,-0.06147607369,11.826356910577795,21.5040613,21.65944219226383
0.01960419498,0.0108,746.256248,797.9159277324896,51.65967973248962,-0.09166640288,13.026720911615314,22.18200703,22.595760724651637
0.01967849581,0.0108,754.5066505,813.6993673668651,59.19271686686511,-0.1100620106,14.025178913183842,22.60173395,23.251445542882827
0.01974041318,0.0108,764.8325286,829.3797390550859,64.54721045508586,-0.1189134619,14.754549238089512,22.74980177,23.570370492543066
0.01979201098,0.0108,778.5345228,844.515418483298,65.98089568329806,-0.118504775,15.201094281541385,22.56370549,23.45451707174694
0.01983500915,0.0108,797.9506092,858.7558338378909,60.80522463789089,-0.1098422492,15.403604208052727,21.88983232,22.773239056616326
0.01987084096,0.0108,826.4091046,871.8466203959979,45.43751579599791,-0.09295221935,15.425449706929468,20.44573771,21.422754400866918
0.0199007008,0.0108,865.9174823,883.6349063671428,17.717424067142815,-0.06939784805,15.327495517336299,17.97025129,19.421183405648684
0.019925584,0.0108,913.467887,894.0612469136618,19.406640086338257,-0.04484725124,15.156986782379384,14.60090971,16.95715196276674
0.01994632,0.0108,961.9487646,903.1453297076031,58.80343489239692,-0.02495801525,14.948812436712206,10.92477725,14.319206523825809
0.0199636,0.0108,1005.679525,910.9636980315071,94.71582696849293,-0.01197858805,14.728719209071285,7.500837901,11.766419733494349
0.019978,0.0108,1042.898995,917.6330699508151,125.26592504918494,-0.004658282457,14.515109520022953,4.550130989,9.454396993245183
0.01999,0.0108,1074.037935,923.2850068425012,150.7529281574989,-0.001408932733,14.319659292385985,2.070658583,7.443708476795623
0.02,0.0108,1100.0,928.0538382895481,171.94616171045186,0.0,14.148178720809197,0.0,5.735731079897929
0.0189871176,0.01084004957,720.5343916,737.1504171635869,16.616025563586845,0.2259394258,6.745456228073057,16.25855497,15.864424839717294
0.01813686432,0.01086010002,708.8280851,717.9935844131178,9.165499313117834,0.9617431085,3.0601268150878402,7.055481859,6.687878029266872
0.01863333701,0.01092573875,714.7135373,726.2610225704871,11.547485270487073,0.4652896427,4.66391408041539,12.39971233,11.987729246906056
0.01927964892,0.011,728.952239,757.8925251312468,28.940286131246808,0.0386462969,9.304753258060842,19.08918144,18.906527429051458
0.01940804077,0.011,734.1889469,771.1892566709035,37.00030977090353,-0.02417180241,10.631025634893195,20.28916063,20.276476918768743
0.01951503397,0.011,740.2083881,785.808307720718,45.59991962071797,-0.06702689465,11.887915818756678,21.20785949,21.399912053387077
0.01960419498,0.011,747.2076283,801.2696809042246,54.06205260422462,-0.0951504898,13.015239356120516,21.85877843,22.267621164957028
0.01967849581,0.011,755.6054661,817.0690377231532,61.46357162315326,-0.1119035686,13.9383800196488,22.25412674,22.856461813334796
0.01974041318,0.011,766.1377097,832.7338859802619,66.59617628026194,-0.1194644092,14.599992507078817,22.37860198,23.119204708966826
0.01979201098,0.011,780.1528535,847.8501283067969,67.69727480679694,-0.1180175221,14.986575231084457,22.1668025,22.97032638471099
0.01983500915,0.011,800.0449742,862.0781821897278,62.033207989727885,-0.1088386053,15.131260878713288,21.46134617,22.29376453174037
0.01987084096,0.011,829.0993198,875.1639812042492,46.06466140424925,-0.09152954361,15.09386599391856,19.98240567,20.995999096043928
0.0199007008,0.011,869.033229,886.9505370466384,17.917308046638368,-0.06777351807,14.936969913330026,17.49273952,19.092440718541223
0.019925584,0.011,916.4998684,897.3731309695069,19.126737430493108,-0.04353835936,14.712517304279956,14.16151409,16.753881843169133
0.01994632,0.011,964.4175949,906.449183579637,57.96841132036309,-0.02415261599,14.45901372198579,10.57309889,14.245029207257616
0.0199636,0.011,1007.418819,914.2545222442216,93.16429675577842,-0.01158710579,14.203510932930744,7.253322381,11.807904602201134
0.019978,0.011,1043.958968,920.9067599228861,123.05220807711385,-0.004508068482,13.96344646275141,4.398926483,9.591352518278708
0.01999,0.011,1074.520372,926.5387466402296,147.9816253597703,-0.001364849666,13.748802461871927,2.001699363,7.656094646582091
0.02,0.011,1100.0,931.2855040307375,168.71449596926254,0.0,13.563639819025338,0.0,6.0066206087308425
0.01267228013,0.0110145924,699.9981707,695.8533534319524,4.144817268047518,1.408745409,2.563337818388474,-1.287358633,-1.046252797291106
0.01172925151,0.01101745779,699.9984331,699.0239993217137,0.9744337782863113,1.296570329,2.6970694789732947,-1.197625361,-0.5667076623765714
0.01218677988,0.01102801719,699.9983127,696.3611999154243,3.63711278457572,1.348432131,2.4971140944341954,-1.240512911,-0.6723976507449398
0.01900286439,0.01103159538,721.3277115,739.7770031852295,18.449291685229582,0.1957847996,7.008726768396956,16.27401339,15.969061561676881
0.01539512955,0.01103239685,699.9981031,701.8879590086492,1.8898559086492241,1.808577676,2.388664069346385,-1.571829642,-1.8749601598442474
0.01035471879,0.0110333038,699.9987488,697.8788688599928,2.119879940007195,1.157977688,2.6502269538953627,-1.067090697,-0.9624475077543684
0.01082763919,0.01103357332,699.9986494,699.2456228493677,0.7530265506322849,1.201430248,2.7222678141886023,-1.111923101,-0.9380502683833525
0.01128084945,0.01103554799,699.998546,700.8582579647448,0.8597119647447471,1.246520925,2.8766093528048966,-1.15513485,-0.7054946352856994
0.01585758276,0.01103688944,700.0100917,702.8413912042299,2.8312995042299463,1.891164545,2.2772707676383854,-1.646164209,-2.088237781367757
0.01492863888,0.01103905718,699.9974129,700.8376873304347,0.8402744304347607,1.729041464,2.689940363197504,-1.517118675,-1.8004386193379887
0.009883355135,0.01104401325,699.9988415,698.1935136550954,1.805327844904582,1.117107011,2.7903935612417783,-1.022225149,-0.8707618437038818
0.0144634487,0.01105256157,699.9975544,699.0351676011304,0.962386798869602,1.654520595,3.105879494813485,-1.466220855,-1.8682021907353872
0.0131551831,0.0110555378,699.9980248,697.1753388482813,2.8226859517187677,1.467119643,2.8328211713894254,-1.334851819,-1.562684322150063
0.01356482341,0.01105712323,699.997888,697.7880192024309,2.209868797569129,1.522551988,3.129425707775007,-1.374684932,-1.8627858123595007
0.01400648505,0.01105977461,699.99773,697.8823529813493,2.1153770186507472,1.584942108,3.2985808131542393,-1.418786333,-1.9351390362644407
0.009411646568,0.0110628342,699.9989286,697.7459949715491,2.2529336284509327,1.078624276,2.956147238451451,-0.9769266409,-0.7108595271751232
0.01630155435,0.01106379607,700.1066626,703.7386240450539,3.6319614450538893,1.960272373,2.296797742007713,-1.679166065,-2.0900089165020774
0.01872746175,0.01108338573,716.3456927,729.7145743416243,13.368881641624284,0.3759892013,5.236756234310048,13.33777416,12.996679030225703
0.008937211209,0.01109583662,699.9990114,697.137299879499,2.8617115205009895,1.041864784,2.9184608026707615,-0.9308161198,-0.5498789365155865
0.01827957462,0.01110021267,710.7422881,720.5005290483178,9.758240948317848,0.7847179262,3.3572797449946368,8.641082379,8.170026870283895
0.0167439374,0.01110430305,700.5934275,705.1256623026,4.532234802599987,1.972823132,2.382534556951036,-1.444908137,-1.5077129360749648
0.008451748521,0.01112323191,699.9990892,696.5977383461453,3.4013508538546375,1.008171307,2.6917382609442715,-0.8835107827,-0.5838923805153842
0.01719183726,0.01113408563,702.1200393,707.9558904447589,5.835851144758863,1.832009308,2.4833973147136863,-0.2727736307,0.005452835429721858
0.01768897214,0.01114058368,705.3666336,712.8526440324315,7.486010432431499,1.414168757,2.5919931152944766,2.957006019,2.9093333321633787
0.007963899808,0.01116033721,699.9991624,694.8895165999921,5.109645800007911,0.9766066674,2.6443889924859763,-0.8354834472,-0.5331090523534172
0.007472138566,0.01118518329,699.9992292,694.6457474242642,5.353481775735759,0.9490896927,2.804228349694701,-0.7870195267,-0.8046590792555257
0.01927964892,0.0112,729.5758325,760.7102128229069,31.13438032290685,0.02732399137,9.458907371043303,18.86597478,18.81301767233772
0.01940804077,0.0112,734.9139164,774.3164107033215,39.40249430332153,-0.03219908875,10.75637173378653,20.03069301,20.134600756671848
0.01951503397,0.0112,741.0348257,789.1015660456129,48.06674034561286,-0.07252466271,11.960505072571133,20.91861618,21.20039456313137
0.01960419498,0.0112,748.1517337,804.6118481792571,56.46011447925707,-0.09849824441,13.018335349923829,21.54323135,22.00576972106204
0.01967849581,0.0112,756.6995814,820.3873172894334,63.687735889433384,-0.1136737052,13.86658906020067,21.91501348,22.530925998812737
0.01974041318,0.0112,767.4425655,835.9918974062288,68.54933190622876,-0.1200065079,14.457597617196832,22.01673126,22.73166739640379
0.01979201098,0.0112,781.7782393,851.032204978269,69.25396567826897,-0.1176277213,14.78159406288258,21.78022288,22.52837226908418
0.01983500915,0.0112,802.1541868,865.1776899578206,63.02350315782053,-0.1078542806,14.870218620924957,21.04351345,21.81525795280991
0.01987084096,0.0112,831.7994696,878.1772569687695,46.37778736876953,-0.09014859993,14.78124003668534,19.53037194,20.511237644529476
0.0199007008,0.0112,872.1313425,889.875421129622,17.744078629622095,-0.06628799413,14.577327888765323,17.02881487,18.639705332649104
0.019925584,0.0112,919.4837313,900.2090745025212,19.274656797478883,-0.04233514715,14.312106733511534,13.73736719,16.367970032535847
0.01994632,0.0112,966.8306385,909.1974871422292,57.63315135777077,-0.0234250575,14.025727306705058,10.23524085,13.94662382901651
0.0199636,0.0112,1009.114216,916.9195648519323,92.1946511480678,-0.01123699427,13.745401033702366,7.015948692,11.601306984535555
0.019978,0.0112,1044.991565,923.4941257154236,121.49743928457644,-0.004374961355,13.487753262393454,4.253923263,9.470045943044937
0.01999,0.0112,1074.990309,929.0551652218578,145.93514377814222,-0.001326362321,13.261218146300797,1.935541676,7.6087241369513725
0.02,0.0112,1100.0,933.7388027425859,166.2611972574141,0.0,13.068405760917772,0.0,6.0208102843999916
0.00697988751,0.01120518241,699.9992902,693.7883672044353,6.210922995564715,0.9249089493,2.80138919842664,-0.7382596736,-1.1665193454983296
0.006487490089,0.0112225521,699.9993457,692.4379360849771,7.561409615022967,0.9038084311,2.5113167924646413,-0.6891709476,-1.0904193764213677
0.01903046435,0.01122298102,722.4117276,743.2102587562731,20.798531156273157,0.1622146909,7.354735313522853,16.41109693,16.22122030673463
0.005994482332,0.01123296356,699.9993955,692.6973599429641,7.302035557035879,0.8859487801,2.2134905186140754,-0.6397629673,-0.8711516699585289
0.005496215873,0.01123571457,699.9994403,693.3226404072248,6.676799892775193,0.8711043345,2.0435301771783756,-0.5895580629,-1.0760119864666056
0.0,0.01123999422,699.999668,690.1932073776184,9.806460622381678,0.8160016573,2.3947380482205984,-0.04149354301,-0.35538799838111856
0.0004999991335,0.01123999275,699.9996656,689.4379405501477,10.56172504985227,0.816067616,2.4090101631524643,-0.0633416827,-0.011002245643789266
0.0009999987003,0.01123999202,699.99966,691.224387979907,8.775272020092984,0.8167300048,2.783903080959048,-0.1117044951,0.08123064620567355
0.001499998484,0.01123999165,699.9996505,691.7465050426334,8.2531454573666,0.8182271066,2.6400296110768267,-0.1656517666,-0.20065198300828424
0.001999998375,0.01123999147,699.9996374,692.7198874125567,7.279749987443324,0.8204035782,2.2120952388955413,-0.2205215404,-0.43372983618291716
0.002499998321,0.01123999138,699.9996207,695.5708770997849,4.428743600215171,0.8234535613,2.028189041964648,-0.275162108,-0.3597246315837568
0.002999998294,0.01123999133,699.9996002,698.9502123132604,1.0493878867396234,0.8275751502,2.0872211749318588,-0.3292580799,-0.3688759867919016
0.003499998281,0.01123999131,699.9995761,698.6148059730886,1.3847701269114623,0.8329307595,1.3092729024127683,-0.3827056268,-0.5237944114310613
0.003999998274,0.0112399913,699.9995482,698.0437680283022,1.9557801716978247,0.8397209573,1.311459534807485,-0.4354694455,-0.4053269481650954
0.00449999827,0.01123999129,699.9995164,697.6303985068182,2.3691178931817376,0.8481472432,2.0866727814106447,-0.4875543193,-0.8226734653476253
0.004999998269,0.01123999129,699.9994806,695.279499553467,4.719981046533007,0.8584206384,2.1255809546563187,-0.538993846,-1.3585345191551728
0.01849688653,0.01124056396,713.5054837,724.9046135578794,11.399129857879416,0.561476478,4.124732182019087,10.90656204,10.453602591241129
0.01878401511,0.01126378912,717.6428634,732.8281140505225,15.185250650522448,0.3177631094,5.659206671279186,13.8503696,13.591250860068019
0.01807770916,0.01133087923,709.1104388,717.8868414348475,8.7764026348475,0.9601873593,2.9206821435161885,6.667325033,6.167390840317117
0.01927964892,0.0114,730.2164105,763.5171021247465,33.30069162474649,0.01562284335,9.572417888244601,18.64603939,18.730590749595713
0.01940804077,0.0114,735.6371678,777.3472979853833,41.710130185383264,-0.04052800342,10.84298320168774,19.77706875,20.010059359045744
0.01951503397,0.0114,741.8552775,792.2137455153514,50.35846801535138,-0.07800225512,11.999545137929506,20.63555918,21.025308146223495
0.01960419498,0.0114,749.0895127,807.6952239881925,58.60571128819254,-0.1017105415,12.994671128229893,21.23485266,21.774212925801766
0.01967849581,0.0114,757.789269,823.3708587031992,65.58158970319926,-0.1154007544,13.773861963284395,21.58399202,22.237397126360893
0.01974041318,0.0114,768.7473769,838.8333296235717,70.08595272357172,-0.1206352972,14.298237236607902,21.66390524,22.370741242129668
0.01979201098,0.0114,783.4108102,853.7050510632644,70.29424086326435,-0.1171825447,14.563548633833538,21.40360253,22.097824616772588
0.01983500915,0.0114,804.2768903,867.6645650994536,63.387674799453634,-0.1065586908,14.603074617501846,20.63602746,21.32217922716801
0.01987084096,0.0114,834.5054111,880.4694389317264,45.96402783172641,-0.08843598401,14.474063306213557,19.08950449,19.977499305006667
0.0199007008,0.0114,875.2059575,891.9712394447594,16.76528194475941,-0.06457521424,14.238295742232095,16.57827892,18.10135233289676
0.019925584,0.0114,922.4145946,902.1145070629881,20.300087537011905,-0.04099154359,13.948889738523723,13.32808079,15.86461019106856
0.01994632,0.0114,969.1850054,910.9244658704795,58.26053952952054,-0.02261545456,13.645447637348314,9.910739478,13.507823628446165
0.0199636,0.0114,1010.764065,918.4844603455723,92.27960465442766,-0.01083934531,13.354278444343885,6.788371959,11.240514695126237
0.019978,0.0114,1045.995804,924.9150029050481,121.08080109495177,-0.004219558881,13.09073023641431,4.114944426,9.187841155529966
0.01999,0.0114,1075.447293,930.3508288172538,145.0964641827461,-0.001279373572,12.861841887363527,1.872126473,7.398317990330017
0.02,0.0114,1100.0,934.9266256228459,165.0733743771541,0.0,12.668967026769224,0.0,5.8728395933483695
0.01846630519,0.01142146312,713.5294332,725.124781390994,11.59534819099406,0.5652881529,4.020926147636247,10.58649535,10.0988371628329
0.01903748554,0.01142356771,723.1280875,745.8259270688707,22.697839568870677,0.1431363255,7.516060192421957,16.32170309,16.25295804803277
0.01878514764,0.01143388018,718.1008891,734.2561742574642,16.155285157464164,0.3031224111,5.7276309110084656,13.78298033,13.582468736519935
0.01221813334,0.01146163796,699.998356,697.2809602258409,2.7173957741590584,1.309561681,2.457643644287022,-1.247217591,-0.6659456584699157
0.01266923953,0.01146693218,699.9982272,695.8149087778067,4.183318422193224,1.363934273,2.3547608546930627,-1.291726737,-0.8938013108747507
0.01038704595,0.01153146164,699.9988005,698.8765923517215,1.1222081482785597,1.112777619,2.997991746627174,-1.06736318,-0.9389887934794459
0.01086689163,0.01153156984,699.9986989,699.413099312927,0.585599587073034,1.157303811,2.7457584936289887,-1.114721879,-1.0887203223680952
0.01531751094,0.01153435212,699.9988535,701.4852327619939,1.486379261993875,1.733931081,2.506159116689166,-1.575321184,-1.777271171472198
0.01577441381,0.0115349024,700.0163257,703.0964718424439,3.080146142443823,1.806978961,2.505444122604545,-1.649381732,-2.109676754330868
0.01134864959,0.01153765384,699.9985879,701.0934361563061,1.0948482563061361,1.20585975,2.8252547291346914,-1.162595176,-0.898979380370438
0.0118186847,0.01153845908,699.9984721,699.9644853814323,0.03398671856768942,1.255312292,2.6900306051693494,-1.209090915,-0.6831083109716731
0.009906123824,0.01154148881,699.9988952,698.5527599763296,1.4461352236703533,1.07070527,3.3867819280979576,-1.019872623,-0.7337739557360106
0.01485910605,0.01154290945,699.9975811,700.2776744819955,0.28009338199547074,1.661389934,2.6902041474228984,-1.520274546,-1.6447508394868278
0.01623143757,0.01154689575,700.1418532,704.7297372517432,4.587884051743231,1.867142637,2.481634125417629,-1.674133345,-2.243557800601326
0.009425630257,0.01155648143,699.9989828,696.6859152530777,3.313067546922298,1.031777824,3.5288227917827024,-0.9723207344,-0.5853737202830427
0.01439470168,0.01155914042,699.9976603,699.0791009396047,0.9185593603953066,1.590829187,2.961527048311469,-1.469167499,-1.602996770007966
0.01306244594,0.01156080685,699.998119,696.2175157052376,3.780603294762386,1.403724912,2.377682315541808,-1.331843631,-1.1912372721278857
0.01668941422,0.01156452644,700.7284175,706.2369776960873,5.508560196087274,1.868576479,2.489165859221653,-1.396307724,-1.660841102027689
0.01393740305,0.01157230402,699.9978242,698.58096704101,1.4168571589899557,1.522938965,2.922313440699548,-1.420953846,-1.4930863607921179
0.01715729248,0.01157600419,702.4418505,708.5643707622048,6.12252026220483,1.712378499,2.578838612475466,-0.1405369048,0.0029241134231634547
0.008942345385,0.01158166244,699.9990652,696.249063708205,3.7500014917950466,0.9949487775,3.4332218351476573,-0.9242692988,-0.48299504851546704
0.01349432813,0.01158626111,699.9979802,697.6413281477858,2.356652052214258,1.459831395,2.621981216707735,-1.375500152,-1.3862827932736819
0.01927964892,0.0116,730.8717275,766.081606353863,35.20987885386296,0.005867758078,9.603350059517165,18.42903421,18.624347649258485
0.01940804077,0.0116,736.3638339,779.9753039057979,43.611470005797855,-0.04759898155,10.84564186901211,19.52796278,19.867262324362397
0.01951503397,0.0116,742.6736583,794.7725820813023,52.09892378130223,-0.08267251549,11.958235139894713,20.35846482,20.837791420441032
0.01960419498,0.0116,750.0231467,810.0853908983387,60.0622441983387,-0.1044371181,12.897036256383254,20.93343359,21.534000516645857
0.01967849581,0.0116,758.8755593,825.5257042387148,66.65014493871479,-0.1167536119,13.61427250692078,21.26078883,21.93570691028346
0.01974041318,0.0116,770.0524691,840.7095289740273,70.65705987402725,-0.1209729839,14.079150554037566,21.31960062,21.998967620679068
0.01979201098,0.0116,785.0502053,855.2754949008453,70.22528960084526,-0.1164525685,14.29397503886074,21.03565689,21.65180748184263
0.01983500915,0.0116,806.4111456,868.9144578403175,62.50331224031743,-0.105004668,14.295405027029982,20.23772747,20.80885601504894
0.01987084096,0.0116,837.2122713,881.3963464636927,44.18407516369268,-0.08649029347,14.140633103624888,18.65949881,19.42056850989607
0.0199007008,0.0116,878.2503577,892.5849340123175,14.334576312317495,-0.06265888413,13.889802072035378,16.14117998,17.53939204357998
0.019925584,0.0116,925.2869605,902.4359769177341,22.850983582265826,-0.03952917637,13.593787579311863,12.93370095,15.338762523356792
0.01994632,0.0116,971.4774891,910.9810231829098,60.49646591709018,-0.02173611335,13.289977568558928,9.599595464,13.047921323638423
0.0199636,0.0116,1012.366594,918.3074860717398,94.05910792826012,-0.01040371343,13.002695722033996,6.570635259,10.859725054374767
0.019978,0.0116,1046.970683,924.5365461886636,122.43413681133643,-0.004047375378,12.745478335513885,3.982072818,8.886320109336626
0.01999,0.0116,1075.890873,929.8003853706225,146.09048762937755,-0.001226618515,12.524100895196703,1.811518878,7.169513515531796
0.02,0.0116,1100.0,934.2312331822476,165.7687668177524,0.0,12.338903543899406,0.0,5.707384091493981
0.01760496798,0.0116030353,705.3976613,712.1734909382926,6.775829638292635,1.349298553,2.656613308825964,2.587304192,2.509436320764327
0.008450237388,0.01161338317,699.9991431,695.6111115422985,4.388031557701424,0.9602512127,2.742079397853751,-0.8751268401,-0.4952870793978432
0.01902841982,0.01162089398,723.4654723,747.4450650819849,23.979592781984934,0.1350960164,7.482295811571473,16.07883755,16.091580275906235
0.01876732138,0.01162875955,718.2485892,735.2523465992738,17.00375739927381,0.2970752501,5.649148162263489,13.51759823,13.353193528131197
0.01807750175,0.01163162753,709.6650721,718.48849669265,8.823424592649985,0.8706148096,2.9868225671887636,6.807726593,6.186902747644049
0.01847506483,0.01163672376,714.0898555,726.5088008721593,12.418945372159328,0.5167440096,4.096222660606065,10.66637034,10.184334151210557
0.007958186072,0.01164238019,699.9992148,694.758289316847,5.240925483152978,0.929080095,2.2677259436931934,-0.8259145833,-0.5263216623951497
0.007464868785,0.01166771489,699.9992806,694.9896254293782,5.009655170621841,0.9012602957,2.403921904278409,-0.7764766096,-1.0041515617892385
0.00697217293,0.0116905026,699.9993408,693.8863044239348,6.113036376065224,0.8765747072,2.4008536772356637,-0.7269388978,-1.3313467122178722
0.006480016719,0.01170872462,699.9993954,693.0401879389021,6.95920746109789,0.8551206075,1.9211967718066496,-0.6773565118,-1.2754206195795073
0.005988668298,0.01172424172,699.9994447,692.996970515775,7.00247418422498,0.8364752963,1.5288663283634676,-0.6277041437,-1.150089272146814
0.005491133875,0.01172871142,699.9994889,693.3066754949818,6.692813405018114,0.8210950667,1.4214783818673773,-0.5773850842,-1.3471162875001932
0.004995992456,0.01173396945,699.9995284,694.6291859158986,5.370342484101457,0.8078799611,1.5511283286487267,-0.5269819994,-1.482641959252521
0.0,0.01173999422,699.9997113,690.5130544909107,9.486656809089254,0.7607761383,2.1423590197294313,-0.03997195334,-0.3141635041915878
0.0004999982671,0.01173999128,699.999709,689.7972584629167,10.202450537083337,0.7609178892,2.293542089331135,-0.06116380719,-0.1766622224015597
0.0009999982671,0.01173999128,699.9997036,691.4958869434171,8.503816656582899,0.7617817143,2.6614863753056186,-0.1080853879,-0.0863240332539279
0.001499998267,0.01173999128,699.9996944,693.0373720052031,6.962322394796843,0.7635785288,2.530871533594537,-0.160472825,-0.33740009105348623
0.001999998267,0.01173999128,699.9996817,694.2792226303333,5.720459069666731,0.7661491249,2.1091360907100203,-0.2138525335,-0.5611736006030554
0.002499998267,0.01173999128,699.9996654,696.0780553955994,3.921610004400577,0.7696754542,1.8822330650398393,-0.2671456554,-0.44070846166233224
0.002999998267,0.01173999128,699.9996456,698.9058971532677,1.0937484467323202,0.774325121,2.069172780562768,-0.3200725871,-0.2510955003595967
0.003499998267,0.01173999128,699.9996221,698.3106374059004,1.688984694099645,0.7802441196,1.5036957599087277,-0.3725527491,-0.51285132649401
0.003999998267,0.01173999128,699.9995949,695.8367919235868,4.162802976413218,0.7875988433,1.3051217717078774,-0.4245699337,-0.5863196005914872
0.004499998267,0.01173999128,699.9995638,695.5982250660487,4.40133873395132,0.7965702133,1.647277678804987,-0.4761283892,-0.9674343417289091
0.01927964892,0.0118,731.5234238,768.0603963735749,36.53697257357487,-0.002061969922,9.513413522037958,18.2173808,18.47507067249318
0.01940804077,0.0118,737.089998,781.7985016567144,44.708503656714356,-0.0531694817,10.72205201772469,19.28454963,19.684847173867162
0.01951503397,0.0118,743.4904005,796.318135928645,52.82773542864504,-0.08629487426,11.791155599867926,20.08775543,20.614113528652037
0.01960419498,0.0118,750.9539027,811.2646108625097,60.31070816250974,-0.1065333048,12.677970398883344,20.63908585,21.25980114225462
0.01967849581,0.0118,759.9594505,826.2809949300303,66.32154443003026,-0.1175845828,13.340117396454291,20.9452672,21.601641991518218
0.01974041318,0.0118,771.3582691,841.0070753242537,69.64880622425369,-0.1207630984,13.754446055957338,20.98339087,21.59840864016835
0.01979201098,0.0118,786.696058,855.0993439296622,68.40328592966216,-0.1154309675,13.930043049788308,20.67586127,21.18596069441214
0.01983500915,0.0118,808.5550802,868.2655283057537,59.7104481057537,-0.103311488,13.906954988376155,19.84810143,20.2926171967536
0.01987084096,0.0118,839.91594,880.2911402145016,40.37520021450166,-0.08439607169,13.7423952818709,18.24000766,18.885203197401037
0.0199007008,0.0118,881.25969,891.0532689227109,9.793578922710935,-0.06065179573,13.493882774788803,15.71737897,17.026699908680694
0.019925584,0.0118,928.0978065,900.5171567402741,27.58064975972593,-0.03802853742,13.208863919250149,12.55406863,14.887115708892743
0.01994632,0.0118,973.7071319,908.7211409340349,64.98599096596513,-0.02083889556,12.921193338077268,9.301596674,12.680204837321096
0.0199636,0.0118,1013.921661,915.7534342066929,98.1682267933071,-0.00995915424,12.652383329020086,6.36256795,10.582211421297796
0.019978,0.0118,1047.916202,921.7325921397476,126.18360986025255,-0.003871301503,12.413866855742409,3.855208562,8.694282870042727
0.01999,0.0118,1076.32106,926.7870022188001,149.53405778119986,-0.001172545764,12.21008659993509,1.753675743,7.053073148789996
0.02,0.0118,1100.0,931.0430473664794,168.9569526335206,0.0,12.040626060189613,0.0,5.655538670668409
0.01903003716,0.01181910079,724.0355575,749.407365184866,25.371807684865985,0.1211644475,7.437903703113652,15.9458239,15.999520967068275
0.01854172685,0.01182194175,715.3045374,729.299331508315,13.99479410831509,0.4336402873,4.433623509955933,11.27660586,10.90136585358341
0.01878613202,0.01183169127,719.0332148,737.5774606682028,18.54424586820278,0.2647398108,5.755730872703112,13.60912952,13.491528891001924
0.0124527689,0.01196699021,699.998348,697.3083559197944,2.6899920802055703,1.286740361,2.192117054666986,-1.276738309,-0.908152801215639
0.01806603698,0.01199825817,710.2014435,719.0282849325303,8.826841432530273,0.7861659413,3.213864426661784,6.824125459,6.234070253413857
0.01927964892,0.012,732.1729461,769.078308678095,36.90536257809504,-0.009519712073,9.283497802846167,18.01069281,18.281528556752097
0.01940804077,0.012,737.8136067,782.4157758010086,44.6021691010086,-0.0580256888,10.44973645514582,19.04683938,19.456714965477897
0.01951503397,0.012,744.3047271,796.4221226328284,52.11739553282837,-0.08922123495,11.474447928831234,19.82347521,20.345136355030597
0.01960419498,0.012,751.8820557,810.7794230997772,58.89736739977718,-0.1081319445,12.314475736289856,20.35181471,20.942091273674905
0.01967849581,0.012,761.0415663,825.162973796124,64.121407496124,-0.1180183585,12.931862715825458,20.63733898,21.228729783195554
0.01974041318,0.012,772.665264,839.239003055073,66.57373905507302,-0.1200832024,13.31004599475933,20.65507756,21.169599760056734
0.01979201098,0.012,788.3482532,852.685766587662,64.33751338766194,-0.1141720115,13.463741956192422,20.32409828,20.71162010775776
0.01983500915,0.012,810.7071947,865.2297727993308,54.52257809933087,-0.1015201704,13.435766944920331,19.46703131,19.798270432502242
0.01987084096,0.012,842.6132322,876.6711739209035,34.0579417209035,-0.08220977361,13.282307000952065,17.83085108,18.410207996847344
0.0199007008,0.012,884.2308746,886.9006258150148,2.6697512150147986,-0.05863093627,13.057632257817453,15.30667345,16.613873905009598
0.019925584,0.012,930.8461881,895.8911026773073,34.955085422692605,-0.03653946486,12.804677069044503,12.18885281,14.568202527572268
0.01994632,0.012,975.8746847,903.6841275979198,72.19055710208022,-0.01995518618,12.553040801398526,9.016349949,12.467924582592492
0.0199636,0.012,1015.430289,910.3660757634939,105.06421323650613,-0.009521836419,12.320646898826055,6.163853789,10.473329270768733
0.019978,0.012,1048.833058,916.0509208973072,132.7821371026928,-0.003698048021,12.116588975413059,3.734155985,8.6771187464985
0.01999,0.012,1076.738175,920.8598674676433,155.87830753235664,-0.001119297808,11.943817249469866,1.698509085,7.113712461503412
0.02,0.012,1100.0,924.9121153798144,175.0878846201856,0.0,11.801373767756887,0.0,5.780709674471832
0.01189741123,0.01200269042,699.9985045,700.2967894217662,0.2982849217662533,1.217632904,2.6113604307905396,-1.220695918,-0.9053254575875957
0.01713483523,0.01201820169,702.8351076,710.4298075186073,7.594699918607262,1.576248298,2.8737702015368356,0.05076312381,0.22706538359032358
0.01619157818,0.01201973324,700.1960999,706.0896423176297,5.8935424176296465,1.780794238,3.247399731737583,-1.652567128,-2.063739040066286
0.01761931516,0.01201988626,706.1639493,713.7073037739409,7.543354473940894,1.189276166,2.9540161395778703,3.013272715,2.920017513625644
0.01572479082,0.0120201071,700.0266943,703.6628563374733,3.636162037473241,1.731807735,3.2927914435758465,-1.647604106,-1.9475972949459681
0.01666090138,0.01202044208,700.919476,708.0964723551077,7.17699635510769,1.762003876,2.960978654790254,-1.306102508,-1.475589781649587
0.01090376187,0.01202268237,699.9987455,700.6752938658407,0.676548365840631,1.111855535,3.1346180920011912,-1.119672643,-0.9873743224147162
0.01902915995,0.01202286847,724.5739027,750.6186342927474,26.04473159274744,0.108415521,7.267207542522905,15.78829404,15.84525568528596
0.01139791304,0.01202371743,699.9986305,701.3331962060895,1.3345657060895064,1.162242197,2.9372727829554677,-1.170513591,-0.9971744073522935
0.01041251426,0.01202385199,699.9988502,700.2843086308797,0.2854584308796575,1.065781881,3.5750197396774333,-1.069247326,-0.8159640406402868
0.01526087756,0.01202736854,700.000079,701.4659507753088,1.4658717753087558,1.665013425,3.0559687426928077,-1.577473327,-1.6924861676501965
0.009922883559,0.01203215546,699.9989465,698.653823359512,1.345123140487999,1.023025047,4.038141539188302,-1.019198692,-0.6789423186955972
0.01878516033,0.0120339391,719.4962285,738.6480643422782,19.15183584227816,0.2458499481,5.685307426212948,13.50604186,13.401595238533641
0.01479994404,0.01204078307,699.9977973,700.4810183044505,0.48322100445045635,1.596685646,2.927783492531411,-1.522408318,-1.6276117236645966
0.00943599006,0.01204336887,699.9990344,696.1023726535599,3.896661746440145,0.9838291283,4.092494972999834,-0.9694890839,-0.5326574423150152
0.01294382678,0.0120528716,699.9982112,695.891583311494,4.106627888506068,1.33968839,1.9960837250580925,-1.32879654,-1.0807060829895425
0.01850950379,0.01205416687,715.3696853,729.1550268381607,13.785341538160651,0.4240494221,4.354127274450231,10.93078673,10.5632040815382
0.01433251399,0.01205993538,699.9977665,699.6737282950819,0.32403820491811075,1.528775845,2.753213868841452,-1.472376116,-1.4536418279917305
0.008943939567,0.01206751228,699.9991172,696.4989658920741,3.5001513079258757,0.9464822972,3.8653420464845425,-0.919267366,-0.41005634970732086
0.01387760673,0.01207186938,699.9979096,698.2586142240025,1.7392953759974716,1.463492875,2.413300127660194,-1.425130685,-1.2564059246075594
0.008449993159,0.01209348185,699.9991935,695.7727890915454,4.226404408454641,0.9122779061,2.6930155319303912,-0.8688916627,-0.4409526547124134
0.01340139767,0.01211084855,699.9980717,696.3265973403088,3.6714743596911603,1.394806975,2.0613286707023555,-1.377028822,-1.219445982539619
0.007952602605,0.01212682076,699.9992648,695.5042969724935,4.494967827506457,0.8803644386,1.8452269148930613,-0.8180945038,-0.6551658592470755
0.007458748565,0.01215069947,699.999329,695.4817695029011,4.517559497098887,0.8526732191,1.9889476675921596,-0.7677823263,-1.1384871601830397
0.006965251721,0.0121757984,699.9993881,694.110195016855,5.889193083145074,0.8276959463,1.894700340534796,-0.7174974359,-1.407518762375882
0.006472772689,0.01219705603,699.9994418,693.209072369311,6.7903694306889975,0.8058371774,1.513927811177974,-0.6673607261,-1.3964682913384943
0.01927964892,0.0122,732.8251473,768.8455645987143,36.02041729871428,-0.01617308621,8.932428765606783,17.80775971,18.03950823640011
0.01940804077,0.0122,738.5360368,781.55382565488,43.017788854879996,-0.0622918274,10.047049010010836,18.81423221,19.17238305055078
0.01951503397,0.0122,745.116789,794.8315019143784,49.71471291437831,-0.09163516083,11.028763654956963,19.56535309,20.017908841667616
0.01960419498,0.0122,752.8078159,808.4018324358972,55.59401653589714,-0.1092928073,11.832750207198538,20.0714584,20.569014308595563
0.01967849581,0.0122,762.1223291,821.9735828561879,59.85125375618793,-0.1181290936,12.424175265603218,20.33685031,20.80886484130376
0.01974041318,0.0122,773.9738936,835.2400789043472,61.26618530434723,-0.1191435676,12.790988056084561,20.33446952,20.70956359038419
0.01979201098,0.0122,790.0068241,847.9021992163847,57.895375116384685,-0.1127302842,12.95147299047649,19.98024174,20.23079810797895
0.01983500915,0.0122,812.8663406,859.7038012129879,46.83746061298791,-0.09961248321,12.94902951554652,19.09444601,19.331020270555026
0.01987084096,0.0122,845.3016803,870.4603577134113,25.158677413411283,-0.0799739478,12.837539030176533,17.43193011,18.00093603178465
0.0199007008,0.0122,887.1619375,880.0725831909183,7.0893543090817275,-0.05662957843,12.666835927895644,14.90883832,16.303850233337545
0.019925584,0.0122,933.5322727,888.5198115558189,45.01246114418109,-0.03508649626,12.474703828146529,11.8376208,14.381138882870676
0.01994632,0.0122,977.9817102,895.8444727243585,82.13723747564143,-0.0191010088,12.285841264454278,8.743344969,12.405889250574699
0.0199636,0.0122,1016.894026,902.1291117360713,114.76491426392874,-0.009100648092,12.114298217666212,5.974074862,10.523384432907868
0.019978,0.0122,1049.722265,907.480507364995,142.24175763500511,-0.003531537912,11.96655822637492,3.618645783,8.820870487745115
0.01999,0.0122,1077.142685,912.0116549167656,165.13103008323446,-0.001068238158,11.844148462411633,1.645892611,7.3331905270395135
0.02,0.0122,1100.0,915.8334019509772,184.1665980490228,0.0,11.745652820987392,0.0,6.0605990411384445
0.005979842874,0.01221110862,699.9994901,692.6488447462676,7.350645353732375,0.787145742,1.3606691762238252,-0.6172611628,-1.3312069631831873
0.005488253336,0.01222365126,699.9995336,692.8191848712158,7.180348728784111,0.7709291941,1.4113643393305444,-0.5672382721,-1.4568869476813573
0.01902337793,0.0122262995,724.9951223,750.5699162533692,25.57479395336918,0.0998211271,6.981827719096869,15.58757899,15.617720720139662
0.00499132065,0.01222982318,699.9995726,693.5734494172003,6.426123182799643,0.7573127589,1.6846864469799987,-0.5166623705,-1.4357215886177341
0.00449656555,0.01223509014,699.999607,693.9077818843514,6.091825115648589,0.7458040074,1.927104150117456,-0.4661798657,-0.8656117240151309
0.0,0.01223999422,699.9997504,691.4336977635887,8.566052636411314,0.70719124,2.0841182394384035,-0.03865258829,-0.21125231504974007
0.0004999965342,0.01223998834,699.9997482,691.5501294628914,8.449618737108608,0.7073806048,2.174596228748684,-0.05929667151,-0.2817858594188376
0.0009999948012,0.0122399854,699.9997429,693.4464221707589,6.553320729241136,0.7083765065,2.3759260679358922,-0.1050108336,-0.2932320408807536
0.001499993935,0.01223998393,699.999734,695.3487047036981,4.6510292963018856,0.7103752763,2.0976267684546546,-0.1560850249,-0.5702572878575642
0.001999993502,0.0122399832,699.9997217,696.3126608548829,3.6870608451171165,0.7132118466,1.7098500737445965,-0.2082060338,-0.7244960908754141
0.002499993285,0.01223998283,699.999706,696.9622585771041,3.037447422895866,0.7170586467,1.5329480421669388,-0.2603570578,-0.5569884847748643
0.002999993177,0.01223998265,699.9996868,698.3138351611179,1.6858516388820135,0.7220576508,1.7982524977024315,-0.3122924035,-0.23390636909337292
0.003499993122,0.01223998256,699.999664,698.0635988834201,1.9360651165799254,0.728352413,1.9631801137852116,-0.3639492745,-0.40537696360908804
0.003999993095,0.01223998251,699.9996375,695.0753682241301,4.924269275869847,0.7360581054,1.877644607856005,-0.4153252171,-0.5692290291707778
0.01852096224,0.01224690404,715.8914482,729.4847058555548,13.593257655554794,0.3938864996,4.442918433056016,10.99204563,10.672826166429857
0.01875519364,0.01225425409,719.4975008,737.7074708952576,18.20997009525763,0.245108249,5.421814751804506,13.12587906,13.005605315935881
0.01927964892,0.0124,733.4731439,767.3780097284512,33.90486582845119,-0.02204371506,8.515788523286464,17.60871595,17.729075614921296
0.01940804077,0.0124,739.2560008,779.3117577662284,40.05575696622839,-0.06587766643,9.56968286232867,18.58664861,18.809753429095977
0.01951503397,0.0124,745.9262425,791.738473180178,45.812230680178004,-0.0935501728,10.510344351775256,19.31321977,19.61135094996275
0.01960419498,0.0124,753.7311775,804.4246363159594,50.6934588159595,-0.1100165337,11.291180367393402,19.79782388,20.122926563627026
0.01967849581,0.0124,763.2019524,817.1092125060546,53.90726010605465,-0.1179120109,11.878565362135461,20.04357961,20.3288989882427
0.01974041318,0.0124,775.2844619,829.5099759886674,54.22551408866741,-0.1180683064,12.262614369239287,20.02134244,20.208906053934964
0.01979201098,0.0124,791.6718369,841.3462282880761,49.67439138807606,-0.1111560028,12.462097718848733,19.64412374,19.73491557538853
0.01983500915,0.0124,815.0316381,852.37676559188,37.34512749188002,-0.09759948112,12.518429534350723,18.73024176,18.87834519740419
0.01987084096,0.0124,847.9793655,862.4287778671833,14.4494123671833,-0.07773167676,12.481249841950396,17.04314403,17.63618663813005
0.0199007008,0.0124,890.0515899,871.4110455668277,18.640544333172215,-0.05466541713,12.394874391514012,14.52362155,16.06397910603476
0.019925584,0.0124,936.1567431,879.3066730886189,56.850070011381035,-0.03368281317,12.291394616567844,11.49989382,14.282401041217259
0.01994632,0.0124,980.0300219,886.156348288124,93.87367361187592,-0.01828320416,12.190629042467183,8.482029871,12.44210043202522
0.0199636,0.0124,1018.314524,892.0381059381896,126.27641806181043,-0.008699132283,12.102816662171413,5.792781364,10.674397239788206
0.019978,0.0124,1050.584885,897.0511003144055,153.53378468559447,-0.003373240435,12.032032247793868,3.508386757,9.063034970259196
0.01999,0.0124,1077.535079,901.2999863086127,176.2350926913873,-0.001019850239,11.97847016665852,1.595689147,7.645210403343856
0.02,0.0124,1100.0,904.8870324281612,195.1129675718388,0.0,11.94035334608903,0.0,6.425676477263939
0.01804684021,0.01241737903,710.6999734,719.1927903473986,8.492816947398637,0.7219855893,3.4847500010714114,6.785084649,6.318059423259389
0.01762441438,0.01242734961,706.8230566,715.0951891979812,8.272132597981226,1.086838685,3.113036377349844,3.321513813,3.2497884594198885
0.01901799489,0.01243126998,725.4132215,749.5604517499462,24.147230249946233,0.0908925378,6.675567291723825,15.39295533,15.354751283967197
0.0171451858,0.01244960641,703.3920423,711.8556364560501,8.463594156050135,1.461599062,3.027257912265669,0.3719525089,0.5654507540910307
0.01875782027,0.01245682046,720.008823,737.3068804627214,17.29805746272143,0.2254432797,5.342596183904481,13.05509257,12.923332852653267
0.01195551559,0.01247414205,699.9985398,700.6620255680722,0.663485768072178,1.1760888,2.658432031643157,-1.23241975,-1.0614015926509328
0.01665721602,0.01247828604,701.1958726,709.1060323139104,7.910159713910389,1.663780609,3.362479070910963,-1.162591363,-1.15964516403431
0.01239926963,0.012482247,699.9984178,698.9906376665334,1.0077801334665537,1.228364707,2.251628164253992,-1.279799016,-1.0961946891600238
0.01617889651,0.01248767271,700.2810898,706.9305326206277,6.649442820627655,1.703254169,3.8638079329631694,-1.614071189,-1.7664442988903062
0.01570131064,0.01249442029,700.0430712,704.3549078397846,4.3118366397845875,1.666026593,3.8701734628233444,-1.642781587,-1.7087323606929168
0.01143052167,0.0125043666,699.9986753,701.6008769544145,1.6022016544145572,1.115036256,3.1582476052444166,-1.178006337,-0.9290165965728363
0.01522747874,0.01250937127,700.0022772,702.1735137768097,2.171236576809747,1.604502505,3.4666738399417527,-1.580205375,-1.5709148047717587
0.01092587772,0.01251120119,699.9987929,701.4328516224224,1.4340587224223782,1.063334708,3.4199423819060915,-1.124724412,-0.747070708625647
0.01042825632,0.01251225141,699.9988992,701.0638927163109,1.0649935163108921,1.016461978,3.800659377741778,-1.071885158,-0.7701793147926228
0.01843146053,0.01251325393,715.2384336,726.5526506871765,11.31421708717653,0.4237259939,4.267967016408248,10.15200542,9.798985749843425
0.009933519774,0.01252084458,699.9989963,699.4297085489825,0.5692877510175549,0.9733222218,4.19589838935444,-1.01959,-0.8038588321516471
0.01475902902,0.01252855695,699.998123,701.2562830339534,1.2581600339534589,1.538202281,3.1689239246827476,-1.525846572,-1.588765905149648
0.009440896667,0.01252888983,699.9990845,697.2417757925031,2.757308707496918,0.9341249096,4.1625713349829,-0.9677565942,-0.5486153110335428
0.0128768166,0.01253865778,699.9982823,697.2605566384451,2.7377256615549186,1.282358115,2.013299116610148,-1.332032438,-1.0958519362644283
0.008946112441,0.01254765236,699.9991663,697.452350359965,2.5468159400350032,0.897319091,3.957409682837331,-0.9159172942,-0.42910487865608715
0.01429481821,0.01255113321,699.9978746,699.0960442694889,0.9018303305111885,1.472175347,2.7535956617992587,-1.478384132,-1.5110757391622203
0.008450565343,0.01256997615,699.9992413,696.3161211123945,3.683120187605482,0.8635835965,2.6734330240399284,-0.8642310515,-0.4395286856010996
0.01383112652,0.01257021597,699.9979885,696.873485074049,3.1245034259510476,1.405821597,2.2106583090361562,-1.431333349,-1.3065728859744423
0.01336093506,0.01257249218,699.9981365,696.3534203019846,3.6447161980154306,1.34196917,1.9684141481522481,-1.383072647,-1.1730228242598164
0.007953108987,0.0125976079,699.9993106,695.8926094568249,4.106701143175087,0.8324175072,1.4973094049781264,-0.8125190885,-0.6951340831669137
0.01927964892,0.0126,734.1101487,765.319335487912,31.209186787912017,-0.0273704031,8.116794057307002,17.413681,17.359713032079625
0.01940804077,0.0126,739.9706234,776.4940462107234,36.52342281072333,-0.06891072587,9.099334763380021,18.36411008,18.383545352071962
0.01951503397,0.0126,746.7317619,788.128505837596,41.39674393759594,-0.09506492256,9.99473643310104,19.06692935,19.145257027397236
0.01960419498,0.0126,754.6516048,800.0240478596767,45.3724430596767,-0.110408935,10.754865387025726,19.53070542,19.628679830263657
0.01967849581,0.0126,764.2803458,811.9403633587492,47.660017558749246,-0.1174467798,11.345818410500753,19.75730606,19.81792061782139
0.01974041318,0.0126,776.5971351,823.6090437392188,47.01190863921886,-0.1168928376,11.757731361834399,19.71553055,19.698224834092667
0.01979201098,0.0126,793.3434055,834.7586019694979,41.415196469497914,-0.1095010392,12.007666915395596,19.31560877,19.25080432464598
0.01983500915,0.0126,817.2025151,845.1557928294626,27.95327772946257,-0.09555123511,12.133110197950918,18.37428981,18.45596624393054
0.01987084096,0.0126,850.6449974,854.6335932686068,3.988595868606808,-0.07553234229,12.178293659084924,16.66435249,17.313470812023677
0.0199007008,0.0126,892.8993214,863.104876389174,29.79444501082594,-0.05276783889,12.181702028944624,14.15072125,15.870044221954092
0.019925584,0.0126,938.7208936,870.5533193212476,68.16757427875234,-0.03234754647,12.170171881618833,11.17515202,14.227589998771428
0.01994632,0.0126,982.0217856,877.0183212727698,105.00346432723029,-0.01751221242,12.159238719645248,8.231829232,12.516927949365318
0.0199636,0.0126,1019.693631,882.5732397029851,137.12039129701486,-0.008322737227,12.156101075701084,5.619509769,10.857405220398999
0.019978,0.0126,1051.422091,887.3106663301342,164.11142466986576,-0.003225451671,12.162848398519067,3.403078793,9.329970336931765
0.01999,0.0126,1077.915894,891.328132688353,186.587761311647,-0.0009748869531,12.178710160493441,1.547756992,7.974934275779048
0.02,0.0126,1100.0,894.7216549576259,205.2783450423741,0.0,12.201707979933747,0.0,6.801560191376738
0.007455543457,0.01262969666,699.9993744,696.1456378043769,3.853736595623104,0.8038586744,1.5172875892066815,-0.7609160759,-1.003951500013268
0.01901639986,0.01263132691,725.9016323,748.4290429990469,22.527410699046982,0.08041841635,6.4542245598573516,15.2382509,15.103211847789474
0.006959738213,0.01265682643,699.9994322,694.5228486229918,5.476583577008228,0.7787463088,1.4318215001788948,-0.7097229072,-1.3031718357829574
0.01875253183,0.01267145171,720.4081641,736.6400769083222,16.231912808322136,0.2109637212,5.293573968121974,12.91358523,12.757308057362845
0.006465436988,0.01267734035,699.9994845,692.7261397399224,7.273344760077634,0.7569886926,1.4007574367936326,-0.658942009,-1.4063360442297084
0.01845526036,0.01268207209,715.8787709,727.4396817343027,11.560910834302717,0.3886727772,4.430048539532825,10.33261431,10.04981908563537
0.005973064564,0.01269846496,699.999532,692.4027130498939,7.596818950106126,0.7376401616,1.501349468640746,-0.6084697152,-1.3462439593152666
0.005480220311,0.01270985472,699.9995744,693.3402519247663,6.659322475233694,0.7214904998,1.620670180490862,-0.558184291,-1.3129748628054747
0.004988789825,0.01272393542,699.9996127,693.8550905147961,6.1445221852038685,0.7071422254,1.8848292571529315,-0.5080440717,-1.2008269979922002
0.004493124176,0.01273122738,699.9996466,694.1398577760747,5.859788823925328,0.6952645546,2.035026606754477,-0.4576030476,-0.9425060560260903
0.0,0.01273999422,699.9997858,692.1288754295829,7.870910370417164,0.654996876,2.070075200281223,-0.03748506538,-0.027682396215267246
0.0004999930683,0.01273998246,699.9997836,693.070876843453,6.928906756547008,0.6552102115,1.9868026853382947,-0.05766769085,-0.21261597141976907
0.0009999930683,0.01273998246,699.9997785,695.0714545535653,4.928323946434716,0.6562798725,2.1383536645175214,-0.1023606509,-0.355345338149478
0.001499993068,0.01273998246,699.9997699,696.8702395911416,3.1295303088584205,0.6583998381,1.8048193365767238,-0.1523173124,-0.6831215503539063
0.001999993068,0.01273998246,699.9997581,697.480414241576,2.5193438584240084,0.6613963748,1.4815587100460237,-0.2033627576,-0.7721990561044354
0.002499993068,0.01273998246,699.9997429,697.449773064715,2.549969835284969,0.6654314236,1.3454876998833631,-0.254535282,-0.6730110754550829
0.002999993068,0.01273998246,699.9997243,696.7489635313228,3.250760768677196,0.6706337745,1.3821328821427594,-0.3056172922,-0.5590552994457285
0.003499993068,0.01273998246,699.9997022,695.5001207996348,4.499581400365173,0.6771308144,1.6112017151372313,-0.356565903,-0.7392506468531828
0.003999993068,0.01273998246,699.9996764,694.956216046508,5.043460353492037,0.6850226611,1.9242302903986854,-0.4073983686,-0.9153197201312606
0.01927964892,0.0128,734.735994,764.2503068276004,29.514312827600406,-0.03199355608,7.858320224871196,17.22254402,17.042422410603965
0.01940804077,0.0128,740.6781765,774.9166937900417,34.23851729004173,-0.07151784298,8.761753430086461,18.14650396,18.017845664981504
0.01951503397,0.0128,747.5319209,786.0763344947941,38.54441359479404,-0.09632304666,9.600372074446266,18.82626924,18.752487216767108
0.01960419498,0.0128,755.568247,797.5394278513875,41.97118085138743,-0.1106199096,10.324647198787737,19.26986406,19.224557984889714
0.01967849581,0.0128,765.3571645,809.0639348128498,43.70677031284981,-0.1168697582,10.899912002541939,19.47781044,19.41585823190596
0.01974041318,0.0128,777.9119633,820.3762563973189,42.46429309731889,-0.1156603429,11.315552641481815,19.41686106,19.31330597712688
0.01979201098,0.0128,795.0217098,831.2011350857119,36.179425285711886,-0.1078263596,11.586944959271806,18.99452532,18.901322880791305
0.01983500915,0.0128,819.3787214,841.3031779118633,21.92445651186324,-0.09354333275,11.748221246339915,18.02640302,18.16264625950949
0.01987084096,0.0128,853.2979229,850.515099322973,2.7828235770269885,-0.07341706946,11.839094911988287,16.29532846,17.095997777374684
0.0199007008,0.0128,895.7054028,858.7495337828354,36.95586901716456,-0.05096648197,11.893712130025213,13.78973631,15.741709005796913
0.019925584,0.0128,941.2266384,865.9904925153627,75.23614588463727,-0.03109683326,11.935230378764263,10.862791,14.190928678324973
0.01994632,0.0128,983.959534,872.275513348594,111.68402065140594,-0.01679628399,11.976457076517352,7.992105834,12.564027787181487
0.0199636,0.0128,1021.033401,877.675996906492,143.35740409350808,-0.007975359041,12.022758149764213,5.453750515,10.974170687526755
0.019978,0.0128,1052.235172,882.2818621566672,169.9533098433327,-0.003089718789,12.075056843293725,3.302389159,9.501084939169655
0.01999,0.0128,1078.28572,886.1876815164873,192.09803848351282,-0.00093382132,12.131999527528205,1.501937282,8.186940916608162
0.02,0.0128,1100.0,889.4869177345315,210.51308226546848,0.0,12.191420395143366,0.0,7.043873249180327
0.01902179553,0.01283147191,726.5649766,748.7127005915374,22.14772399153742,0.06822612147,6.423070254500244,15.14482578,14.97561656599489
0.01805156832,0.01286103063,711.5149917,721.8988310406601,10.383839340660074,0.6490296505,3.8444059090163964,6.953504754,6.721509002224374
0.01875334341,0.01286279934,720.8529702,737.4955122247911,16.64254202479117,0.1978416966,5.403176313773349,12.83851369,12.734358323782669
0.01760927403,0.01290005616,707.4213999,717.488183973749,10.066784073748977,0.9994349223,3.3604798641500793,3.498757178,3.4798492044878016
0.01716631866,0.01291516634,704.0963217,713.3344789249545,9.238157224954534,1.336693166,3.2886889047019494,0.7747260679,0.8843668774964462
0.01842579787,0.01292532696,715.9523958,728.7937043624195,12.8413085624195,0.3829651028,4.613156442097393,10.05494501,9.919090483378906
0.01667482571,0.0129430069,701.5866424,709.7762483981314,8.18960599813147,1.566133194,3.759085595481591,-0.9517025354,-0.8469589054908937
0.01618217557,0.01295009825,700.4011616,707.6991154735566,7.297953873556594,1.635798314,4.279136195846658,-1.554548394,-1.453593283590208
0.0156947006,0.01296069245,700.0686911,705.4531458462626,5.384454746262577,1.611756354,4.162404734419493,-1.632994744,-1.4923552526843462
0.01520775673,0.01298207397,700.0063885,703.3709537865674,3.3645652865674265,1.553066326,3.607437432640377,-1.583858455,-1.4932025731472764
0.01191975209,0.01299481927,699.9986011,701.3251302265109,1.3265291265108772,1.116081266,2.9244445395731296,-1.238617321,-1.0382679787619606
0.01143384029,0.01299565639,699.9987247,701.3543873003672,1.3556626003671681,1.062296383,3.177469145247499,-1.184837699,-0.817193832145513
0.01927964892,0.013,735.353558,766.2321514194605,30.878593419460458,-0.03596814987,7.866053267689336,17.03562898,16.956031028404322
0.01940804077,0.013,741.3787178,777.0647142659136,35.685996465913604,-0.07383575671,8.703269690640465,17.93382405,17.921317329118573
0.01951503397,0.013,748.3259981,788.4752952317886,40.14929713178856,-0.09740369518,9.481752473300487,18.59107631,18.66127228630714
0.01960419498,0.013,756.4803818,800.2473179926292,43.766936192629146,-0.1107385348,10.149917916224512,19.0150729,19.148552162530855
0.01967849581,0.013,766.4319793,812.107983005378,45.67600370537798,-0.1162671674,10.672585533773098,19.20486458,19.360817706834755
0.01974041318,0.013,779.2288907,823.7592666429102,44.53037594291027,-0.1144152909,11.040009192986934,19.12512951,19.280816533126384
0.01979201098,0.013,796.7068989,834.9090396477934,38.20214074779335,-0.1061765143,11.26863375781232,18.68066887,18.88663010859729
0.01983500915,0.013,821.56012,845.311778851699,23.751658851699062,-0.09161311776,11.39278588600124,17.68636464,18.152865298124027
0.01987084096,0.013,855.9377889,854.7936361444774,1.1441527555225548,-0.07140482697,11.451727776996606,15.93580274,17.07228751483733
0.0199007008,0.013,898.4704736,863.265348814253,35.20512478574699,-0.0492739882,11.478737893338964,13.44022505,15.685662287675978
0.019925584,0.013,943.6761275,870.7106178549541,72.96550964504593,-0.02993513618,11.49655721193337,10.56219089,14.091637724702696
0.01994632,0.013,985.8458771,877.1688902022122,108.67698689778786,-0.01613691156,11.517632183204354,7.762232833,12.420604088405767
0.0199636,0.013,1022.335899,882.7141676390851,139.62173136091496,-0.007657308432,11.547280141800657,5.295014614,10.793241289926588
0.019978,0.013,1053.025418,887.440461782585,165.58495621741497,-0.00296600915,11.586195256736474,3.206004305,9.292152777103603
0.01999,0.013,1078.645146,891.4459604225827,187.19918557741732,-0.0008965573229,11.632753172518585,1.458082642,7.959158816326846
0.02,0.013,1100.0,894.8269899690467,205.17301003095326,0.0,11.684427113935321,0.0,6.804692040796147
0.01093295547,0.01300419779,699.9988419,700.9018810732354,0.9030391732353564,1.010641438,3.1978082973634354,-1.129873856,-0.6099901449821434
0.01043468959,0.01300678339,699.9989483,700.6711415568268,0.6721932568267448,0.9638454134,3.3010104047039253,-1.075077855,-0.8848926776742152
0.009937155835,0.01300880939,699.9990451,699.0342607750239,0.9647843249761081,0.9213778484,3.60787475911932,-1.020578873,-0.8719828089542858
0.01239373417,0.0130091004,699.9984718,700.4755773478116,0.477105547811675,1.171165108,2.5688356369809053,-1.291128289,-1.1332149439692483
0.01473644471,0.01301042669,699.9987181,702.1229224256062,2.124204325606229,1.486829691,3.2714110379386163,-1.531842772,-1.4575783376424294
0.009440927461,0.01301510475,699.9991332,696.687394811462,3.3117383885379468,0.8824703319,3.56394774390101,-0.9666949057,-0.438418048535973
0.008945695667,0.01302755185,699.9992136,696.5029034264838,3.4963101735161217,0.8466708912,3.4970715010733864,-0.9133638892,-0.4537595504594174
0.01902900823,0.01302806614,727.2654344,751.2641155017221,23.998681101722127,0.05729206759,6.6041650669236445,15.06863366,15.026479330450258
0.01286289234,0.01303864545,699.9983378,699.414650462846,0.5836873371539468,1.227001966,2.387810241458924,-1.342357312,-1.080828179514583
0.01426924434,0.01303951746,699.9980108,699.5521300733569,0.445880726643054,1.419682324,2.9589447395786603,-1.487142064,-1.3258185346142382
0.008449475125,0.01304676259,699.9992874,696.8415075218733,3.1577798781266893,0.8135991902,2.666060949109169,-0.8603665617,-0.4939248940702843
0.01333925664,0.01305983611,699.998196,698.382038029863,1.6161579701370101,1.287983431,2.3917670048398403,-1.393277101,-1.077649256736123
0.01874494998,0.01306115002,721.128246,739.5812599973775,18.453013997377525,0.1904648702,5.610385764510795,12.6840355,12.73552780254661
0.01380654823,0.01306215289,699.998062,697.9935584986173,2.0045035013827146,1.352329106,2.6062305217756325,-1.441708629,-1.178140581014219
0.007952636043,0.01307326676,699.999355,696.5395344284165,3.4598205715835775,0.7829753338,1.401187821582434,-0.8077023774,-0.7387549055406692
0.01845388873,0.01308302911,716.6245556,731.4619447253478,14.83738912534784,0.3529526572,4.865847846644948,10.26502393,10.275259286303864
0.007454347359,0.01310350026,699.999417,696.7816569988457,3.217760001154261,0.7549260061,1.195595784648064,-0.7552652235,-0.9951281872760145
0.006954868802,0.01313555057,699.9994738,694.8353695358975,5.164104264102548,0.7294833969,1.1952972919719598,-0.7030312586,-1.2218687894883118
0.006459485511,0.01315802779,699.9995246,691.9804900419493,8.019034558050635,0.7077850922,1.2993601688900522,-0.6516553437,-1.2677005886950274
0.005965946774,0.01317831709,699.9995706,691.7298480788882,8.269722521111817,0.6886996916,1.4684111489171554,-0.6008039566,-1.176782808814071
0.005473572489,0.01319744583,699.9996122,692.9256653471921,7.0739468528079215,0.6719295622,1.6567877942994695,-0.5503235093,-1.1548966389399693
0.01927964892,0.0132,735.9720537,770.4649412502777,34.492887550277715,-0.04034650167,8.050889651099252,16.85263975,17.0355305766303
0.01940804077,0.0132,742.0745515,782.3529900250576,40.278438525057595,-0.07652581588,8.85977703658105,17.72570995,18.044309719023385
0.01951503397,0.0132,749.1146055,794.9641968239853,45.84959132398524,-0.09856606795,9.599747322333489,18.36109601,18.833407792019457
0.01960419498,0.0132,757.3879362,808.0031988386435,50.61526263864346,-0.1108725396,10.21358709820655,18.76607248,19.367202031156143
0.01967849581,0.0132,767.5045991,821.1298766194909,53.625277519490965,-0.1157018024,10.664415164476013,18.93819731,19.61578761405337
0.01974041318,0.0132,780.5479016,833.9957345074242,53.447832907424186,-0.1131868601,10.945053813535091,18.84006586,19.54911114304157
0.01979201098,0.0132,798.3991055,846.2746491979406,47.87554369794054,-0.10457006,11.076925101161867,18.37376445,19.124724216595872
0.01983500915,0.0132,823.7466086,857.698844487335,33.952235887335064,-0.08977356746,11.100061754405013,17.35388881,18.295388718907883
0.01987084096,0.0132,858.564405,868.0851892297894,9.520784229789456,-0.06950098985,11.058363021722272,15.58543309,17.045976449212368
0.0199007008,0.0132,901.1953865,877.3422133077738,23.853173192226222,-0.04769159929,10.988696219457582,13.10167913,15.437075233736277
0.019925584,0.0132,946.0716206,885.458700714182,60.61291988581797,-0.02886049516,10.91657900057278,10.27268846,13.608971037666045
0.01994632,0.0132,987.6834227,892.4834052841595,95.20001741584053,-0.01553226859,10.856713864788533,7.54156049,11.732325382158681
0.0199636,0.0132,1023.603159,898.5028931151076,125.10026588489245,-0.007367575234,10.8158273098524,5.142798502,9.948206826994856
0.019978,0.0132,1053.794094,903.6236804787696,150.17041352123044,-0.00285397751,10.79515495660965,3.113599868,8.340138221556995
0.01999,0.0132,1078.99475,907.9571399393282,171.0376100606719,-0.0008630712023,10.792690656609254,1.416039475,6.940258901737644
0.02,0.0132,1100.0,911.6104320923394,188.38956790766065,0.0,10.804824730977398,0.0,5.747670060587416
0.004982862642,0.01321382956,699.9996494,692.1703507920317,7.829298607968212,0.6574751812,1.7727001362898842,-0.5002445074,-1.111364079114436
0.004490691894,0.01322581334,699.9996825,691.3730120059895,8.626670494010455,0.6452173376,1.729252097691369,-0.4502472388,-1.0375501100364222
0.01903976381,0.01322882968,728.0651168,754.8400530014663,26.77493620146629,0.04535733994,6.865422517106375,15.01841326,15.151506172091583
0.00399636519,0.01323527581,699.9997117,692.4128551839796,7.586856516020475,0.634865328,1.3892689396086921,-0.4002128442,-0.9158595927178848
0.0,0.01323999422,699.9998178,693.1740402449872,6.825777555012792,0.6039982702,2.0214000690058134,-0.03642756713,0.24015766157657925
0.0004999861366,0.0132399707,699.9998156,693.7444815936509,6.2553340063491305,0.6042151226,1.814537702775465,-0.05621696798,0.01739622924662143
0.000999979205,0.01323995894,699.9998107,694.6250097430398,5.374800956960257,0.6053114607,1.955315178854373,-0.1000345171,-0.3117745312197142
0.001499975739,0.01323995306,699.9998024,695.9758704117064,4.0239319882936115,0.6074862553,1.6842560621911973,-0.1490266904,-0.7283972955068236
0.001999974006,0.01323995012,699.999791,696.6311000013258,3.3686909986741966,0.6105528491,1.391101545806169,-0.199139663,-0.8076129325360206
0.00249997314,0.01323994865,699.9997763,696.7039801836726,3.2957961163274376,0.6146666963,1.2644920593069973,-0.2494575268,-0.7092354962878398
0.002999972707,0.01323994792,699.9997583,695.3633093767813,4.6364489232187225,0.619945945,1.1360707916807742,-0.2997944095,-0.6988764152115241
0.00349997249,0.01323994755,699.9997368,693.474963329268,6.524773470732043,0.6265024214,1.1056384220984303,-0.3501364465,-0.8157801603314914
0.0180824486,0.0132401708,712.4687255,726.4549879018934,13.986262401893441,0.5770812615,4.229635003444356,7.274566628,7.273123449847069
0.01876113826,0.01324913856,721.8227187,742.4174421688408,20.59472346884081,0.1716315169,5.854997041733111,12.742602,12.917010312115632
0.01848268868,0.01328610602,717.3788123,734.3538370427472,16.97502474274711,0.3190831004,5.097131078794705,10.46537798,10.596567324766095
0.01927964892,0.0134,736.6007356,773.225737535679,36.62500193567894,-0.0457976564,8.15727105252476,16.67185671,16.984794321827387
0.01940804077,0.0134,742.7699982,786.2148283187134,43.44483011871341,-0.07977071079,8.962902785329979,17.52100153,18.037545865744644
0.01951503397,0.0134,749.8999677,800.1266743247004,50.22670662470034,-0.09992327485,9.687573586009542,18.13571472,18.879271954160522
0.01960419498,0.0134,758.2919003,814.5514498131246,56.259549513124625,-0.1110677433,10.26616345934174,18.52244317,19.46286686508897
0.01967849581,0.0134,768.5754077,829.0529714267705,60.47756372677043,-0.1151718883,10.659222780249829,18.67749559,19.745942509746392
0.01974041318,0.0134,781.8691602,843.2145764335571,61.3454162335571,-0.1119707038,10.862711485071186,18.56143674,19.678504038734943
0.01979201098,0.0134,800.0982712,856.6675326338994,56.56926143389944,-0.1029846129,10.904819777472303,18.07360624,19.19006498104458
0.01983500915,0.0134,825.9375042,869.1240062624483,43.18650206244831,-0.08798562846,10.832771975488921,17.02876285,18.20997999307845
0.01987084096,0.0134,861.1766748,880.3972388689594,19.220564068959447,-0.06766858786,10.696520481382569,15.2439496,16.728321009204056
0.0199007008,0.0134,903.8798923,890.4022990294076,13.477593270592479,-0.04618532605,10.537132334033071,12.77367604,14.851164901959475
0.019925584,0.0134,948.4142306,899.1401293656667,49.27410123433333,-0.02784577636,10.383311422177425,9.99372663,12.780838852718816
0.01994632,0.0134,989.4737731,906.6760810170153,82.79769208298467,-0.01496391079,10.251960761311295,7.329550698,10.727872575670943
0.0199636,0.0134,1024.836472,913.1137588661186,111.72271313388137,-0.007095400667,10.150820335942967,4.996694941,8.838730414377824
0.019978,0.0134,1054.542005,918.577195246882,135.96480975311806,-0.002748595283,10.081035524945863,3.024920312,7.181327457611304
0.01999,0.0134,1079.334897,923.191866255828,156.14303074417194,-0.0008313724359,10.039621401558941,1.375689788,5.7683955779524
0.02,0.0134,1100.0,927.0770433898032,172.92295661019682,0.0,10.021413348316585,0.0,4.583548833323708
0.01618857021,0.01340722248,700.5483971,708.4089216764788,7.860524576478838,1.586646143,4.422350205165394,-1.479671657,-1.2416954999039014
0.01668413784,0.01340950683,701.9748787,710.9655866325431,8.99070793254316,1.491924625,4.022550503129465,-0.7355182127,-0.606162492474251
0.01718310253,0.01341320296,704.8134781,715.6161250003847,10.80264690038473,1.233705339,3.605174441654098,1.172104587,1.1343926109721636
0.01569668316,0.01341912547,700.1075923,706.2982361859642,6.190643885964278,1.57208648,4.223241706823613,-1.619541083,-1.4111816581270924
0.01903007259,0.01342752126,728.3220149,755.7274539381885,27.405439038188547,0.04045945637,6.905705145000158,14.80816284,14.982261264833532
0.01766784219,0.01343725243,708.7599701,721.7675560298251,13.00758592982504,0.8659485805,3.6972420780068873,4.218260845,4.095050933934528
0.01848680783,0.01344313561,717.7324672,735.3553668177385,17.62289961773854,0.3008145705,5.117150913164112,10.47076964,10.60893290777199
0.01520386367,0.01344701166,700.0146454,704.7077586505836,4.693113250583679,1.512079161,3.659583408986765,-1.591064281,-1.466033889762091
0.01876840133,0.01344719576,722.3824452,743.7894939317852,21.407048731785153,0.1536861103,5.930133895829664,12.71954477,12.910446520612862
0.01471081461,0.01348691567,699.9998266,703.3163294455746,3.3165028455746324,1.440125988,3.353545115698263,-1.540999227,-1.3261642295947738
0.01142823986,0.01349961082,699.9987745,700.9609202255359,0.9621457255359473,1.005170251,2.8787404516784783,-1.192870641,-0.7956430599546538
0.01043579854,0.01350000006,699.9989961,699.5176706813107,0.48132541868926637,0.9088457845,2.4024641493485976,-1.078764673,-1.034126994207881
0.01093579853,0.01350000001,699.9988896,700.1037309164662,0.10484131646626338,0.955092372,2.574909615855118,-1.136037844,-0.713342646865101
0.009439434201,0.01350524419,699.9991802,694.9630888338413,5.036091366158644,0.8286749889,2.975271594792546,-0.9663523659,-0.27983819918807384
0.01191836333,0.01350516059,699.9986498,701.8909897169524,1.8923399169524373,1.058839778,2.9542521570426974,-1.249567586,-0.9617767123878815
0.009937732653,0.01350532186,699.9990929,696.7329031637001,3.266189736299907,0.866454487,2.8237553240640283,-1.022249592,-0.77716676652686
0.008943337102,0.01351344071,699.9992595,695.2304116244927,4.7688478755072765,0.7938792765,2.8538267257589904,-0.9114256241,-0.5020656431012887
0.01239389231,0.01352042721,699.9985197,701.8728531948228,1.8743334948228494,1.114201721,2.8390409257566205,-1.304238993,-1.0249829942120874
0.008446866404,0.01352783862,699.9993317,696.1278592399209,3.871472460079076,0.7619087245,2.302330269050853,-0.8571598242,-0.6874331758345482
0.0142566835,0.01353523128,699.9982357,700.9930170969362,0.9947813969362187,1.370290859,3.185708931446002,-1.501037923,-1.1280839478326126
0.01286985146,0.01354410258,699.9983821,701.6355033933751,1.6371212933751167,1.17275859,2.8191321584294844,-1.358286326,-0.9282089942566056
0.00794995446,0.01354874202,699.9993976,696.7839717918017,3.2154258081982334,0.732468176,1.418889131444427,-0.8035012031,-0.9293240444491424
0.01334112337,0.01356088912,699.998246,701.0257105644592,1.027464564459251,1.23541017,2.9305115767572003,-1.410346203,-0.8725918205370169
0.01380426616,0.01356352892,699.9981545,700.2671743902363,0.26901989023622264,1.301432087,3.072698215934926,-1.458728426,-0.9641906930817523
0.01821781467,0.013572576,714.5349026,730.2530381381122,15.718135538112165,0.4508166803,4.425467024039133,8.355386405,8.34507798217248
0.007452425763,0.01357749982,699.9994578,696.2247225863996,3.7747352136003656,0.7051779789,1.0572270750484152,-0.7503486376,-1.3004415809579584
0.01927964892,0.0136,737.2313784,773.8319388559362,36.60056045593615,-0.05058774708,8.151162365199836,16.49288894,16.764076167488767
0.01940804077,0.0136,743.465384,787.4698756500774,44.0044916500774,-0.08259199368,8.974189973500803,17.3192785,17.828088541516674
0.01951503397,0.0136,750.6835504,802.214426660259,51.530876260259106,-0.1011097922,9.704469659815068,17.91447837,18.69760409324023
0.01960419498,0.0136,759.1934505,817.5498822661125,58.35643176611245,-0.1111130038,10.270016097370528,18.28377764,19.314579899906217
0.01967849581,0.0136,769.6450954,832.9466082937654,63.30151289376545,-0.1143832815,10.629866372639489,18.42235839,19.62201894995784
0.01974041318,0.0136,783.1930946,847.9256096482387,64.73251504823872,-0.1107128305,10.78373587632613,18.2888219,19.549364162346475
0.01979201098,0.0136,801.8048161,862.0866180589026,60.28180195890252,-0.1015224608,10.766228933788112,17.77978708,19.00252471858259
0.01983500915,0.0136,828.1330087,875.1352610669032,47.002252366903235,-0.08634175871,10.63079655911851,16.71062196,17.898958954611484
0.01987084096,0.0136,863.7747353,886.8908297066804,23.116094406680418,-0.0659982882,10.431958786692265,14.91097848,16.249042132976655
0.0199007008,0.0136,906.5250889,897.2815415327527,9.243547367247288,-0.04480182004,10.213955007784074,12.45573327,14.209335832756661
0.019925584,0.0136,950.7062405,906.3231824785264,44.38305802147363,-0.02692203236,10.007349484088978,9.724733341,12.027940192833505
0.01994632,0.0136,991.2194091,914.0969015486089,77.1225075513911,-0.01445073643,9.829906000680248,7.125680535,9.927687255575723
0.0199636,0.0136,1026.037741,920.7207173879889,105.31702361201121,-0.006851445129,9.689475609108438,4.856320672,8.040239735208466
0.019978,0.0136,1055.270333,926.330964142622,128.93936885737799,-0.002654735258,9.586696944866608,2.939730365,6.411939882675662
0.01999,0.0136,1079.666128,931.0621861700951,148.603941829905,-0.0008034321247,9.517759020066823,1.336926779,5.039304269407487
0.02,0.0136,1100.0,935.040360707674,164.95963929232596,0.0,9.476733631327852,0.0,3.8965837680026594
0.006951721856,0.01360416139,699.9995125,694.3633188197865,5.636193680213523,0.6807647203,1.0366796722282197,-0.6974312717,-1.3565574380750007
0.01901922794,0.01362595599,728.5484535,755.1367163894312,26.58826288943112,0.03639564429,6.806973486111089,14.59368995,14.70357668195015
0.006454205606,0.01363659897,699.9995622,691.2690610975734,8.730501102426615,0.6584415787,1.1538970519653222,-0.6452836383,-1.1749851949152843
0.01875100806,0.01364461761,722.4961877,743.2516267314198,20.755439031419883,0.1485388878,5.7774861296080084,12.49895322,12.63997329679906
0.005959675681,0.01365703133,699.9996065,690.9741755660541,9.025430933945927,0.6397228104,1.5451793001970688,-0.5940405812,-1.0969287393527365
0.01849143535,0.01365945581,718.2362302,735.7882092366668,17.551979036666808,0.2798598062,4.985744718776846,10.46998232,10.553270131735818
0.00546657659,0.01367979818,699.9996469,692.2673573215798,7.73228957842025,0.622885275,1.8494682875697979,-0.5433182563,-1.1465852489824027
0.004976196948,0.01370026687,699.999683,690.5606151338109,9.439067866189134,0.6082895773,1.7253369844513047,-0.4932508868,-1.0567575115719885
0.00448569557,0.0137164362,699.9997151,689.8340326479188,10.165682452081228,0.5958285258,1.3147082457939212,-0.4435140239,-0.8078983147752714
0.003992710415,0.01372814294,699.9997435,691.9576523423731,8.042091157626942,0.5853856929,0.9701296888372681,-0.3938448809,-0.5662119210640579
0.003496456824,0.01373446557,699.999768,693.788987664403,6.2107803355970645,0.5769208149,0.8852397600912638,-0.3441524748,-0.5508615928857914
0.0,0.01373999422,699.9998466,694.2802010479745,5.71964555202544,0.554046006,1.9667550842083201,-0.03544430553,0.4080036074453126
0.0004999722733,0.01373994718,699.9998445,693.8661633388331,6.133681161166919,0.554247929,1.7317163976917642,-0.05489463753,0.2185215689224398
0.0009999722733,0.01373994718,699.9998397,692.9712214271201,7.028618272879953,0.555327747,1.750903229244136,-0.09795444167,-0.2555704115544497
0.001499972273,0.01373994718,699.9998317,693.1608912664432,6.838940433556786,0.5574957337,1.4900969889206321,-0.1460999211,-0.7521369788935868
0.001999972273,0.01373994718,699.9998206,694.5942731107992,5.405547489200785,0.560558906,1.2191836477504372,-0.1953828881,-0.873662739455443
0.002499972273,0.01373994718,699.9998064,695.5939295739654,4.405876826034614,0.5646589958,1.123534099284398,-0.2449455514,-0.7067891526596215
0.002999972273,0.01373994718,699.999789,695.0374724384174,4.962316561582611,0.5699117263,0.997764557292403,-0.2946315551,-0.5973833110111082
0.01807187576,0.01374628131,713.2380426,727.7909694632604,14.552926863260382,0.5329063174,3.956278187344192,7.275663021,7.064023588939398
0.01927964892,0.0138,737.8516838,773.5400363050303,35.68835250503025,-0.05387651415,8.11296224434864,16.31739893,16.479816333642695
0.01940804077,0.0138,744.156475,787.5241897610863,43.36771476108629,-0.08439303207,8.972530909556875,17.12125106,17.527706082195397
0.01951503397,0.0138,751.464348,802.7524251117713,51.28807711177137,-0.1018063336,9.725135071367676,17.69746457,18.398870672528233
0.01960419498,0.0138,760.0927945,818.6371786997006,58.54438419970063,-0.1108885865,10.293437359909493,18.04996439,19.027614818957147
0.01967849581,0.0138,770.7141927,834.5786208512071,63.86442815120711,-0.1133069285,10.636259669260232,18.1726857,19.343406448155505
0.01974041318,0.0138,784.5200752,850.047177052031,65.52710185203102,-0.1093494553,10.758009972660032,18.0224499,19.25743872618733
0.01979201098,0.0138,803.5184141,864.619586216974,61.101172116974,-0.09995173486,10.69992885124227,17.49246563,18.658328730323937
0.01983500915,0.0138,830.33183,877.997967901981,47.666137901981074,-0.08457337056,10.521402464171395,16.39927401,17.461465039754824
0.01987084096,0.0138,866.3569228,890.0091899122499,23.652267112249888,-0.0643146855,10.280852075682123,14.58619184,15.703759052146417
0.0199007008,0.0138,909.1302234,900.5927335370955,8.537489862904522,-0.04341862065,10.024467691979048,12.14738677,13.58445905698234
0.019925584,0.0138,952.9481919,909.7769251604229,43.17126673957705,-0.0260108597,9.783514685461544,9.465150952,11.376700864947757
0.01994632,0.0138,992.9213485,917.6545474112316,75.26680108876837,-0.01394536317,9.575583298949333,6.929429403,9.297457356251744
0.0199636,0.0138,1027.2078,924.3545605074007,102.85323949259919,-0.006610857541,9.40794842371119,4.721278978,7.457272959414866
0.019978,0.0138,1055.979594,930.0207441144963,125.95884988550358,-0.002561890238,9.28067253495839,2.85777428,5.884156323072893
0.01999,0.0138,1079.988678,934.7934892321082,145.19518876789175,-0.0007757381021,9.189597560295901,1.299628424,4.564031041826895
0.02,0.0138,1100.0,938.8029969980503,161.19700300194972,0.0,9.12854539549738,0.0,3.466767223798839
0.0190153565,0.0138220199,728.9487286,754.455188842724,25.506460242724074,0.03152306055,6.680711084119015,14.43852463,14.462531662756014
0.01875064084,0.01385293317,722.9764516,742.9116027372584,19.935151137258345,0.138830787,5.594385168733583,12.41213651,12.49764111153635
0.01619309439,0.01386191803,700.7289166,709.0231531805474,8.294236580547363,1.558280512,4.171658007378722,-1.401426567,-1.1713634883532436
0.01847176113,0.01386245075,718.4209866,735.1627855893367,16.741798989336758,0.279522105,4.694714359575258,10.28380764,10.313912398255194
0.01668344214,0.01386594412,702.3416853,711.9116568319699,9.56997153196994,1.44868134,3.76893585379303,-0.5547516175,-0.4926406739936553
0.01570471645,0.01386992342,700.1675505,706.7486423947444,6.581091894744418,1.547891953,4.045229004823241,-1.607109331,-1.4566000943996356
0.01521405464,0.01389457211,700.0305372,705.5724173431092,5.541880143109211,1.483492139,3.5915062537645834,-1.60477658,-1.505147438006647
0.01717573887,0.01390819379,705.3840607,715.7653336906676,10.38127299066764,1.17422942,3.320280536538,1.42307346,1.047940916031238
0.01760538119,0.01395396416,708.9767782,720.3104535236313,11.333675323631269,0.8445317174,3.161315832287162,4.031356179,3.375131575192344
0.0147101966,0.01396332117,700.0025426,704.016852612828,4.014310012827991,1.401881038,3.3177954114671797,-1.560316652,-1.3047605616509523
0.009435798571,0.01400000023,699.9992257,695.7339387520364,4.265286947963659,0.7725421556,2.5963455550134844,-0.9662989887,-0.22642170500415215
0.009935798542,0.01400000006,699.9991389,695.5933568416875,4.405782058312525,0.8095976896,2.380347924556319,-1.024246614,-0.5813960214431733
0.01043579854,0.01400000006,699.9990427,698.2105047126694,1.788537987330642,0.8507672531,1.6611194089480512,-1.08313147,-1.0473531370589395
0.01093579853,0.01400000001,699.9989363,699.4086129100845,0.5903233899155111,0.8964306491,1.8273242960169516,-1.142860476,-0.9944500366971756
0.01927964892,0.014,738.4616593,773.1091268575394,34.64746755753947,-0.05599300538,8.072755975046421,16.14602637,16.199554793231083
0.01940804077,0.014,744.8409577,787.2977576686835,42.45679996868353,-0.08530210898,8.972267125331479,16.92751569,17.218317900870538
0.01951503397,0.014,752.2406999,802.8077773000338,50.56707740003378,-0.1019740818,9.749049193906721,17.48500349,18.072174205497053
0.01960419498,0.014,760.9893147,819.0141797215459,58.02486502154591,-0.1103981347,10.322349499350748,17.82118732,18.691995008300726
0.01967849581,0.014,771.7826914,835.2760059228551,63.493314522855144,-0.1121281541,10.652399098840284,17.9286432,18.997958602754572
0.01974041318,0.014,785.8499225,851.0327777105467,65.18285521054668,-0.1077947121,10.74924261801074,17.76230126,18.888651320951574
0.01979201098,0.014,805.2374127,865.845018516808,60.607605816807904,-0.09802619685,10.66149965461639,17.21165372,18.242951939009227
0.01983500915,0.014,832.5298825,879.4114711635293,46.88158866352933,-0.08245468041,10.454241612047952,16.09492942,16.980332650014766
0.01987084096,0.014,868.9174641,891.5636807695104,22.64621666951041,-0.06237874357,10.188881622991323,14.26978903,15.16175786706756
0.0199007008,0.014,911.6899485,902.2484309606077,9.441517539392294,-0.04187480558,9.912338571115999,11.84872586,13.014986153769406
0.019925584,0.014,955.136392,911.5023527387543,43.634039261245675,-0.02500158333,9.654919875581772,9.214967694,10.821963394160477
0.01994632,0.014,994.5772419,919.4266288063568,75.15061309364319,-0.013380264,9.432889916391245,6.740776024,8.78682909393838
0.0199636,0.014,1028.345113,926.157211487852,102.18790151214807,-0.006337409465,9.252253255517214,4.591586142,7.001864689354092
0.019978,0.014,1056.668858,931.8427725370123,124.82608546298775,-0.002454475038,9.112343490706051,2.779090875,5.482370493141892
0.01999,0.014,1080.30212,936.6274734409227,143.67464655907736,-0.0007428040782,9.008766532097894,1.263826072,4.208362393341861
0.02,0.014,1100.0,940.6439733134227,159.35602668657725,0.0,8.935302625325553,0.0,3.148277702709829
0.0114301133,0.01400172086,699.9988206,700.6300002882066,0.6311796882065437,0.9461861914,2.3986739865310884,-1.202466947,-0.9435681486896943
0.008939831921,0.0140048362,699.9993037,696.1702891561661,3.8290145438339778,0.7390172456,2.2723074591868855,-0.9098177711,-0.5461527859381503
0.01191955476,0.01400843946,699.9986952,702.2231028465271,2.2244076465270837,0.9996653887,2.7447450068682624,-1.26178534,-0.9205301525612963
0.008442647575,0.01401360408,699.9993744,695.0386894945076,4.960684905492371,0.7084848075,1.6569474531727346,-0.8541809986,-0.857818141007133
0.01799157491,0.01401654908,712.8327063,725.8417467473885,13.00904044738843,0.5561105247,3.381256342744959,6.748462931,6.293785751455885
0.01240657537,0.01402312818,699.9985597,702.5311134927454,2.532553792745375,1.057258222,2.8114893575831887,-1.320885391,-0.9000311757367498
0.01901537091,0.01402326675,729.4612524,753.9225000967037,24.46124769670371,0.02647818844,6.5583152035360115,14.312485,14.256379770958958
0.00794782173,0.01402884762,699.9994382,694.4200431791312,5.5793950208687875,0.680562306,1.2297489001464974,-0.799705785,-1.3253816350005394
0.0128858527,0.01404145613,699.9984188,702.5858094252728,2.5873906252728602,1.118418399,2.9051882911193383,-1.378155355,-0.7671342568789656
0.01428789423,0.01404401594,699.9987813,701.7777080451775,1.7789267451775004,1.327866493,3.175067320458381,-1.525774393,-1.0969052026732102
0.01874710837,0.01404413838,723.3477641,742.3876958861639,19.039931786163947,0.1324661958,5.401774092364674,12.3088086,12.36000008071164
0.007450472422,0.01405016431,699.9994964,693.753191897042,6.246304502957969,0.6548038995,1.144359169710272,-0.7457900617,-1.6346359514605933
0.01336687399,0.01405655633,699.9982899,702.0985813038009,2.1002914038008385,1.185519039,3.050443157339809,-1.433667188,-0.7183015310327034
0.01843477328,0.01406257848,718.2909876,734.0001390654539,15.709151465453942,0.2864164572,4.327915452474198,9.975373772,9.982199676400068
0.006953095266,0.01407647548,699.9995491,693.2478511172853,6.7516979827146315,0.6312867614,1.2747032855058174,-0.6926445898,-1.5085734959201282
0.01384532736,0.01407673437,699.9983353,701.1420229445373,1.1436876445372945,1.255624931,3.1206167029848624,-1.485482302,-0.883587863003001
0.00645301318,0.01410260825,699.9995968,691.7731848212397,8.226411978760211,0.6101524289,1.5704192855532282,-0.6399444012,-1.148740326201489
0.005955427159,0.0141310073,699.9996399,692.2971155361791,7.702524363820885,0.5910883452,2.076017287042739,-0.5880758823,-1.0626078474766327
0.005462173991,0.0141587291,699.9996787,692.487644473919,7.5120342260810276,0.5742637691,1.9398838016688005,-0.5371892757,-1.0182985772267452
0.004970470488,0.0141832067,699.9997136,690.855285890726,9.144427709273941,0.5596239237,1.4303429201786577,-0.4869894812,-0.817877866894233
0.01927964892,0.0142,739.0642077,772.7434850258701,33.67927732587009,-0.05739527964,8.013293457290407,15.97867564,15.946666411108033
0.01940804077,0.0142,745.5190074,787.0808233865539,41.56181598655394,-0.08565276561,8.944139396876267,16.73821205,16.934753870112953
0.01951503397,0.0142,753.0117279,802.7651803368743,49.75345243687434,-0.1017063241,9.736498618130062,17.27726867,17.761847499076104
0.01960419498,0.0142,761.8822515,819.1537354865637,57.27148398656368,-0.1096146101,10.308361993714703,17.59751424,18.358699444747486
0.01967849581,0.0142,772.850112,835.5886938826753,62.73858188267536,-0.1108404097,10.6228205571454,17.69006118,18.641436749636725
0.01974041318,0.0142,787.182139,851.4965715363197,64.31443253631971,-0.1061073017,10.69656213152342,17.50758217,18.50310285780847
0.01979201098,0.0142,806.9605849,866.4305895431428,59.47000464314283,-0.09598503696,10.585689456576068,16.93663181,17.820383221056897
0.01983500915,0.0142,834.7242172,880.087808323969,45.36359112396906,-0.08025231491,10.360702337385067,15.79749096,16.519575669531744
0.01987084096,0.0142,871.45214,892.3023502928479,20.85021029284792,-0.06034945669,10.084929813115501,13.96191589,14.677674566131948
0.0199007008,0.0142,914.2007341,903.0249366100459,11.175797489954107,-0.04028561607,9.804471648000114,11.55988518,12.535769061325762
0.019925584,0.0142,957.2689315,912.2984028771714,44.970528622828624,-0.02396891838,9.547406978663126,8.97424156,10.374254560389598
0.01994632,0.0142,996.1862309,920.2294085490378,75.95682235096228,-0.0128032451,9.327452584825044,6.559757833,8.385093279451372
0.0199636,0.0142,1029.449246,926.9585116721487,102.49073432785121,-0.006058139367,9.148759597190763,4.467290566,6.648245203030277
0.019978,0.0142,1057.33789,932.6378919854781,124.69999801452195,-0.002344872543,9.009557884774079,2.703727904,5.1717010338253475
0.01999,0.0142,1080.606354,937.4136200837033,143.19273391629667,-0.0007093207522,8.905113214898178,1.229549275,3.9328449648971757
0.02,0.0142,1100.0,941.4198346390483,158.5801653609517,0.0,8.829351608688848,0.0,2.900024575410904
0.004480037809,0.01420253213,699.9997446,690.2969673752752,9.702777224724741,0.5471835521,0.9147072347438756,-0.4373800721,-0.5542508747375141
0.003985731232,0.01421466178,699.999772,691.8826005501396,8.117171449860393,0.5369090799,0.6505134496310961,-0.3878293268,-0.38683006014271637
0.01901667524,0.01422259306,729.9976815,753.5092021667544,23.51152066675445,0.02187548715,6.433475848023039,14.1990038,14.074030817374886
0.003490395182,0.01422543336,699.999796,693.806193496581,6.1936025034189015,0.5281888938,0.6528944493497877,-0.3385339678,-0.4299448439066662
0.002996506321,0.01423401529,699.9998165,694.4788914206725,5.520925079327412,0.5210420206,0.7546249183801822,-0.2896976516,-0.5330649210793066
0.0004999445466,0.01423990015,699.9998703,693.0854337888464,6.9144365111535535,0.5051980141,1.7344236568471278,-0.05365858923,0.22876296660112594
0.0009999168198,0.01423985311,699.9998657,691.5491510452501,8.450714654749845,0.5062320941,1.691406003037414,-0.09604008855,-0.18899985560051746
0.001499902956,0.01423982959,699.999858,690.5984393279889,9.401418672011118,0.5083408871,1.408962514541427,-0.1434209949,-0.6470001024940757
0.001999896025,0.01423981783,699.9998473,692.040555339581,7.959291960419023,0.5113453188,1.0566439730764907,-0.1919672028,-0.8456746854142638
0.002499892559,0.01423981195,699.9998335,693.8439222353795,6.155911264620499,0.5153607314,0.8663444795248543,-0.240864908,-0.7063419557486306
0.0,0.01423999422,699.9998724,694.1037995064198,5.89607289358014,0.5050274929,1.8374313968636427,-0.03450395254,0.3246116808427484
0.01875566241,0.01424645709,723.9510306,742.2062232775664,18.25519267756647,0.1199361343,5.246321883325666,12.2905129,12.300340482283485
0.01843871278,0.01424800234,718.6554126,733.6721663129706,15.016753712970626,0.2700139213,4.118054276102523,9.97095232,9.998047216933319
0.01620455483,0.014309621,700.9825615,708.868324554789,7.885763054788981,1.533497198,3.62382676306554,-1.308624723,-1.1728021678892615
0.01572640047,0.01432120109,700.2701468,706.7290263142306,6.458879514230603,1.535914259,3.588507443623257,-1.594334527,-1.5696820711815924
0.01667180378,0.01432148742,702.7273945,711.2821047394709,8.554710239470978,1.400122061,3.0395932956479284,-0.3909272218,-0.4602821527730194
0.01526016693,0.01433357231,700.0640386,705.8207922409042,5.756753640904208,1.471323254,3.3070982669584224,-1.628696594,-1.6465249167060891
0.017138709,0.01435520238,705.730995,714.1616594490532,8.43066444905321,1.119901859,2.469076607950827,1.508734586,1.0010587925006806
0.01481528551,0.01438293194,700.0120056,704.4740600174066,4.462054417406648,1.391018031,3.1289953229862055,-1.596577539,-1.4660471291443242
0.01761274651,0.01438646005,709.7192675,719.0118188795443,9.292551379544307,0.7728444654,2.3739407445552922,4.293924745,3.576985080890995
0.01813450417,0.01438955,715.0398291,727.298574819366,12.258745719365947,0.4305968132,3.1112107128425093,7.806444799,7.573907503762757
0.01927964892,0.0144,739.6629142,772.4223254011079,32.75941120110781,-0.05847789009,7.9093971809357235,15.81498928,15.720483333992004
0.01940804077,0.0144,746.1917456,786.8802477701082,40.68850217010822,-0.08582850867,8.860332371792406,16.5531638,16.68004286636912
0.01951503397,0.0144,753.7774807,802.6834824638343,48.9060017638343,-0.1012028917,9.658161644878065,17.07426537,17.477102221214814
0.01960419498,0.0144,762.7712001,819.1785538852673,56.40735378526733,-0.108615876,10.221111890320433,17.3789035,18.044114070374828
0.01967849581,0.0144,773.9159871,835.7041590962592,61.788171996259166,-0.1094474625,10.516050421071945,17.45668679,18.296833282613783
0.01974041318,0.0144,788.5162482,851.6841890849807,63.167940884980794,-0.1043771915,10.566558158544831,17.25807162,18.12803115913931
0.01979201098,0.0144,808.6871017,866.6699081117955,57.982806411795536,-0.09395306565,10.436102975707014,16.66715905,17.417177835141995
0.01983500915,0.0144,836.9132045,880.3581260271563,43.44492152715634,-0.07807820908,10.200099394260727,15.50669371,16.097567418760622
0.01987084096,0.0144,873.9591618,892.5838362754519,18.62467447545191,-0.05835354569,9.923160666047313,13.66240634,14.254554207253232
0.0199007008,0.0144,916.6620179,903.3018049386602,13.360212961339812,-0.03874509536,9.649658074454168,11.28067011,12.132022331781762
0.019925584,0.0144,959.3466151,912.5591392466284,46.787475853371575,-0.02297512085,9.40454699554163,8.742708957,10.004880209208167
0.01994632,0.0144,997.7495332,920.467426538143,77.28210666185703,-0.01225161447,9.19842044846633,6.386111347,8.05582690122446
0.0199636,0.0144,1030.521184,927.1703032957009,103.35088070429902,-0.00579247719,9.032972205622903,4.348181223,6.35767606802881
0.019978,0.0144,1057.987307,932.8224549619911,125.16485203800903,-0.002241093069,8.90512015658832,2.631541769,4.914562810005411
0.01999,0.0144,1080.901661,937.5715271454549,143.33013385454524,-0.000677800001,8.809519199953275,1.196725852,3.7027327333428
0.02,0.0144,1100.0,941.5528517105615,158.44714828943847,0.0,8.740164773744972,0.0,2.690679050410682
0.01901774187,0.01442471686,730.5310713,753.1081344573201,22.57706315732014,0.01804456814,6.276892143490892,14.08460387,13.897264469965855
0.01875904905,0.01444708182,724.4397126,741.8277546292594,17.388042029259395,0.1132781177,5.059659835408415,12.23351853,12.188021976543649
0.01845135188,0.01448987918,719.2960993,733.2793077661845,13.983208466184465,0.248594147,3.894552678601901,10.02485758,10.024768703407513
0.008935798571,0.01450000023,699.999346,696.9108558551738,3.088490144826096,0.6822896522,1.6428766472549856,-0.908303813,-0.5238517820874051
0.009435798571,0.01450000023,699.9992689,696.4939306207987,3.5053382792012826,0.714345628,2.0464456870379975,-0.9668463782,-0.36377441150467327
0.009935798542,0.01450000006,699.999183,695.7319103252192,4.26727267478077,0.7502317195,2.1526882546606654,-1.026713483,-0.5244034230137924
0.01043579854,0.01450000006,699.9990874,697.0125635621687,2.986523837831328,0.7903232431,1.443670965251217,-1.087870439,-1.0002003417138354
0.01093579853,0.01450000001,699.9989812,698.0613556819989,1.9376255180011412,0.8350417867,1.2411679804300182,-1.150233966,-1.2201064806088135
0.01143130683,0.0145026131,699.9988647,699.3911923033022,0.6076723966978079,0.8841561998,1.8463306436256326,-1.213057422,-1.1159596157918585
0.008439444129,0.01450480807,699.999415,696.0450278342478,3.954387165752223,0.6533777444,1.2277705184560392,-0.8514624843,-0.8099621873611946
0.01192248611,0.01450816634,699.9987371,701.1077067355607,1.1089696355606975,0.93785521,2.444503024848295,-1.275981492,-0.9353803262996383
0.007943983402,0.01451413631,699.9994771,694.0311340986772,5.968343001322864,0.6271110525,1.049667574483823,-0.7959027987,-1.3833259979082468
0.0124134368,0.01451932287,699.9985977,701.7444179815319,1.7458202815319055,0.9969314742,2.7047469882703004,-1.339056244,-0.879501307020325
0.01290284321,0.0145318314,699.9984516,701.9750143148709,1.9765627148709655,1.061675187,2.832529620403464,-1.401105868,-0.7512793611333635
0.007449596341,0.01453435973,699.9995335,691.8666595017417,8.132873998258333,0.602535665,1.1971646066201465,-0.7414833883,-1.7280221406068224
0.01339106584,0.01454243114,699.9983411,701.7253030417611,1.7269619417611466,1.13378437,2.9310252618277053,-1.460841901,-0.7016066700365231
0.006952757164,0.0145554083,699.9995842,691.6687804997704,8.33080370022958,0.5804921764,1.5070555379374355,-0.6878190342,-1.6102931406609802
0.01387510592,0.0145642004,699.9986499,700.9608247701563,0.9621748701562183,1.209337431,2.925187300418319,-1.515759949,-0.9210509015958062
0.006454528784,0.01457231024,699.9996295,691.8082408094085,8.191388690591452,0.5611857999,2.0155759909767106,-0.6349995139,-1.1453672258169405
0.005957195372,0.0145988804,699.9996707,692.0359973452037,7.963673354796356,0.5430522515,2.051971272390996,-0.5829912687,-0.9538007201135592
0.01927964892,0.0146,740.261649,772.1092556197692,31.84760661976918,-0.05967539029,7.749148264008623,15.65464217,15.511142222119194
0.01940804077,0.0146,746.8609141,786.6417644360272,39.78085033602724,-0.08600405482,8.708114990359553,16.37219071,16.442312105860722
0.01951503397,0.0146,754.5387398,802.51403723307,47.975297433069954,-0.1006198077,9.503063462036298,16.87590849,17.2081883024196
0.01960419498,0.0146,763.6562859,819.0673483679993,55.411062467999386,-0.1074984833,10.052442703251138,17.16528737,17.743119657385876
0.01967849581,0.0146,774.9801141,835.6407170645732,60.66060296457317,-0.1079535215,10.326243787520387,17.22843669,17.96380839087509
0.01974041318,0.0146,789.8518822,851.6574377148397,61.80555551483974,-0.1026017916,10.353961956257226,17.01375513,17.765067611043733
0.01979201098,0.0146,810.4162734,866.6663404669819,56.25006706698184,-0.09194027751,10.205874880458836,16.40318371,17.030920329528175
0.01983500915,0.0146,839.0957597,880.3611209396922,41.2653612396922,-0.07596674411,9.962020247461993,15.22237899,15.70040213322904
0.01987084096,0.0146,876.4378892,892.5768083731266,16.138919173126624,-0.05643664056,9.688115037840614,13.37104421,13.862672906275204
0.0199007008,0.0146,919.0746227,903.2711637617992,15.80345893820072,-0.03728214352,9.426649336953625,11.01076162,11.760482606083954
0.019925584,0.0146,961.3714005,912.4952557338116,48.87614476618842,-0.02203762916,9.199253451283365,8.519980643,9.663361518245583
0.01994632,0.0146,999.2691603,920.3653131457847,78.90384715421521,-0.01173369247,9.013056496605625,6.219479179,7.747637619512953
0.0199636,0.0146,1031.562424,927.0285997846414,104.53382421535855,-0.005543673683,8.867162994892094,4.233991006,6.081392226457065
0.019978,0.0146,1058.618033,932.6418772475777,125.9761557524223,-0.002144073509,8.756873421916666,2.562363858,4.666349400853185
0.01999,0.0146,1081.188461,937.3546286590926,143.8338323409074,-0.0006483541548,8.676148507255835,1.165277292,3.4777073666509493
0.02,0.0146,1100.0,941.3028779351578,158.69712206484223,0.0,8.61890733034525,0.0,2.4840520118956944
0.01437520532,0.01460399591,700.0021786,701.9257832028272,1.923604602827254,1.293900766,2.91703775619166,-1.569753456,-1.2460497856161838
0.01901667289,0.01462480367,731.0037416,752.649650337039,21.645908737039008,0.01498634002,6.078644414726714,13.95910174,13.719027080086459
0.005461521307,0.01463360752,699.9997081,690.9746528429522,9.025055257047825,0.5261100994,1.4466003584911233,-0.5317570601,-0.8630432838618729
0.01875257981,0.01465135599,724.7525306,741.1381133752839,16.385582775283865,0.1112386887,4.817193540439964,12.10437493,11.999706474699774
0.01846981079,0.0146520739,719.8703768,733.2251010424776,13.354724242477573,0.2335047369,3.7863733794296284,10.11223912,10.07487388099064
0.004966442061,0.01465802093,699.9997414,689.8140108820415,10.185730517958405,0.5119433027,0.9050374603761282,-0.4812910064,-0.7384150947300148
0.004473476038,0.01468480743,699.9997715,689.9975238493786,10.00224765062137,0.4991987319,0.5635687806030723,-0.4315479136,-0.5717945272390956
0.003978004859,0.01469770507,699.9997978,691.3844427877001,8.615355012299915,0.489186596,0.43217646959609124,-0.3821561556,-0.4400656161027827
0.003484420299,0.01471167146,699.9998209,692.504874169942,7.494946730058018,0.4804528249,0.47436112058877,-0.3333326669,-0.45897880914427525
0.002989805949,0.01472277126,699.9998408,692.3389011286118,7.660939671388178,0.4732536592,0.6441895699117723,-0.2848324583,-0.5243401681875666
0.002495908081,0.0147341581,699.9998576,691.6716441611593,8.328213438840748,0.4672302954,0.922572169674714,-0.2367637764,-0.6174233225849015
0.001996603318,0.0147357029,699.9998709,690.396121650865,9.603749249135035,0.4632136801,1.26701883451867,-0.1885451936,-0.6448435542325193
0.0004998890931,0.01473980607,699.9998934,691.553303354264,8.446590045736002,0.456990631,1.7317094560016222,-0.05246449315,0.06249250721815436
0.0009998890931,0.01473980607,699.9998889,690.3734748620479,9.626414037952031,0.4579314254,1.8279629315100119,-0.09424626961,-0.13509203323149332
0.001499889093,0.01473980607,699.9998814,689.4147448928978,10.58513650710222,0.4599437081,1.6276674041539556,-0.1409534976,-0.43455509100879297
0.0,0.01473999422,699.9998955,693.2977504169864,6.702145083013534,0.4568569086,1.4644752106066652,-0.03357612306,-0.023135403939366306
0.01622676623,0.01475848239,701.3521056,708.6190189670425,7.266913367042548,1.502999581,2.8168761091333483,-1.173329589,-0.9628285077541934
0.01576850866,0.01476336022,700.4499937,706.9334917373961,6.483498037396089,1.532142971,2.9375226838005783,-1.568249429,-1.5722696348869656
0.01668281176,0.01476505098,703.2809183,710.9372721805606,7.656353880560573,1.335946352,2.3023510941212795,-0.1332989262,0.03825561147640766
0.01531552463,0.01476908813,700.1278118,706.0387646002874,5.9109528002874185,1.469078563,2.880704949988652,-1.659358067,-1.7732331598910438
0.01488501148,0.01477429382,700.0310192,704.6442569592854,4.6132377592854255,1.380892775,2.8558328742100167,-1.639917886,-1.6272395499195937
0.01714709594,0.01478323319,706.3829449,713.9656776227521,7.582732722752098,1.042369149,1.9217104568771546,1.811752184,1.6855833983633923
0.0180584848,0.01478875596,714.8180669,724.6178298017062,9.79976290170623,0.4459489146,2.5882237775473937,7.317364466,6.992577998238674
0.01927964892,0.0148,740.8598645,771.8609761773538,31.001111677353833,-0.06158147837,7.540814259468179,15.4968581,15.310952465454527
0.01940804077,0.0148,747.5271455,786.3778899709649,38.85074447096497,-0.08628592727,8.492103476522104,16.19487135,16.210199256546648
0.01951503397,0.0148,755.296264,802.2354745714673,46.939210571467356,-0.1000926988,9.275632867915329,16.68186674,16.9434683257074
0.01960419498,0.0148,764.5380205,818.7843947589337,54.246374258933656,-0.1064254667,9.809046221803666,16.95640874,17.44616031389314
0.01967849581,0.0148,776.0427355,835.3650657920491,59.32233029204906,-0.1064898968,10.062806646633081,17.00519808,17.635342259752058
0.01974041318,0.0148,791.1890319,851.3957467915865,60.206714891586444,-0.1008646872,10.06992882071873,16.77459478,17.407894086111515
0.01979201098,0.0148,812.1477289,866.4161877127412,54.2684588127413,-0.08999355484,9.906056341537528,16.1446564,16.65189446869867
0.01983500915,0.0148,841.27125,880.1120897861622,38.84083978616218,-0.07395453694,9.655676519807244,14.94442125,15.310296380512746
0.01987084096,0.0148,878.8883425,892.314318011069,13.425975511068941,-0.05463090406,9.385866907369621,13.08758812,13.474235315720303
0.0199007008,0.0148,921.4400605,902.9814805484697,18.458579951530282,-0.03591904647,9.137673718034055,10.749771,11.385861046410728
0.019925584,0.0148,963.3457755,912.1692517485333,51.176523751466675,-0.02117159418,8.929464663916166,8.305594678,9.31148815933409
0.01994632,0.0148,1000.747485,919.9977144788329,80.74977052116708,-0.01125837653,8.765064616284176,6.059445589,7.423203615801195
0.0199636,0.0148,1032.574707,926.6179746053218,105.95673239467817,-0.005316458512,8.640905546405115,4.124409881,5.785100736245874
0.019978,0.0148,1059.23114,932.1895380673601,127.04160193263999,-0.002055838564,8.550635807799093,2.495997095,4.396157146151224
0.01999,0.0148,1081.467244,936.8631289093821,144.60411509061782,-0.0006216681563,8.48741783567628,1.135110816,3.2302397760311985
0.02,0.0148,1100.0,940.7754630988619,159.2245369011381,0.0,8.44487221679622,0.0,2.25555204288884
0.01762483886,0.01480332549,710.4405569,718.3061769175583,7.865620017558285,0.7111798797,2.0086273591446107,4.542584494,4.102650339336436
0.01901349549,0.0148269705,731.4207087,752.24014675843,20.819438058430023,0.01074397886,5.856739405958743,13.81967615,13.54142959368167
0.01874608484,0.01484169578,725.0359849,740.6158889252553,15.579904025255246,0.1047050664,4.603771277025466,11.9831679,11.830280629217867
0.01843250317,0.01489179631,719.753097,731.7745252978659,12.021428297865896,0.2427500965,3.455504660503342,9.810672531,9.675031298162992
0.008435798687,0.01500000092,699.9994536,695.4370963852347,4.56235721476537,0.5966695759,1.2279232356391625,-0.8485058326,-0.6688318437967737
0.008935798571,0.01500000023,699.9993859,695.7027725705875,4.29661332941248,0.6238284194,1.1997052652121032,-0.9070282045,-0.5816666932577208
0.009435798571,0.01500000023,699.9993101,695.5624531625326,4.4368569374673825,0.6543984903,1.4402487120112317,-0.967155562,-0.7163671101841729
0.009935798542,0.01500000006,699.9992253,695.3488478867675,4.650377413232491,0.6887515707,1.886078761378484,-1.028959596,-0.7866858823525966
0.01043579854,0.01500000006,699.9991305,695.9314359324891,4.067694567510898,0.7273415412,1.5133516508961913,-1.092465235,-1.0659397586720116
0.01093579853,0.01500000001,699.9990246,696.6333193389021,3.365705261097901,0.7707073941,1.0546100578648971,-1.157642362,-1.2651748087734092
0.01143579853,0.01500000001,699.9989062,697.4692698260043,2.529636373995686,0.8194685513,1.3654658841119183,-1.224335055,-1.060364507709325
0.01927964892,0.015,741.4429754,771.8397612192313,30.39678581923124,-0.06299305824,7.3144388022487865,15.34179667,15.120089118051983
0.01940804077,0.015,748.1877699,786.2197681346092,38.031998234609205,-0.08637129796,8.23743369028409,16.02114092,15.981205017269751
0.01951503397,0.015,756.0495775,801.9345276233415,45.88495012334147,-0.09963160385,8.997840311814453,16.49189087,16.679054325829036
0.01960419498,0.015,765.4166473,818.3736621923119,52.95701489231192,-0.1055117587,9.511955767108146,16.75200151,17.14930394337333
0.01967849581,0.015,777.1042905,834.8874667319972,57.78317623199712,-0.1051728123,9.747494255314923,16.78672414,17.30804266530803
0.01974041318,0.015,792.5281096,850.8840820929294,58.35597249292937,-0.09926336975,9.737116428552696,16.54040548,17.053161020637635
0.01979201098,0.015,813.8816413,865.8860404662036,52.0043991662036,-0.08818757311,9.55965212007354,15.89143568,16.275528252655594
0.01983500915,0.015,843.4396755,879.5632332852172,36.123557785217145,-0.07208941917,9.30339962848316,14.67264641,14.920493662545343
0.01987084096,0.015,881.3111829,891.739318668028,10.428135768028028,-0.05297016621,9.037192753229213,12.81174675,13.08052550895161
0.0199007008,0.015,923.7603415,902.3703752080839,21.38996629191604,-0.03467744046,8.801036454599801,10.49725288,10.998973934619588
0.019925584,0.015,965.2725312,911.5150244404,53.757506759600005,-0.02039056086,8.610598127245327,8.09903877,8.941528333249455
0.01994632,0.015,1002.187062,919.2964515323874,82.89061046761253,-0.01083350352,8.466689948912395,5.90555454,7.077383596655259
0.0199636,0.015,1033.559888,925.869198743666,107.69068925633405,-0.005114924843,8.363230999036652,4.019097132,5.466486176546883
0.019978,0.015,1059.827766,931.3955879472948,128.43217805270535,-0.001978103005,8.292259159025274,2.432223907,4.104365574856883
0.01999,0.015,1081.738531,936.0269636476759,145.7115673523241,-0.0005983059147,8.24608303620097,1.106123603,2.9629543012506803
0.02,0.015,1100.0,939.9015213706673,160.0984786293327,0.0,8.218121908309163,0.0,2.0094010352800673
0.01193134312,0.01500309638,699.9987753,699.1536038634052,0.8451714365947964,0.8734170506,2.1052279191600984,-1.291712713,-0.8232780638029453
0.007941297919,0.01500633337,699.999514,693.5507787645384,6.448735235461527,0.5720898753,1.2814783750843683,-0.7920708588,-1.0938704420568461
0.01242264458,0.01501238234,699.9986325,700.4055846906986,0.4069521906985756,0.9329262296,2.6747380617866163,-1.35933199,-0.9586683996479994
0.007446306374,0.01501749251,699.9995683,691.5846604464722,8.41490785352778,0.5496585525,1.3058089990319313,-0.7368988977,-1.602317148386657
0.01291261996,0.01502285383,699.9984843,701.2269305047174,1.228446204717443,0.9993388673,2.938147435913354,-1.42655644,-0.9794998320708483
0.01901102663,0.01502750251,731.8557469,752.1959628495841,20.34021594958415,0.005671015993,5.666294136914125,13.6867874,13.39217468255342
0.01340299126,0.01503514496,699.9984106,701.4510597360867,1.4526491360866203,1.074682939,3.023446924377734,-1.4921469,-0.8015831294499911
0.006950870093,0.01503601009,699.9996173,691.7395845276103,8.26003277238965,0.5289812482,1.374240180451353,-0.6828427001,-1.8326794571609946
0.01389352714,0.01504854525,699.9991768,701.0327981263966,1.0336213263966556,1.158151236,2.9303727429543613,-1.552841412,-0.8969611101010964
0.006454343383,0.01505108037,699.9996608,690.9353968180798,9.064263981920249,0.5108718043,1.801140240801486,-0.6298191726,-1.450414360811748
0.01874704427,0.01505575983,725.5056862,740.606414978827,15.100728778827033,0.09502106187,4.446361511366426,11.91083585,11.718990382164815
0.01843706878,0.01506889898,720.1372288,731.6606112342009,11.523382434200926,0.2347714298,3.3538297249940836,9.822042681,9.621800155330337
0.005957858677,0.01507526107,699.9997001,690.0035136744503,9.996186425549695,0.4939134955,1.5997548680931426,-0.5777259346,-1.1393918513023147
0.01437906105,0.01508509305,700.0067793,701.9079569106815,1.9011776106815432,1.252101097,2.795912204904635,-1.614564406,-1.2491478010587747
0.005460600363,0.01509959174,699.9997353,689.2496786776742,10.750056622325815,0.4787745778,1.025212000113705,-0.5264488005,-1.0476414613831313
0.004962438115,0.01513525069,699.9997676,689.6587765709197,10.340991029080328,0.4641343857,0.7189446310505181,-0.4757100905,-0.9286370676154823
0.01486050803,0.01515583903,700.0533636,704.6439705931465,4.59060699314648,1.353641093,2.678132548266034,-1.684909662,-1.6216745962542003
0.004467650584,0.01516101331,699.9997959,691.4474672021003,8.552328697899725,0.4520895768,0.7113781887957839,-0.4260615803,-0.6550393495946238
0.003973037642,0.0151817791,699.999821,692.4522543919214,7.547566608078569,0.4418209716,0.8856701448800652,-0.3770057851,-0.40739376283595874
0.003478234361,0.01519967996,699.9998433,691.3434685659943,8.65637473400568,0.4330885675,1.109345284634236,-0.3284190011,-0.3747042570594914
0.01927964892,0.0152,742.0098505,772.2359129766146,30.22606247661463,-0.06344030457,7.113102021371437,15.19098665,14.943977384542261
0.01940804077,0.0152,748.8401975,786.3856099247924,37.5454124247924,-0.08643480044,7.9879632299624035,15.85154813,15.761117940150918
0.01951503397,0.0152,756.7973979,801.8227851695632,45.025387269563225,-0.09932888233,8.710523756838812,16.30601474,16.419809569191536
0.01960419498,0.0152,766.2918758,818.0114090266194,51.71953322661943,-0.1048007295,9.198760591283285,16.55190699,16.856335538102694
0.01967849581,0.0152,778.1651003,834.3318090352536,56.16670873525368,-0.1040662489,9.415855008782879,16.57276103,16.985017920282882
0.01974041318,0.0152,793.8697919,850.1881407838982,56.31834888389824,-0.09787848816,9.390580314976011,16.31092802,16.703914943578216
0.01979201098,0.0152,815.6187506,865.0840243665596,49.46527376655956,-0.08659463087,9.201641392692197,15.6432787,15.906170082941333
0.01983500915,0.0152,845.6017829,878.6726345932773,33.07085169327729,-0.07042102619,8.939557881382573,14.40678677,14.538825809439064
0.01987084096,0.0152,883.7077983,890.7660436854069,7.058245385406849,-0.0514859829,8.674912886410567,12.54314638,12.695441895229141
0.0199007008,0.0152,926.0379871,901.3170728215663,24.720914278433725,-0.03357532723,8.447149091162784,10.25269564,10.620614456029163
0.019925584,0.0152,967.1547255,910.3832815956721,56.77144390432795,-0.01970444589,8.269913858458311,7.899752973,8.58054775040393
0.01994632,0.0152,1003.590569,918.0902296277039,85.50033937229603,-0.01046432057,8.141582832803934,5.757315558,6.741765257041311
0.0199636,0.0152,1034.519888,924.5936762333716,109.9262117666284,-0.004941652004,8.054062003494128,3.917686664,5.160335759699302
0.019978,0.0152,1060.409088,930.0569932949104,130.3520947050897,-0.001911925278,7.997973147147107,2.370809791,3.828114096219486
0.01999,0.0152,1082.002856,934.632670781278,147.3701852187221,-0.0005786389067,7.96494458545167,1.07820447,2.7144996411333144
0.02,0.0152,1100.0,938.4576394345521,161.5423605654479,0.0,7.948159578688417,0.0,1.785695193684134
0.01762707168,0.01520056683,711.0225352,718.0486860310087,7.026150831008749,0.6711636004,1.8233744743261775,4.700625288,4.296621999478865
0.01716614203,0.01520389727,707.0992373,714.2960606235711,7.196823323571039,0.9807533385,1.688594618529921,2.149837401,2.128843799703885
0.01534333495,0.0152053148,700.2316358,706.8802276355631,6.648591835563025,1.464458182,2.5542233792320834,-1.694272965,-1.681301831748006
0.01671141927,0.01520818004,703.989803,711.7462087952277,7.756405795227693,1.271279793,1.898358611239608,0.209182516,0.5851715494487539
0.01580572843,0.015209418,700.7274243,708.4619710037077,7.734546703707679,1.525736028,2.4357703786497122,-1.519929054,-1.2623710018248921
0.01626218059,0.01521182548,701.8852532,710.0446450618036,8.15939186180367,1.464911092,2.228359618898149,-0.969783756,-0.4709869288298707
0.01813801866,0.01521216275,716.4210741,725.3795637311467,8.958489631146676,0.3795781678,2.519445511620874,7.871021739,7.467259866746178
0.002985310895,0.01521343605,699.9998625,690.4012762413649,9.59858625863501,0.4259247863,1.3442659624183784,-0.2804858753,-0.3668518323526788
0.00248982401,0.01522336047,699.9998786,690.8360039040409,9.163874695959066,0.4202336903,1.5888425311899845,-0.2327358571,-0.3795410447020542
0.01903183203,0.01522441234,732.931041,753.8852247709585,20.95418377095848,-0.00334524769,5.6527300743767395,13.70701181,13.4110437443208
0.001992603788,0.01522908727,699.9998918,690.4662813548923,9.533610445107684,0.4160091965,1.8093592019295643,-0.1852234621,-0.38937202153150796
0.001496427942,0.01523380362,699.9999019,689.5033990767283,10.496502823271726,0.4128357102,2.032360997739965,-0.1382989584,-0.24475089418490903
0.00099966728,0.01523942975,699.9999094,689.9303709898095,10.06953841019049,0.4104047082,2.063598603378776,-0.09251694157,-0.10129041934742933
0.0004997781864,0.01523961791,699.9999138,690.6424203941531,9.357493405846867,0.4095763474,1.7412334548763886,-0.05128286703,-0.10021802938653224
0.0,0.01523999422,699.9999159,694.219324379616,5.780591520384064,0.4094944205,1.2222935249340345,-0.03262943027,-0.37122377057460554
0.01872058858,0.01527906594,725.4617937,740.0521055893207,14.590311889320674,0.09954086972,4.250411482039236,11.65784357,11.462034567611205
0.01844017015,0.0153444807,720.693793,731.9562007491451,11.26240774914504,0.2201229196,3.265878510895475,9.811188885,9.553910074280488
0.01927964892,0.0154,742.5804988,773.1598494598899,30.579350659889883,-0.06521698511,6.976579801349549,15.04357914,14.78611687496237
0.01940804077,0.0154,749.4876999,787.0700011328885,37.582301232888426,-0.08732054189,7.792762903170544,15.68560173,15.557235866885634
0.01951503397,0.0154,757.5402556,802.1575949136123,44.61733931361232,-0.09945584253,8.46535714440514,16.12404011,16.174498526833343
0.01960419498,0.0154,767.1638302,817.9719978867549,50.80816768675493,-0.1044020011,8.918823052928545,16.35592091,16.575682700393962
0.01967849581,0.0154,779.2255709,833.9460261184825,54.72045521848247,-0.1032091962,9.11411362169225,16.36308736,16.67413515980813
0.01974041318,0.0154,795.2149054,849.4990722622005,54.284166862200436,-0.09674107863,9.074650113235219,16.08591256,16.368633472689982
0.01979201098,0.0154,817.3601288,864.1324058231918,46.772277023191805,-0.08524927042,8.875881757710394,15.3998889,15.555660380399871
0.01983500915,0.0154,847.7587837,877.490956653081,29.732172953080976,-0.06896876051,8.607890868089962,14.14650174,14.185226917709837
0.01987084096,0.0154,886.0799984,889.3804491904776,3.300450790477612,-0.05018674485,8.34152433396275,12.28134706,12.351026721642405
0.0199007008,0.0154,928.2757342,899.750459131093,28.525275068907035,-0.03261372629,8.115884695898405,10.01554434,10.295815633784756
0.019925584,0.0154,968.9954322,908.656994918924,60.338437281075926,-0.01911152796,7.9435502964341556,7.707158387,8.283235356718304
0.01994632,0.0154,1004.960617,916.2238621813501,88.73675481864984,-0.01014883193,7.821487616977967,5.614233864,6.477139427047214
0.0199636,0.0154,1035.456556,922.6054838587662,112.85107214123389,-0.004795230303,7.740533626542453,3.81981411,4.930572165210402
0.019978,0.0154,1060.976233,927.9634420450393,133.0127909549608,-0.001856575561,7.6904493321682255,2.311523553,3.6328258530660777
0.01999,0.0154,1082.260732,932.4486755592083,149.8120564407917,-0.0005623714984,7.662522912727129,1.051244619,2.551333081362814
0.02,0.0154,1100.0,936.1966117211217,163.8033882788783,0.0,7.649771027936351,0.0,1.6512566223174074
0.01903809356,0.0154293305,733.6058029,755.2599612164548,21.65415831645487,-0.008412593385,5.631127534654966,13.62896249,13.35509264396044
0.01879803567,0.01545874345,727.4214382,743.6501171456041,16.228678945604088,0.06542637552,4.547231210819218,12.09453664,11.906971957367915
0.007935798687,0.01550000092,699.9995489,690.469455246265,9.53009365373498,0.5159768832,1.8523352055984261,-0.7875284779,-0.642091233770465
0.008435798687,0.01550000092,699.9994899,692.7286215797927,7.270868320207228,0.5385267895,1.657516671764375,-0.8454778064,-0.4026614192087923
0.008935798571,0.01550000023,699.9994236,694.1654398178154,5.833983782184646,0.563991767,1.268802848885153,-0.9051929757,-0.5804736778142541
0.009435798571,0.01550000023,699.9993493,694.6987728876483,5.300576412351688,0.5927239604,1.2227308514129778,-0.966833321,-0.9775521718400846
0.009935798542,0.01550000006,699.9992659,694.5658035438248,5.433462356175141,0.6251399239,1.5592153976641079,-1.030536478,-1.1221924227387978
0.01043579854,0.01550000006,699.9991721,695.2865155238698,4.712656576130257,0.6617456228,1.525492666954476,-1.09640916,-1.1829435346799633
0.01093579853,0.01550000001,699.9990667,696.2200691366427,3.7789975633572794,0.7031753921,1.1599640891493936,-1.164496403,-1.2505982489345548
0.01143579853,0.01550000001,699.998948,696.4163969886948,3.5825510113052133,0.7501129922,1.1105461970287946,-1.234762198,-0.9729375116105468
0.01193579853,0.0155,699.9988141,697.5453954912584,2.453418608741572,0.8035662671,1.6764327774012107,-1.30709316,-0.7428223379712309
0.01242979949,0.01550602404,699.9986669,699.0515143348919,0.9471525651081265,0.8631475001,2.4384290459740825,-1.380353909,-1.020869959464945
0.00744247191,0.01551021898,699.9996014,689.5925782651469,10.407023134853034,0.4951414914,1.716028177970939,-0.7318571748,-1.2990970481400437
0.01292291049,0.01551269919,699.9985164,700.7775504412683,0.7790340412683463,0.9310691167,3.046555810860313,-1.454403105,-1.3016375384863652
0.006947386713,0.01552033227,699.9996484,691.2079457907658,8.791702609234108,0.4766242839,1.7443641571304116,-0.6774406066,-2.110594684832376
0.0134159275,0.01552261938,699.9985028,701.6106372669816,1.6121344669816153,1.009535702,3.373044323307023,-1.527946106,-0.9990823494363577
0.006451669048,0.01553355089,699.9996903,690.0292150354155,9.97047526458448,0.4598497319,1.9311233887096495,-0.6242226585,-1.8977774996020909
0.01439927503,0.01553606573,700.0145662,702.3145491002118,2.2999829002118304,1.209189529,2.972224192820226,-1.673449581,-1.1183162258293846
0.01390462386,0.01553735097,700.0000834,701.4656644091699,1.4655810091699095,1.098400418,3.3290340078070093,-1.598230013,-0.7768990367972535
0.005955417067,0.01555489737,699.9997279,688.9986310292495,11.00109687075053,0.4442024198,1.6337969165493047,-0.5720291262,-1.430945113716457
0.005459133089,0.0155744876,699.9997612,689.2616344639727,10.738126736027311,0.4304960408,1.3771973404518272,-0.5209191954,-1.2882657624307408
0.01488128037,0.01557657554,700.0963332,705.1039462037344,5.007613003734377,1.329359016,2.634816401780216,-1.752508309,-1.550254013275472
0.01927964892,0.0156,743.1681384,774.6057359589773,31.43759755897736,-0.06822077442,6.931819783314204,14.89759225,14.645349878888133
0.01940804077,0.0156,750.137859,788.3456429624073,38.207783962407234,-0.08900521596,7.6907547665344715,15.52219007,15.373510017549304
0.01951503397,0.0156,758.2816871,803.107053779016,44.82536667901604,-0.1000568099,8.308544364098308,15.94540522,15.950624986395788
0.01960419498,0.0156,768.0341661,818.5010235325822,50.466857432582174,-0.1043772777,8.719388295150091,16.16368699,16.316086364606047
0.01967849581,0.0156,780.2867818,834.0147778556603,53.727996055660356,-0.1025728009,8.886988461937525,16.15743103,16.384210341408686
0.01974041318,0.0156,796.56455,849.1041494928298,52.53959949282978,-0.09581207115,8.831795083618818,15.86507764,16.056876912987835
0.01979201098,0.0156,819.1069492,863.2924462101453,44.18549701014524,-0.08413179533,8.624377382177112,15.16094056,15.237023755063827
0.01983500915,0.0156,849.9118819,876.2385701404241,26.32668824042412,-0.06770491256,8.350951149175529,13.89141859,13.880860875378808
0.01987084096,0.0156,888.429437,887.7577077367823,0.671729263217685,-0.04904727625,8.080072516456044,12.02589037,12.081102196670052
0.0199007008,0.0156,930.4759923,897.8024534713113,32.67353882868872,-0.03177034707,7.849872187968433,9.785252498,10.071708197594415
0.019925584,0.0156,970.7973098,906.4281595322736,64.36915026772635,-0.01859537189,7.6725605966724,7.520707007,8.10713686259082
0.01994632,0.0156,1006.299432,913.7552906087611,92.5441413912389,-0.009876526513,7.545173640877328,5.475853065,6.346865376914093
0.0199636,0.0156,1036.37146,919.9336400552569,116.43781994474318,-0.004669918145,7.458596881426828,3.725149533,4.842970115057651
0.019978,0.0156,1061.530156,925.1198024220425,136.4103535779575,-0.001809554897,7.40273015916435,2.254158893,3.584640385906778
0.01999,0.0156,1082.512595,929.4603017168488,153.05229328315113,-0.000548650934,7.368965778313867,1.025148135,2.539079297584668
0.02,0.0156,1100.0,933.08655613358,166.91344386642004,0.0,7.350459232395407,0.0,1.6711186377522855
0.01803033065,0.01560247486,715.7410358,724.7857477463963,9.044711946396319,0.402884376,2.266684690171899,7.217333759,6.733493585230444
0.01763733631,0.01560351038,711.6863512,719.7309558458253,8.044604645825302,0.628880447,1.7733318300928023,4.889087342,4.451237389369131
0.004962476147,0.01560438262,699.9997913,690.1832322904471,9.816559009552861,0.4173200165,1.409295715668241,-0.4705756392,-1.0421412335864337
0.0184277704,0.01561136309,721.0331516,732.6464385992433,11.613286999243314,0.2112040866,3.234335470890418,9.690764592,9.430945634182613
0.01903210002,0.01562831415,733.9188906,756.2949719658511,22.376081365851064,-0.01120957719,5.632057721133989,13.4797424,13.244679138219727
0.004463658498,0.01563143589,699.9998181,691.1025391878104,8.897278912189563,0.4057951177,1.6024274187977965,-0.4208029029,-0.654670117934562
0.01720642218,0.01563236925,708.019654,716.2832984443802,8.263644444380247,0.9066728144,1.5706969531589063,2.575788266,2.4235318536223778
0.01536289078,0.01564068799,700.392622,707.6216295691427,7.229007569142709,1.447358065,2.3718374124422787,-1.729981826,-1.523119163867105
0.01676722548,0.01565773618,704.9547544,713.8072932841025,8.8525388841025,1.185436185,1.619524801617439,0.6622315421,0.8935079354072997
0.003967094087,0.01566039233,699.9998421,690.6813184613519,9.318523638648117,0.3953685398,1.8872310819420492,-0.3718690663,-0.3609397126642788
0.0158411917,0.01566364699,701.1398844,709.8969517256725,8.757067325672438,1.497050242,2.1105036036679863,-1.439680396,-1.0120069285809912
0.01631333354,0.01566422483,702.6251921,712.046225053402,9.421032953402005,1.404978609,1.8367164027790206,-0.6883576439,-0.18671385560156928
0.003471818707,0.01567779638,699.999863,689.5025161144669,10.497346885533148,0.387207471,2.0849026504244454,-0.3236995681,-0.24171319148360393
0.0187553788,0.01568557159,727.0371594,743.2892480829162,16.252088682916224,0.07521128054,4.437594156717133,11.73587667,11.601992490326747
0.002976859864,0.0156946048,699.9998814,689.578641779721,10.421239620279039,0.3801024677,2.152806263393078,-0.275999544,-0.13816356990961687
0.00248264582,0.01570750373,699.999897,690.8570518152492,9.142845184750854,0.3743957684,2.1976495817101274,-0.2288228593,-0.08521192514633125
0.00199010005,0.01572345618,699.9999099,690.7669658007242,9.23294409927587,0.3694370872,2.2849829853861,-0.1822135844,-0.094367693481888
0.001493131968,0.01572913474,699.9999199,689.8374690415855,10.162450858414559,0.3663219676,2.41059286850483,-0.1357664315,-0.02716164718075742
0.0009958719613,0.01573485758,699.9999272,690.0374480619084,9.962479138091567,0.3639887563,2.36177196173644,-0.09050401701,0.02284644159932636
0.0004995563737,0.0157392416,699.9999317,690.6458806516646,9.354051048335464,0.3629262452,2.050527400841469,-0.05006235965,-0.08903663556928265
0.0,0.01573999422,699.9999338,696.890476131623,3.10945766837699,0.3629156892,2.0350751985854707,-0.03163185269,-0.31375455438482636
0.01927964892,0.0158,743.7719418,776.5172180041283,32.74527620412823,-0.0717621749,6.994836446422899,14.75266186,14.519958218714155
0.01940804077,0.0158,750.7937123,790.1786845493481,39.38497224934804,-0.09111252899,7.705387849353719,15.36093144,15.212322009901445
0.01951503397,0.0158,759.0250493,804.6939994653504,45.66895016535045,-0.1009552974,8.26937240662724,15.76978119,15.754014276061522
0.01960419498,0.0158,768.9053049,819.7004084456997,50.7951035456997,-0.1045705167,8.631936882741705,15.97494499,16.08520919096708
0.01967849581,0.0158,781.35042,834.7233431386474,53.372923138647366,-0.1021075338,8.764502339382677,15.95555404,16.123265059675443
0.01974041318,0.0158,797.9200236,849.2605769961971,51.34055339619704,-0.09503846285,8.689198884722716,15.64816784,15.776575654429521
0.01979201098,0.0158,820.8601482,862.8770840576115,42.01693585761143,-0.08315436519,8.472722277645756,14.92614587,14.958715759052858
0.01983500915,0.0158,852.0616486,875.2676815422938,23.206032942293746,-0.06656169987,8.195144913939282,13.64121061,13.636004385143956
0.01987084096,0.0158,890.7568544,886.2732334004799,4.483620999520099,-0.04801123508,7.919733357557098,11.77638227,11.89954760601998
0.0199007008,0.0158,932.6401509,895.8606762750505,36.779474624949444,-0.03100304246,7.681973528504895,9.561360662,9.967033228530596
0.019925584,0.0158,972.5620712,904.0899322805681,68.47213891943193,-0.01812732398,7.493728775235278,7.339949969,8.075315271871869
0.01994632,0.0158,1007.608498,911.0788888108746,96.5296091891255,-0.009630077328,7.352895765635234,5.341810587,6.376478932885026
0.0199636,0.0158,1037.265646,916.9716357615199,120.29401023848015,-0.00455656608,7.251484614351369,3.633439077,4.923368470233021
0.019978,0.0158,1062.071489,921.9177039846934,140.15378501530654,-0.00176698084,7.180422532368145,2.198561818,3.7081491117186873
0.01999,0.0158,1082.758729,926.0568162923271,156.70191270767282,-0.0005361649251,7.1317890512335875,0.9998453184,2.700196695193948
0.02,0.0158,1100.0,929.5143294617188,170.48567053828117,0.0,7.099239466157947,0.0,1.8653683249216142
0.01902574745,0.01583096701,734.2416458,757.7130332217766,23.471387421776626,-0.01390504647,5.7229105617119345,13.33064862,13.140504323595835
0.01877032519,0.01583836007,727.6631707,745.068345448444,17.405174748443983,0.06581333518,4.595795275052357,11.77202041,11.674935602262302
0.01806264824,0.01596067177,716.6498704,728.0296437081006,11.379773308100539,0.3519453929,2.475879464289945,7.434072382,6.961947951920718
0.01842426664,0.01596515154,721.556755,735.1515934460753,13.5948384460753,0.1907882908,3.4079679664112135,9.608685619,9.406873495197548
0.01768475928,0.01599726193,712.7356026,723.3412334183911,10.605630818391091,0.5546504441,1.9890448512541472,5.276397738,4.742347867999691
0.007435799149,0.01600000366,699.9996321,690.5438865785309,9.455745521469112,0.4403709625,2.247657517492792,-0.7260329263,-0.721458388174109
0.007935798688,0.01600000092,699.9995812,689.6665561843595,10.333025015640487,0.4586738233,2.2937989318663874,-0.7829229194,-0.23678372816540794
0.008435798687,0.01600000092,699.9995238,690.7899705472148,9.209553252785213,0.4794086646,2.036227519149036,-0.8416544154,-0.16747114904671445
0.008935798571,0.01600000023,699.9994593,692.8658864156994,7.133572884300634,0.5028683524,1.613256455419251,-0.9024303106,-0.3987646277047938
0.009435798571,0.01600000023,699.9993867,693.7378713086115,6.261515391388457,0.5294065708,1.3368105872059155,-0.9654584125,-0.9279000753378286
0.009935798542,0.01600000006,699.9993048,694.0140953134133,5.985209486586655,0.5594622332,1.3285708010074115,-1.030941721,-1.2931069632007146
0.01043579854,0.01600000006,699.9992124,695.2775904458744,4.7216219541256805,0.5935567143,1.4010767545401628,-1.099088758,-1.2844851832819009
0.01093579853,0.01600000001,699.9991079,696.8461132439403,3.152994656059718,0.6323670017,1.2944593356498297,-1.170087925,-1.2693643377290114
0.01143579853,0.01600000001,699.9989892,696.9869576565832,3.0120315434168106,0.6766799442,1.1315586930885015,-1.244084861,-1.0370220057895612
0.01193579853,0.016,699.998854,697.0399831199671,2.9588708800329186,0.7276177571,1.3738445041132614,-1.321187505,-0.8879509749701056
0.01927964892,0.016,744.3751424,778.8693936731821,34.49425127318216,-0.07574063273,7.174195836310809,14.60847905,14.412373527643954
0.01940804077,0.016,751.4516052,792.5219828680963,41.070377668096285,-0.09321909658,7.845901541207233,15.20137071,15.07889845783927
0.01951503397,0.016,759.7707884,806.8694872267107,47.09869882671069,-0.1020043469,8.35825380720487,15.59683511,15.591843612043458
0.01960419498,0.016,769.7788795,821.5513956440108,51.77251614401075,-0.1049225382,8.667617170071368,15.78943433,15.891525855148842
0.01967849581,0.016,782.4182115,836.1169678173878,53.69875631738785,-0.1017984815,8.756824830085671,15.75723306,15.90020353468153
0.01974041318,0.016,799.2827775,850.103412202555,50.820634702555026,-0.09438761417,8.654448783872075,15.43496217,15.53585426457887
0.01979201098,0.016,822.6205776,863.1220702894296,40.5014926894296,-0.0822689715,8.425803393976262,14.69526644,14.725917403947594
0.01983500915,0.016,854.2082463,874.9130528750492,20.704806575049133,-0.06550365743,8.144408100691711,13.39561975,13.449220238511735
0.01987084096,0.016,893.0623717,885.3520889870588,7.7102827129411935,-0.04704610285,7.866511419238707,11.53251869,11.794825563597112
0.0199007008,0.016,934.7689355,894.4272705668496,40.341664933150355,-0.03028863225,7.623205179763079,9.3435174,9.95984865710533
0.019925584,0.016,974.2908451,902.2076476496612,72.08319745033873,-0.01769227784,7.425054634660888,7.164550457,8.158102600019113
0.01994632,0.016,1008.888853,908.8112269485598,100.07762605144023,-0.009400974065,7.270539553791044,5.211843338,6.531320863315725
0.0199636,0.016,1038.139862,914.3767528578367,123.76310914216333,-0.004451063221,7.1531069816595405,3.544505893,5.133651049286866
0.019978,0.016,1062.600685,919.0470743531064,143.55361064689373,-0.001727313765,7.064982225307384,2.144629435,3.9620098529146466
0.01999,0.016,1082.999342,922.9543494074658,160.0449925925343,-0.0005245292105,6.999341603325029,0.9752914249,2.989986177686121
0.02,0.016,1100.0,926.2178972454512,173.78210275454876,0.0,6.9505068131763545,0.0,2.185698120141052
0.01243218225,0.01600389948,699.9987031,697.6060812488577,2.3926218511422803,0.7856333349,1.9935083580154263,-1.400824241,-1.1646172875841465
0.0129268917,0.0160078911,699.9985516,699.7331492689011,0.26540233109892597,0.8530262916,2.772275749971268,-1.482865897,-1.4795821909141598
0.00694269188,0.0160097332,699.9996773,691.5964969135463,8.403180386453755,0.4233946066,2.114751918034864,-0.6714490365,-1.6940616541359583
0.01342214234,0.01601496484,699.9986202,701.3802079805569,1.3815877805568562,0.9327586761,3.437504857965245,-1.566626393,-1.1985012798465515
0.006445306321,0.01601582923,699.9997176,690.5250818687439,9.474635731256171,0.408621289,2.223708686503037,-0.6179098444,-1.8721195768339713
0.01391671621,0.0160232448,700.0014928,700.814706447789,0.8132136477889844,1.027633255,3.5254630137539946,-1.651318777,-0.8200550097503738
0.01900771202,0.01603316938,734.2204167,758.8260787440197,24.60566204401971,-0.0166458122,5.856427029902354,13.11609608,12.980594651854723
0.01440673475,0.01603423181,700.0279974,701.6120213699862,1.5840239699862195,1.144940897,3.0311313753648816,-1.752258218,-1.1735465153792664
0.005951749847,0.01603519274,699.9997535,689.4235983793584,10.576155120641602,0.3943624276,1.9860668661832472,-0.5659404531,-1.4891601484387111
0.005456477631,0.01605443049,699.9997853,689.5509358557837,10.448849444216307,0.3817339242,2.039552588727034,-0.5149806799,-1.2242695307999485
0.0148932455,0.01606008719,700.1688337,704.7247019804678,4.555868280467735,1.282614555,2.52474896288933,-1.839683076,-1.6171996850593473
0.01873627568,0.01606707174,727.3850736,745.9537060264267,18.56863242642669,0.06664654002,4.689521975349074,11.48279283,11.444117270322153
0.004959796625,0.01607426974,699.9998134,689.1795667013365,10.820246698663482,0.3704923995,2.2799641434134648,-0.4649218536,-0.9408025888454068
0.01729082155,0.01607861098,709.3937255,719.9791040370936,10.585378537093675,0.785240766,1.8067491264361881,3.221526892,2.810129170046852
0.0153842074,0.01609523437,700.6366876,707.3962594178382,6.759571817838264,1.4048678,2.2590002391847515,-1.762037064,-1.4751793608003556
0.00446134486,0.01610044129,699.9998386,688.2908293892995,11.709009210700515,0.3598958128,2.3972717651224134,-0.4155363479,-0.6840203573033001
0.01587895061,0.01611350793,701.6963971,710.0010458171581,8.304648717158102,1.434805536,2.036873096332238,-1.323601872,-0.9096091332613012
0.01687090388,0.01611705136,706.375826,716.7595372652723,10.383711265272382,1.040222898,1.787770545588075,1.349927767,1.265013827128291
0.01637414432,0.01611782252,703.5647971,713.4650141565974,9.900217056597398,1.304289283,1.8751039492640487,-0.3284225594,0.007346067089082808
0.003963449927,0.01613363332,699.9998611,689.1463005015357,10.853560598464242,0.349808681,2.587196407406384,-0.366884308,-0.3793836431577251
0.003466824187,0.01615713825,699.9998808,690.2526760791272,9.747204720872787,0.3416954436,2.759919541518583,-0.3190409348,-0.19503112972901704
0.002971098256,0.01617740109,699.9998981,690.6288418664008,9.371056233599234,0.3347697002,2.6450068029086102,-0.2717936954,-0.02460644640973264
0.002475530341,0.01619342244,699.999913,691.1754909616919,8.824422038308057,0.3290972867,2.4659667307672297,-0.2250145389,0.150237248490531
0.01927964892,0.0162,744.9394283,781.6824637108527,36.74303541085271,-0.0768577826,7.46753777832967,14.46764584,14.32959061262412
0.01940804077,0.0162,752.1029814,795.3633912215944,43.26040982159441,-0.09399062946,8.105853953643276,15.04486904,14.9815330988107
0.01951503397,0.0162,760.515888,809.5954542304697,49.07956623046971,-0.1027268308,8.566566986674886,15.42678152,15.47291571248427
0.01960419498,0.0162,770.6546417,824.0127006758255,53.35805897582554,-0.1052247293,8.817495201926384,15.60706612,15.744383361008037
0.01967849581,0.0162,783.4911042,838.1839347440323,54.69283054403229,-0.1015939625,8.855500955453603,15.56229753,15.724756712368418
0.01974041318,0.0162,800.654043,851.6832106673396,51.02916766733961,-0.09385961554,8.718555292333058,15.2252513,15.34337571254386
0.01979201098,0.0162,824.3890521,864.1661612318131,39.77710913181318,-0.08146438203,8.472930528350014,14.4680773,14.54230629592395
0.01983500915,0.0162,856.3518456,875.4145873715431,19.062741771543074,-0.06452945277,8.186308142388569,13.15441089,13.312451535871947
0.01987084096,0.0162,895.3461658,885.3357899809871,10.010375819012893,-0.04615161509,7.90761316656924,11.29402718,11.740573517290024
0.0199007008,0.0162,936.8631595,893.93942198541,42.923737514590016,-0.02962941308,7.662502087656703,9.131408156,10.00340769569533
0.019925584,0.0162,975.9848416,901.3034704299691,74.68137117003084,-0.01729280295,7.459332700581876,6.994206313,8.291829186830181
0.01994632,0.0162,1010.141597,907.5473261307354,102.59427086926462,-0.009191578042,7.296397349569838,5.08571333,6.736350349707894
0.0199636,0.0162,1038.9949,912.8064641352476,126.18843586475236,-0.004355055631,7.1679899653238985,3.45818717,5.391420350326588
0.019978,0.0162,1063.118235,917.2176481386691,145.9005868613308,-0.001691390348,7.067502058828915,2.092264666,4.259045690615843
0.01999,0.0162,1083.234657,920.907046289025,162.32761071097502,-0.0005140696474,6.988977659943086,0.9514430451,3.3173990424003703
0.02,0.0162,1100.0,923.9873675258123,176.01263247418774,0.0,6.927439576834629,0.0,2.537912760905667
0.001982409262,0.01620859729,699.9999254,690.8183446588096,9.181580741190487,0.3244430859,2.4533120296384396,-0.1788913074,0.18029800137245555
0.001486839647,0.01621707673,699.9999352,690.0711915386074,9.92874366139256,0.3212359071,2.564399896980194,-0.1330927856,0.20368316352386007
0.0009961784478,0.01623185864,699.9999426,690.1924675984262,9.807475001573835,0.3182090754,2.5777279420527535,-0.08891363883,0.17611435658673535
0.0190054597,0.01623706599,734.6501776,761.3713129183734,26.7211353183734,-0.02157389607,6.168782261220039,12.99599832,12.912926698217898
0.0004991127552,0.01623848897,699.9999471,690.5529787034405,9.446968396559441,0.3170584005,2.454839201469671,-0.04880816054,-0.0343226819264979
0.0,0.01623999422,699.9999493,697.2774045129497,2.7225447870503103,0.3171844467,3.0187751669121967,-0.03050898657,0.09949069639032349
0.01870870499,0.01626874997,727.2424928,747.3683189567631,20.125826156763083,0.06461771753,4.877461294252444,11.25181309,11.263670374652264
0.01841621921,0.01628408786,721.958026,738.4964811994271,16.538455199427062,0.1712642118,3.7625494988624286,9.510400889,9.377065761620528
0.01780001166,0.01630374591,714.3355287,727.6984612684773,13.362932568477277,0.4584469073,2.4545129420329985,5.984961622,5.38639968237523
0.01813211949,0.01634843993,718.1435174,733.349181104073,15.205663704073004,0.29015317,3.049964180720014,7.851845401,7.449792708453056
0.01927964892,0.0164,745.4643941,784.958134382051,39.49374028205091,-0.07692588711,7.854564770504396,14.33334871,14.278982338516126
0.01940804077,0.0164,752.7398245,798.6849759303942,45.94515143039416,-0.09457222641,8.458866664122409,14.89313815,14.926819145167915
0.01951503397,0.0164,761.255221,812.8411757763093,51.585954776309336,-0.1033931163,8.86501801263823,15.26033062,15.403401600547134
0.01960419498,0.0164,771.5303768,827.057572171003,55.52719537100302,-0.1054855809,9.052603305344359,15.42804853,15.650173388078404
0.01967849581,0.0164,784.5688483,840.9236353905354,56.35478709053541,-0.1015628265,9.033645549566673,15.37071498,15.603442781922293
0.01974041318,0.0164,802.0345524,854.0469006415611,52.012348241561085,-0.09352758325,8.856715751228448,15.01890898,15.20368846164287
0.01979201098,0.0164,826.1663541,866.1191425032579,39.95278840325784,-0.08078782929,8.589932715692717,14.24440141,14.405914180156579
0.01983500915,0.0164,858.4928845,876.9530655888707,18.46018108887074,-0.06368232671,8.295952138180796,12.91737111,13.210845161401313
0.01987084096,0.0164,897.6088518,886.4794647481687,11.129387051831372,-0.04535772285,8.016611585178264,11.06064089,11.7031957991605
0.0199007008,0.0164,938.924076,894.7225975794997,44.20147842050028,-0.0290454861,7.772319625702479,8.924714332,10.043793695676754
0.019925584,0.0164,977.645605,901.7678847157098,75.87772028429026,-0.01694077258,7.568553253275443,6.828604666,8.404902337357317
0.01994632,0.0164,1011.36806,907.7357311862784,103.63232881372164,-0.009008366888,7.402709334093925,4.963166596,6.907125141135126
0.0199636,0.0164,1039.831705,912.758975083882,127.07272991611808,-0.004271610177,7.269421941678189,3.374302593,5.604411118568376
0.019978,0.0164,1063.624714,916.9701562031357,146.6545577968643,-0.001660364007,7.162644863914591,2.041355968,4.502407601700804
0.01999,0.0164,1083.464936,920.4908131061521,162.97412289384795,-0.0005051081466,7.077088532914959,0.9282486448,3.5832576059846337
0.02,0.0164,1100.0,923.4292876488105,176.5707123511895,0.0,7.008331092058865,0.0,2.821188467339062
0.01906179555,0.01642328363,736.8141725,767.8690083374184,31.05483583741841,-0.03613847481,6.821696810902182,13.21201273,13.162568489608852
0.01873994096,0.01649198233,728.3715083,751.8993829850765,23.52787468507654,0.04331820372,5.460952000824865,11.36123209,11.441747420902391
0.006935799159,0.01650000372,699.999704,690.8770258534365,9.12267814656343,0.3698390783,1.2943482686075585,-0.6646039463,-0.9139957819079312
0.007435799149,0.01650000366,699.9996604,690.3921602526103,9.607500147389715,0.3843240774,1.358538077350244,-0.7200707398,-0.2631889405084742
0.007935798689,0.01650000093,699.9996111,691.0187770921858,8.980834007814224,0.4007866174,1.879144012926668,-0.777375786,-0.08717429580179914
0.008435798687,0.01650000092,699.9995555,690.994507561915,9.005047938085,0.419454154,1.9247023253283386,-0.8367426273,-0.05804029967620483
0.008935798572,0.01650000023,699.9994929,691.8252318669826,8.174261033017387,0.4406115997,1.7466618565673997,-0.898409137,-0.14607630735771426
0.009435798571,0.01650000023,699.9994222,692.4891478961481,7.510274303851929,0.4646102496,1.4036660049631131,-0.9626331784,-0.7180823457046195
0.009935798542,0.01650000006,699.9993422,693.7255575646394,6.273784635360585,0.4918700623,1.1388474677375573,-1.029699526,-1.3265540558494209
0.01043579854,0.01650000006,699.9992515,695.1002104866785,4.899041013321494,0.5229081545,1.1313504423842426,-1.099918278,-1.4122525770455194
0.01093579853,0.01650000001,699.9991483,696.9548369213379,3.044311378662087,0.5583804198,1.2283466787378219,-1.17361971,-1.3448611793931224
0.01143579853,0.01650000001,699.9990304,698.0700898492349,1.9289405507651054,0.5991225287,1.2396616336692134,-1.25117366,-1.1397493146226134
0.01193579853,0.0165,699.9988948,697.985373199814,2.0135216001859817,0.6462741549,1.343849461009861,-1.332984329,-1.0635522567426072
0.01243579853,0.0165,699.9987404,697.4054101770323,2.5933302229676656,0.7014488306,1.6622717295116163,-1.419390994,-1.3126791832689308
0.01293579853,0.0165,699.9985872,698.7596595116757,1.2389276883242246,0.7667988031,2.292681319753532,-1.510798678,-1.5182750210121903
0.0134311353,0.01650457652,699.998752,701.1231227793708,1.1243707793707927,0.8444674367,3.0636740187503806,-1.606197782,-1.2789011060643922
0.006440746778,0.01650599707,699.9997426,691.1471407139421,8.852601886057869,0.3565892373,1.7183050523375012,-0.6112201189,-1.3296859052688292
0.01392514165,0.01651147509,700.0032784,699.8584344546643,0.14484394533565137,0.9392523258,3.1258854458026084,-1.709477404,-1.1221409362523351
0.005947723625,0.01651886649,699.9997769,690.3236710177265,9.676105882273532,0.3442595482,1.739366140228202,-0.5594009079,-1.1151417161783348
0.01441713489,0.01652691168,700.0475679,699.636643880096,0.4109240199039732,1.060921181,2.60997903445229,-1.841197395,-1.6290298086060293
0.005452075828,0.0165335636,699.9998072,690.0300741338322,9.969733066167805,0.3331687224,2.042495865347224,-0.5085773643,-0.7989837974048548
0.01491352074,0.01654082653,700.2775614,703.2106364764803,2.9330750764803497,1.207239487,2.319913570180433,-1.930615122,-1.9076687891728303
0.004956578591,0.01655391531,699.999834,688.8271693035907,11.172664696409242,0.3228805787,2.426954432169426,-0.4588561701,-0.6481813495977793
0.01695635923,0.01655658904,707.6752772,719.1450984533515,11.469821253351483,0.9067467198,2.392558357516023,1.947167933,1.5891889273652646
0.01541130095,0.01655912121,700.9829056,706.484923044674,5.502017444674038,1.327069277,2.281421898343276,-1.780253219,-1.5997281136388137
0.0164269367,0.01655955054,704.5393635,713.8430771195409,9.303713619540872,1.186343642,2.2942709667960406,0.0347889257,0.0990067234175731
0.015916456,0.01656797402,702.3860908,709.411895214087,7.02580441408702,1.340297947,2.239001229885771,-1.175071527,-0.9483887548650829
0.004459515725,0.01657438677,699.9998575,687.7719578094805,12.227899690519507,0.3137758564,2.6020724493806,-0.4100101634,-0.6010314963376153
0.01756432797,0.01658705028,712.5997225,727.0013267672008,14.40160426720081,0.5638614869,2.6969792370014494,4.81695397,4.1515021887348125
0.01842454203,0.01659020448,722.7335217,742.8911394902505,20.15761779025047,0.1472875012,4.355411487126493,9.518574399,9.49427254148939
0.01927964892,0.0166,746.0090314,788.5908916965195,42.581860296519494,-0.08004421466,8.293834922687498,14.20126512,14.262085944701507
0.01940804077,0.0166,753.3694406,802.3818196003613,49.01237900036131,-0.09649442423,8.857916663623005,14.74436981,14.913257604633614
0.01951503397,0.0166,761.988773,816.5149073124836,54.52613431248358,-0.104479222,9.204751269875795,15.09712644,15.380540129515179
0.01960419498,0.0166,772.4048836,830.6205754668075,58.21569186680756,-0.1059537448,9.325515853275439,15.2522272,15.606171565704823
0.01967849581,0.0166,785.6510492,844.3066098403593,58.65556064035934,-0.1018010709,9.246790145375492,15.18226354,15.533188735622566
0.01974041318,0.0166,803.4251468,857.206091885767,53.78094508576703,-0.09349882923,9.027203661114935,14.81564711,15.111134882534866
0.01979201098,0.0166,827.9541526,869.0337174052416,41.0795648052416,-0.08040632284,8.73665227853314,14.02392394,14.304571122288138
0.01983500915,0.0166,860.6334549,879.6205542406844,18.987099340684495,-0.06309575838,8.433106052005602,12.68416184,13.121538173025407
0.01987084096,0.0166,899.8531354,888.9111428165311,10.94199258346896,-0.0447570504,8.152293860692975,10.83196763,11.646337065595922
0.0199007008,0.0166,940.9549949,896.9375084126468,44.01748648735315,-0.02860158305,7.909536014738562,8.723002745,10.030513124254291
0.019925584,0.0166,979.2763972,903.7899398862387,75.48645731376132,-0.01667873559,7.707393997804745,6.667340196,8.43440556514297
0.01994632,0.0166,1012.57087,909.5893792032966,102.98149079670338,-0.008877088946,7.542216480876855,4.843880194,6.971642121800428
0.0199636,0.0166,1040.652123,914.4677695623129,126.18435343768715,-0.004214497919,7.40822103606664,3.292623794,5.694841983391641
0.019978,0.0166,1064.12125,918.5552166457223,145.56603335427758,-0.001640284744,7.299687710697126,1.991762378,4.61138978311785
0.01999,0.0166,1083.690693,921.9710396780612,161.71965332193884,-0.0005001240667,7.211604604485821,0.9056431244,3.7056365711793022
0.02,0.0166,1100.0,924.8210748114932,175.1789251885068,0.0,7.139896945319395,0.0,2.9535661082048064
0.003961532354,0.01660160785,699.9998784,690.4761371228391,9.523741277160866,0.3050828037,2.8627120891406967,-0.3618847448,-0.32555378603963003
0.01905609465,0.01661837122,737.0691379,770.8747311950256,33.805593295025574,-0.04014274776,7.247756926745138,13.07599865,13.11168807264384
0.003462444627,0.01663382445,699.9998969,692.2852074775705,7.714689422429501,0.29686501,2.919064729713112,-0.3143216989,-0.10657587494345311
0.002964205527,0.01665394691,699.9999129,691.2682974545364,8.731615445463603,0.2905815889,2.4514724817508213,-0.2674880927,0.025010345073234852
0.01805213901,0.01665587531,717.7824655,735.521793272122,17.73932777212201,0.3077108071,3.377292637673901,7.424352927,6.995259708662149
0.01883288141,0.01665948093,730.7906847,758.8115456624712,28.020860962471147,0.01020274458,6.283361798703197,11.82752824,11.958764420664554
0.002467155834,0.01667409603,699.9999269,690.6507488760257,9.349178023974332,0.2849837547,2.0778151847895057,-0.2211650315,0.1836475650774787
0.001972339616,0.01669168669,699.9999387,690.3119300060321,9.688008693967959,0.2803788653,2.1049780183149878,-0.1754272484,0.2756186113672161
0.001479599162,0.01670662871,699.9999483,689.9203243111035,10.079623988896515,0.2767890493,2.3194901270817736,-0.1303795458,0.3120063179141841
0.0009877280644,0.01672004418,699.9999555,689.9096810362748,10.090274463725223,0.274016161,2.4517501493564993,-0.08660678853,0.2040053218248703
0.0004944254777,0.01673139124,699.99996,689.5837247786862,10.416235221313741,0.2725353278,2.424969108788826,-0.04719410577,-0.09975023788095605
0.0,0.01673999422,699.9999625,693.6669479615471,6.3330145384529715,0.2723591317,2.5129203228874335,-0.02919738733,0.25791902836377556
0.01927964892,0.0168,746.5733413,792.3287573158821,45.75541601588202,-0.08387360593,8.729044186137555,14.06859134,14.269676523848595
0.01940804077,0.0168,754.0016929,806.2061439298229,52.20445102982296,-0.09894727741,9.243034691008694,14.59710118,14.925737928952199
0.01951503397,0.0168,762.7210693,820.385515569143,57.66444626914301,-0.1059264998,9.525728080349792,14.93643951,15.386491967350281
0.01960419498,0.0168,773.2796814,834.4938922698639,61.214210869863905,-0.1067423612,9.578110074161007,15.0792535,15.593600036753077
0.01967849581,0.0168,786.7383925,848.1474718143418,61.40907931434174,-0.1023581618,9.439505347096532,14.99689269,15.494426766528427
0.01974041318,0.0168,804.8268085,860.9897999511965,56.16299145119649,-0.09373869598,9.176790141983988,14.61536198,15.044248052449806
0.01979201098,0.0168,829.7540865,872.7448793821529,42.99079288215296,-0.08025859706,8.860859940243197,13.80630096,14.213575377156253
0.01983500915,0.0168,862.7759035,883.2507461918253,20.4748426918253,-0.06274139808,8.54587380836171,12.45433316,13.015705493537414
0.01987084096,0.0168,902.0821732,892.4574891485902,9.624684051409872,-0.04433079324,8.261944798175344,10.60748762,11.537120988426086
0.0199007008,0.0168,942.9596112,900.4021091439761,42.557502056023964,-0.02828286806,8.020165730530946,8.525709222,9.926928197661017
0.019925584,0.0168,980.8806985,907.1771501685337,73.70354833146632,-0.01649966229,7.820231171062272,6.509871855,8.340728109587609
0.01994632,0.0168,1013.752759,912.9061672792701,100.84659172072986,-0.008794987802,7.657143102867111,4.727398762,6.888066314889067
0.0199636,0.0168,1041.458044,917.7211752662128,123.73686873378722,-0.004179959063,7.524674829888126,3.212808452,5.61987177493192
0.019978,0.0168,1064.608987,921.753067318678,142.85591968132212,-0.001631703327,7.416932857194797,1.943259572,4.543083397048886
0.01999,0.0168,1083.912448,925.1202081074059,158.79223989259413,-0.0005035452465,7.329051059997608,0.8835182646,3.6425082546060255
0.02,0.0168,1100.0,927.9279565076622,172.0720434923378,0.0,7.257114325056498,0.0,2.894564065760906
0.01905391492,0.01682862859,737.5055016,774.4796513344097,36.97414973440971,-0.04649386111,7.740325375838194,12.95117648,13.103588512802006
0.01851051058,0.01686088036,724.7399804,749.2823067056294,24.54232630562933,0.1039833944,5.306055126997215,9.953287422,10.15401596589632
0.01879283153,0.01690541565,730.4084264,761.0033324299031,30.594906029903086,0.01395388042,6.70706868158803,11.50627972,11.787886656264398
0.01798625404,0.01698337284,717.5700077,737.493352546827,19.923344846827035,0.3023299618,3.734581429280479,7.089630698,6.715098199138521
0.01699102388,0.01698918049,708.6014788,720.6043129098196,12.00283410981956,0.8085300262,2.9013911866116873,2.279637271,1.9149762901497596
0.006935799169,0.01700000378,699.9997282,690.1625662007574,9.837161999242653,0.3153638691,1.237579126626626,-0.6575917012,-0.44096736513711665
0.007435799149,0.01700000366,699.9996861,689.2538548505329,10.745831249467074,0.328049374,0.962077328272597,-0.7131441596,-0.02710868965182467
0.007935798692,0.01700000094,699.9996387,689.2405626889196,10.759076011080424,0.3424761096,1.1080263635072638,-0.7706877027,-0.12984776682463917
0.008435798687,0.01700000092,699.9995851,690.8115195991661,9.188065500833886,0.3588483387,1.6513524509183164,-0.8304803448,-0.016274461857580746
0.008935798572,0.01700000024,699.9995245,691.6108390843356,8.38868541566444,0.3774395736,1.7900474199546372,-0.8928005421,0.0010500053159168132
0.009435798571,0.01700000023,699.9994559,691.8432252060427,8.156230693957355,0.3985690356,1.4088445058090138,-0.9579638363,-0.5850324384299173
0.009935798543,0.01700000006,699.999378,692.8175144020723,7.181863597927645,0.4226221117,1.0115646372946154,-1.026323065,-1.2780655539412242
0.01043579854,0.01700000006,699.9992894,693.2796377587018,6.719651641298128,0.4500748466,0.8377238910695615,-1.098282238,-1.5238488009324067
0.01093579854,0.01700000001,699.9991881,694.9182486692605,5.080939430739477,0.4815217302,0.9992084288419303,-1.174311277,-1.448525542279798
0.01143579853,0.01700000001,699.9990717,697.2375041642647,2.761567535735253,0.5177313636,1.282686229169069,-1.254981207,-1.1685729207869597
0.01193579853,0.017,699.9989369,698.1005639791815,1.898372920818474,0.5597451738,1.3817441474948098,-1.340991126,-1.1056402528622424
0.01243579853,0.017,699.9987821,697.9320852341361,2.0666968658638325,0.6090330752,1.4291628328545247,-1.433231183,-1.3854075230038143
0.01293579853,0.017,699.9986288,698.457686418219,1.540942381780951,0.6678166032,1.7973570196741189,-1.532970494,-1.5032424380075229
0.01343579853,0.017,699.9988647,700.9790567476655,0.9801920476654686,0.7398900506,2.551564711907713,-1.64151661,-1.3047649747783634
0.01927964892,0.017,747.1337276,795.8337714685618,48.70004386856181,-0.08662203415,9.106429170705102,13.93871086,14.282624639672754
0.01940804077,0.017,754.6379154,809.7906604818113,55.152745081811304,-0.1012954243,9.559360569087577,14.45213957,14.936783986862174
0.01951503397,0.017,763.4553931,824.0623613370776,60.60696823707758,-0.1077272051,9.773872677854364,14.7781793,15.388764727966997
0.01960419498,0.017,774.1573402,838.2656803447621,64.10834014476211,-0.1079527031,9.758337175316662,14.90900101,15.577752496219826
0.01967849581,0.017,787.8325737,852.0091430610833,64.17656936108324,-0.103220424,9.561616618383713,14.81453859,15.452146063845174
0.01974041318,0.017,806.2404891,864.9296014261645,58.68911232616449,-0.09409761074,9.256522394954517,14.41796794,14.969238125843383
0.01979201098,0.017,831.5665208,876.7465120792758,45.17999127927578,-0.08016534843,8.914491438279963,13.59138033,14.102063002690176
0.01983500915,0.017,864.9203561,887.2964673424144,22.376111242414368,-0.06244204045,8.586107844424498,12.22764243,12.867520030285117
0.01987084096,0.017,904.2963667,896.5302838312265,7.7660828687735375,-0.04394897525,8.297166933955639,10.38687084,11.35671822403031
0.0199007008,0.017,944.9387902,904.4876709836378,40.451119216362144,-0.02799609134,8.05485335617031,8.332466223,9.722320900457841
0.019925584,0.017,982.4594957,911.2651461203759,71.19434957962415,-0.01633398311,7.856550093884996,6.35587256,8.120714584592296
0.01994632,0.017,1014.914515,916.9890325044573,97.92548249554272,-0.008713319448,7.695773608507108,4.613480438,6.660004716538382
0.0199636,0.017,1042.250001,921.7946620003514,120.45533899964869,-0.004153918655,7.565478084542556,3.134700579,5.38853269395726
0.019978,0.017,1065.088243,925.8142641726894,139.27397882731054,-0.001620738874,7.4596520183284065,1.895761664,4.311408918390982
0.01999,0.017,1084.130345,929.168375302098,154.96196969790208,-0.0005500418968,7.373297392962448,0.861840078,3.4118605635924366
0.02,0.017,1100.0,931.9630224515001,168.03697754849986,0.0,7.302526861965187,0.0,2.6655860079511813
0.006439075083,0.01700381859,699.9997653,689.9567405384321,10.043024761567949,0.3038878931,1.2373222840913736,-0.6040952527,-0.8079777510686714
0.01393254827,0.01700385174,700.0050188,700.07189654736,0.06687774735996754,0.8289441481,2.6583695564318797,-1.766219197,-1.480582499794009
0.005940538575,0.01700450337,699.9997981,689.4020015997173,10.597796500282698,0.2940903604,1.0849105353345438,-0.5520078759,-0.7021568399204394
0.01750226975,0.0170048233,712.6369827,728.7488641978388,16.111881497838795,0.533534441,3.211684735957209,4.61191797,4.06702757487406
0.01442750334,0.01701503346,700.069638,698.3030487032198,1.7665892967802392,0.9453065776,2.269072631580733,-1.927975605,-2.018313248581391
0.005446996078,0.0170178988,699.999827,689.4010231820762,10.598803817923795,0.2843522949,1.4558119813095016,-0.5016388109,-0.3871742840807819
0.0149279399,0.01702003686,700.4071033,701.4779065616074,1.0708032616073524,1.08480303,2.2225494242493307,-2.017579114,-2.094060167465465
0.01906044846,0.01702373076,738.175901,778.2165146722862,40.04061367228621,-0.05055456822,8.19992773844709,12.88216481,13.157775833240397
0.01645787661,0.01702949026,705.4978343,713.7305590908031,8.232724790803104,1.061692059,2.5618245299375273,0.3359822819,0.20144570792643357
0.01543079969,0.01703295034,701.402885,705.2376791905948,3.8347941905948346,1.197897446,2.295117852993359,-1.793774001,-1.7726550402001902
0.004952430756,0.01703316619,699.9998524,688.9721660252474,11.027686374752648,0.275613596,1.9290964151881977,-0.4523795024,-0.3142723613343952
0.01593985231,0.01703751642,703.1483521,708.810908143942,5.662556043942004,1.209864085,2.3516509775094647,-1.033620427,-1.0402112258653142
0.00445588981,0.01705268162,699.9998747,688.6676395003855,11.332235199614502,0.2675319093,2.303288222290444,-0.4039712228,-0.34107769722939985
0.01881977627,0.01706713906,731.4084382,764.8166077991727,33.408169599172766,0.004641791267,7.206759304766734,11.59191209,11.974257439962447
0.003957833532,0.01707615918,699.9998942,691.3317752819897,8.668118918010236,0.2600527425,2.443204928791749,-0.3563525115,-0.1764445081159458
0.003458548783,0.01710102198,699.9999112,692.2631334210312,7.736777778968872,0.2533201803,2.139839186207901,-0.3094426234,-0.0977290255266734
0.00295687286,0.01712774773,699.9999261,690.3871249813349,9.612801118665175,0.2471390199,1.6027536782344685,-0.262936664,-0.078373048701601
0.002460171287,0.01714687507,699.9999389,689.3875639735484,10.612374926451594,0.2422471829,1.4246299091918262,-0.2173983401,0.11135465391382304
0.001963586609,0.0171699874,699.99995,689.7133531842227,10.28659681577733,0.2375315356,1.6878032658537379,-0.1721649313,0.31260650324209305
0.001470569801,0.01719029829,699.9999591,690.2471158032639,9.752843296736046,0.233696429,2.0650147081677357,-0.1276522002,0.3603227078533475
0.01927964892,0.0172,747.7229517,798.8345187145057,51.111567014505795,-0.09105016421,9.396328034413552,13.81132454,14.283121852027737
0.01940804077,0.0172,755.2824253,812.7897253266892,57.50730002668922,-0.104532169,9.778558318700185,14.30959665,14.921370403857683
0.01951503397,0.0172,764.1950139,827.1203460150317,62.925332115031665,-0.1099372125,9.922133295906303,14.62246344,15.357035812923677
0.01960419498,0.0172,775.0406455,841.4315057378521,66.39086023785217,-0.1095362158,9.840450428005882,14.74138737,15.526036527131648
0.01967849581,0.0172,788.9358056,855.3088565560257,66.37305095602574,-0.104328473,9.588092224585141,14.63468066,15.374817774305459
0.01974041318,0.0172,807.6676822,868.3673195362057,60.6996373362058,-0.09458220369,9.241445043966186,14.22294633,14.85926299075884
0.01979201098,0.0172,833.3919535,880.3094915112354,46.917538011235365,-0.08017183608,8.87175839376607,13.37895774,13.951738643685971
0.01983500915,0.0172,867.0665042,890.9626221078306,23.896117907830558,-0.06219756471,8.527041003006577,12.00395726,12.67126089910127
0.01987084096,0.0172,906.4954447,900.2752250806041,6.220219619395948,-0.04361906622,8.229610405494103,10.1699642,11.115050953871211
0.0199007008,0.0172,946.8928336,908.2887280643149,38.60410553568511,-0.02774954786,7.983777390806802,8.143101391,9.443337695952973
0.019925584,0.0172,984.0134414,915.1029535222101,68.91048787778993,-0.01618906353,7.784731367676299,6.205198528,7.8168825306780105
0.01994632,0.0172,1016.056772,920.848866235141,95.20790576485899,-0.008642939017,7.62459351779147,4.502036118,6.343209836375233
0.0199636,0.0172,1043.028464,925.6661651511947,117.36229884880527,-0.004127071398,7.495672448475026,3.058256809,5.06742765935594
0.019978,0.0172,1065.559311,929.6902059986855,135.86910500131444,-0.001610601784,7.391359670711823,1.849251493,3.9911865092718815
0.01999,0.0172,1084.344518,933.0444841750084,151.30003382499171,-0.0005443900149,7.306476683655961,0.840599703,3.0950774517690514
0.02,0.0172,1100.0,935.8365540291607,164.16344597083935,0.0,7.237025073785671,0.0,2.3532248497937163
0.000981266748,0.01720887746,699.9999661,690.456330131566,9.543635968434046,0.2305748903,2.291313806795566,-0.08453280779,0.17242792415599872
0.01906989733,0.01722203776,738.9944648,781.8493197144444,42.854854914444445,-0.05708623012,8.606592772033416,12.83063286,13.233814018533604
0.0004892255466,0.01722274888,699.9999708,689.859185140451,10.14078565954901,0.2289085163,2.277930228201871,-0.04548149589,-0.20360877837371927
0.01890161251,0.01722698109,733.7511058,771.437142359878,37.68603655987795,-0.0203399023,7.898116934455041,11.96676534,12.426901621221404
0.0,0.01723999422,699.9999735,690.6566193818728,9.343354118127195,0.2283508221,2.255807061719451,-0.0277606954,0.24197587006995125
0.01851902715,0.01724342016,725.5576509,754.3754836007338,28.81783270073379,0.08463747075,6.108153539520178,9.909204088,10.396848301691946
0.01805129915,0.0172869975,718.74688,740.9380985591935,22.19121855919343,0.2394983096,4.160808145686842,7.420578595,7.267189264521613
0.01879530036,0.01739516784,731.5181084,768.0512326571305,36.53312425713057,-0.0005283712239,7.707220455551196,11.33969528,11.97166693417213
0.01927964892,0.0174,748.3624296,801.2804196344329,52.91799003443282,-0.09861057634,9.603697144024263,13.68201116,14.269308763231003
0.01940804077,0.0174,755.9448891,815.0898539500002,59.14496485000029,-0.1098616399,9.910464314777672,14.16743575,14.877256782256353
0.01951503397,0.0174,764.945813,829.3546700860109,64.40885708601081,-0.1131787071,9.982616242113183,14.46849827,15.286762643071835
0.01960419498,0.0174,775.9337535,843.6778452547422,67.74409175474227,-0.1117006469,9.836979582934903,14.57589599,15.431904519452942
0.01967849581,0.0174,790.0513492,857.6196045903205,67.56825539032047,-0.105788158,9.530594205139304,14.45676875,15.25633560061479
0.01974041318,0.0174,809.1110193,870.7650870809549,61.65406778095496,-0.09534091431,9.14113067972475,14.02976426,14.712888380787565
0.01979201098,0.0174,835.2321481,882.7943978856634,47.562249785663425,-0.08038550556,8.73937342106879,13.16860296,13.771487396664643
0.01983500915,0.0174,869.2152872,893.521052988418,24.305765788417943,-0.06207600308,8.371685977629557,11.78293278,12.452131470630647
0.01987084096,0.0174,908.6802507,902.8881013233475,5.792149376652446,-0.04338165923,8.058338084621573,9.956449039,10.85825254086193
0.0199007008,0.0174,948.8229289,910.9366364313822,37.88629246861774,-0.02756198725,7.801689916693102,7.957287257,9.158304093767494
0.019925584,0.0174,985.5438099,917.770024556738,67.77378534326203,-0.01608240093,7.59555642792766,6.057534228,7.517226766337093
0.01994632,0.0174,1017.180568,923.5231441508308,93.65742384916916,-0.008596959154,7.430906479450558,4.392795217,6.041382813348057
0.0199636,0.0174,1043.794155,928.3391782831045,115.45497671689554,-0.004102039196,7.299194850697047,2.983269496,4.771915821654043
0.019978,0.0174,1066.022626,932.3572054416786,133.66542055832133,-0.001605211202,7.193243834060342,1.803591048,3.7063250190554333
0.01999,0.0174,1084.555164,935.7025108123164,148.8526531876837,-0.0004940689595,7.107472310666309,0.8197328779,2.822400606334642
0.02,0.0174,1100.0,938.4844623962279,161.51553760377215,0.0,7.037548665866366,0.0,2.0925781896819586
0.01903562506,0.01742955738,738.4652855,782.2497311681437,43.78444566814369,-0.05897942558,8.776400396285993,12.55352987,13.107254350638158
0.01750469305,0.01747567994,713.4208013,729.4469174571442,16.0261161571442,0.4500765283,3.2481772010334824,4.735779182,4.326891640391582
0.01697465297,0.01749729953,709.3644395,719.9805477997105,10.616108299710504,0.697385349,2.823005621528697,2.40405814,2.1714643131977924
0.005935801153,0.01750001556,699.9998171,687.9555423683521,12.044274731647874,0.2432816357,0.5966459341295021,-0.5440757494,-0.5851118747233173
0.006435800999,0.01750001465,699.9997856,688.0538136816804,11.945971918319628,0.2515418792,0.8244791462787056,-0.5959973142,-0.731843948014891
0.006935799188,0.01750000389,699.99975,688.5743080029531,11.425441997046846,0.2609862143,1.3085093164971529,-0.6495607557,-0.4941764423327166
0.007435799149,0.01750000366,699.9997096,688.7574630126165,11.24224658738342,0.2717315466,1.3071209784687612,-0.7050004171,-0.10165082475266907
0.007935798696,0.01750000097,699.999664,688.7767211354567,11.22294286454337,0.2839542743,1.229804433667633,-0.76256834,-0.059954125930151037
0.008435798687,0.01750000092,699.9996124,690.3949523224645,9.604660077535527,0.2978438585,1.6024829523189321,-0.8225417682,-0.1430694965482875
0.008935798574,0.01750000024,699.999554,692.4425179431993,7.557036056800712,0.3136354226,1.875027590672487,-0.8852390151,-0.12565088265668578
0.009435798571,0.01750000023,699.9994877,692.6562664020338,7.343221297966238,0.3316078265,1.5416459799148121,-0.9510188,-0.5348625349780933
0.009935798543,0.01750000006,699.9994123,692.00733686747,7.992075432529987,0.3520930251,1.0829807454750795,-1.020292266,-1.1362835385624317
0.01043579854,0.01750000006,699.9993262,691.4155612414593,8.583764958540769,0.3755003039,0.6995356654136036,-1.093540758,-1.5506394264027081
0.01093579854,0.01750000002,699.9992274,692.2375513792906,7.761676020709388,0.4023224639,0.744066607674264,-1.171340362,-1.5599981985991747
0.01143579854,0.01750000001,699.9991134,693.9540777434715,6.045035656528512,0.4331843704,1.155597766050102,-1.254418404,-1.217030530803279
0.01193579853,0.0175,699.9989809,695.4252360543157,4.573744845684246,0.4688926754,1.3417600122771316,-1.343723811,-1.1083234343281898
0.01243579853,0.0175,699.9988273,696.596258787761,3.402568512238986,0.5105188102,1.1652675404178496,-1.440626202,-1.422220360824718
0.01293579853,0.0175,699.9986728,697.3850543173264,2.613618482673587,0.5598101165,1.3073639376237298,-1.547081722,-1.5441712526605098
0.01343579853,0.0175,699.9989163,699.316593924122,0.6823223758780159,0.6193433402,2.003858418017085,-1.666210283,-1.3901383955885107
0.01393579853,0.0175,700.0058191,700.7041213904887,0.6983022904886411,0.6942586116,2.4413098473829944,-1.809584128,-1.6575680325311248
0.0164685554,0.01750166369,706.4052188,712.8958017959463,6.490582995946397,0.9129827987,2.4260381290706867,0.5450054297,0.381882306299028
0.005440851299,0.01750529701,699.9998446,689.1187854883577,10.88105911164223,0.2356257642,0.9375801037616271,-0.4940310259,-0.25539682854294643
0.01443348079,0.01750573866,700.085026,698.6189582821024,1.4660677178975448,0.7891920477,2.13604208170025,-1.99555456,-2.0643524647764284
0.01493616282,0.01750632184,700.5268466,700.5000139249967,0.02683267500333386,0.9028192023,2.043002608727587,-2.093244185,-2.1144061558730938
0.01544136164,0.01751363736,701.8349088,703.7872824248199,1.9523736248198702,1.007652467,2.093197970144085,-1.813319019,-1.8638876231698043
0.01595192491,0.0175165181,703.9335536,707.4657032065185,3.5321496065184874,1.030978073,2.1812949597356734,-0.9243571151,-1.0741805385910004
0.004946477613,0.01751758119,699.9998689,689.2350024130561,10.764866486943902,0.2282695441,1.4518274511680176,-0.4452244719,-0.1060477706965921
0.004450387387,0.01752871626,699.9998899,689.0184857482124,10.981404151787615,0.2219458761,1.966706492377326,-0.3974215427,-0.09052238846435134
0.003953538138,0.01754946718,699.9999083,690.8536154215825,9.146292878417512,0.2155737503,1.9468393751910427,-0.3504521741,-0.06969978229632456
0.003455030641,0.01757120552,699.9999241,691.6141561587776,8.385767941222412,0.2099183915,1.5639149218902135,-0.3042282676,-0.08796718769332657
0.002954632016,0.0175922835,699.9999376,690.5863880863108,9.41354951368919,0.2050079704,1.2374541762040707,-0.2585917313,0.0294837852256169
0.01927964892,0.0176,748.9999548,803.3638406821409,54.36388588214095,-0.105345172,9.76347402602171,13.55139734,14.255011701461516
0.01940804077,0.0176,756.6210082,816.903064681823,60.28205648182302,-0.1152980029,9.9999079922568,14.02481265,14.826680871082708
0.01951503397,0.0176,765.7104264,830.9409475846878,65.23052118468786,-0.117018586,10.005114259863268,14.31532568,15.20260724542715
0.01960419498,0.0176,776.8405466,845.0978872097951,68.25734060979505,-0.1143394823,9.799320913914782,14.41180787,15.318663670084185
0.01967849581,0.0176,791.1829819,858.9234773483646,67.74049544836464,-0.1075564624,9.439873256674055,14.28033934,15.118456260909877
0.01974041318,0.0176,810.5737854,871.9856034287379,61.41181802873791,-0.09635353181,9.003942057449233,13.83802144,14.553652446497882
0.01979201098,0.0176,837.0895408,883.9485966084491,46.85905580844906,-0.08077840391,8.56161756160367,12.9599052,13.592998458522814
0.01983500915,0.0176,871.3683388,894.6159858523765,23.24764705237658,-0.06206247666,8.158923174778545,11.56422834,12.257431644465385
0.01987084096,0.0176,910.852247,903.9261069852796,6.926140014720431,-0.04321916171,7.8159550899348265,9.746027298,10.654193942500203
0.0199007008,0.0176,950.7307023,911.9185143300924,38.81218796990754,-0.0274200253,7.534955472988367,7.774760523,8.955563549459214
0.019925584,0.0176,987.0521405,918.6970394760064,68.3551010239936,-0.01600356854,7.309225592952176,5.912680175,7.3267561872741345
0.01994632,0.0176,1018.287104,924.3977302028379,93.88937379716208,-0.008563529062,7.129213684190922,4.285634742,5.871064045086638
0.0199636,0.0176,1044.547901,929.1652491384151,115.3826518615848,-0.004091041518,6.985617881914378,2.909677696,4.625611821721347
0.019978,0.0176,1066.47869,933.1391281839107,133.33956181608926,-0.001601580734,6.870517717670573,1.758759986,3.584733061582411
0.01999,0.0176,1084.762512,936.4452252573658,148.31728674263422,-0.0004913344187,6.77772814554302,0.7992397321,2.724304139198302
0.02,0.0176,1100.0,939.1930754069048,160.80692459309523,0.0,6.70245939933377,0.0,2.015747112497225
0.01842902265,0.01761031135,724.5154538,754.0341948227922,29.518741022792142,0.08031733605,5.959872096397813,9.344656766,9.923460950558365
0.002455447307,0.01761841476,699.9999494,690.4065024233996,9.593446976600376,0.2001720188,1.2672548519834965,-0.2135764069,0.34428834492636007
0.01811065153,0.01762202764,719.8969866,743.3917910244828,23.494804424482822,0.1825769548,4.363193121775628,7.688734216,7.675132878233565
0.01871900109,0.01762696289,730.2014341,766.8036427773002,36.602208677300155,0.003971950367,7.60711434201402,10.85850208,11.650931131230873
0.01900032101,0.01763029099,737.8452792,782.3398291145912,44.494549914591175,-0.06053938823,8.87963027038705,12.27988382,12.981330173089908
0.001960349322,0.01764469952,699.9999594,691.3396980784989,8.660261321501025,0.1957592747,1.6064397156998482,-0.1692935084,0.499074375743187
0.001465963256,0.01766901321,699.9999679,692.1880577649529,7.811910135047128,0.1919102267,1.96345778139089,-0.1253796202,0.3918618584179896
0.0009745356383,0.01768933277,699.9999746,692.2692664291724,7.730708170827597,0.1887386581,2.165495672972577,-0.08257025794,0.12423804386928694
0.0004855700617,0.01771438169,699.9999794,691.9560534647643,8.043925935235734,0.1860719315,2.146072823955379,-0.04391023193,-0.14079820697404255
0.01781962374,0.01771772006,716.677498,735.6350868758193,18.957588875819283,0.2828611388,3.4741778069852094,6.244271308,5.858633736212048
0.0,0.01773999422,699.9999824,690.6780252507547,9.32195714924535,0.1851699148,2.3616817197645945,-0.02628875115,0.3819161402758464
0.01927964892,0.0178,749.579273,805.3747037094082,55.795430709408265,-0.1098835426,9.927214613090216,13.42401864,14.248600898375663
0.01940804077,0.0178,757.2900111,818.6354366390224,61.34542553902236,-0.1192522139,10.113911369458176,13.8836912,14.792667427082911
0.01951503397,0.0178,766.4824756,832.3447024655914,65.86222686559131,-0.1205905044,10.066284433394202,14.16322216,15.136110241596736
0.01960419498,0.0178,777.7609083,846.1652454009632,68.40433710096318,-0.1170952679,9.80924058912764,14.24889972,15.220811395997924
0.01967849581,0.0178,792.3329457,859.6664781595529,67.33353245955288,-0.1094676942,9.39989606314652,14.10510421,14.995231446294746
0.01974041318,0.0178,812.058636,872.4264402357102,60.367804235710196,-0.09748850528,8.913991636589742,13.64741655,14.414549199457625
0.01979201098,0.0178,838.9660558,884.1144503305547,45.1483945305547,-0.0812555082,8.421437070876971,12.75253576,13.450183771329822
0.01983500915,0.0178,873.5266066,894.5367817511292,21.010175151129147,-0.06210518135,7.969324791931246,11.34753689,12.125093721746339
0.01987084096,0.0178,913.0119988,903.6316510029686,9.38034779703139,-0.04308941952,7.579812674685699,9.538412188,10.546766652974334
0.0199007008,0.0178,952.6167828,911.4375146721412,41.17926812785879,-0.02729010146,7.256961607873374,7.595249515,8.884169445244954
0.019925584,0.0178,988.5390433,918.0558418271926,70.48320147280742,-0.0159248137,6.995093288958151,5.770399464,7.296983758716402
0.01994632,0.0178,1019.376833,923.6205563657425,95.75627663425757,-0.00852588467,6.784767019346965,4.180366704,5.883382554733481
0.0199636,0.0178,1045.289998,928.2731231604012,117.01687483959881,-0.004076017751,6.616250549460793,2.837342194,4.677529323627966
0.019978,0.0178,1066.927678,932.1508547747653,134.7768232252347,-0.001596706786,6.480963950284174,1.714664327,3.6723674746695094
0.01999,0.0178,1084.96664,935.3761488693644,149.59049113063566,-0.0004896106763,6.371889173083588,0.7790685882,2.843542428718739
0.02,0.0178,1100.0,938.056416610126,161.943583389874,0.0,6.283535340956746,0.0,2.162585100846665
0.01899623693,0.01783235214,738.1493941,784.1676206556523,46.01822655565229,-0.06919780977,9.054317902809423,12.16415973,12.96501778313602
0.01871089368,0.01787485234,730.4824395,768.1106774947946,37.62823799479452,-0.01369586458,7.660787490191639,10.73179418,11.550803154442956
0.01843452374,0.01793703723,725.1940532,754.9113343062044,29.717281106204382,0.04565301768,5.850408584549277,9.301702577,9.757899533646107
0.005435808398,0.0180000586,699.99986,689.3216281700696,10.678231829930382,0.1867407934,0.7935886251469925,-0.485871984,-0.28411746173436736
0.005935801307,0.01800001648,699.9998336,687.2841330918857,12.71570050811431,0.1925824164,0.4933188763664572,-0.5358373899,-0.6297903766332666
0.006435800999,0.01800001465,699.9998035,686.9838304675725,13.015973032427496,0.1992778747,0.6729837006206142,-0.5873018948,-0.8324117665014468
0.006935799226,0.01800000412,699.9997693,688.618074294513,11.381695005487018,0.2069207976,1.198726486902087,-0.6404818369,-0.6795542723632693
0.007435799149,0.01800000366,699.9997307,689.1714768579129,10.828253842087065,0.2156213185,1.3284944424158498,-0.695620302,-0.36344784007625197
0.007935798706,0.01800000103,699.999687,689.1092638142396,10.890423185760369,0.2255188158,1.4096011500344872,-0.7529884607,-0.03380487497692908
0.008435798687,0.01800000092,699.9996374,690.1652628152319,9.834374584768057,0.2367747664,1.7227060838875026,-0.8128891055,-0.06017036917329488
0.008935798576,0.01800000026,699.9995813,692.257811783617,7.741769516383101,0.2495810029,1.9620277932216468,-0.8756661154,-0.24250019920524934
0.009435798571,0.01800000023,699.9995174,692.8291599583871,7.17035744161285,0.2641664397,1.6634934669766008,-0.9417120118,-0.4756736701404565
0.009935798544,0.01800000006,699.9994447,691.0596797223569,8.939764977643108,0.2807983352,1.095968647730683,-1.011480819,-0.889276384235905
0.01043579854,0.01800000006,699.9993614,690.5132454016699,9.486115998330092,0.2998020905,0.6767808051282652,-1.085505271,-1.4643436619636407
0.01093579854,0.01800000002,699.9992657,690.3946659563256,9.604599743674385,0.3215432117,0.5388980138385535,-1.164428468,-1.7098915421595642
0.01143579854,0.01800000001,699.999155,690.5733345631464,9.425820436853542,0.34647587,0.8608952527634173,-1.249056274,-1.4832215499858448
0.01193579853,0.018,699.999026,692.0807659182498,7.918260081750191,0.375076893,1.3122370041033842,-1.34044223,-1.3092545963979196
0.01243579853,0.018,699.9988758,694.3265446347845,5.672331165215496,0.4079213041,1.2793542179009292,-1.440123104,-1.4960828743042525
0.01293579853,0.018,699.9987191,695.5962920946112,4.402427005388859,0.4457101069,1.0805372705451102,-1.550382975,-1.6342475962484162
0.01343579853,0.018,699.9988912,696.5645914655692,3.4342997344308515,0.489031708,1.5374046072380758,-1.675397848,-1.6010564649895533
0.01393579853,0.018,700.0050694,699.8635413174745,0.14152808252549676,0.539775884,2.2984845727122085,-1.82717785,-1.7478885691691124
0.01443579853,0.018,700.084243,699.3958934807489,0.6883495192511191,0.5974424873,2.0418641715443053,-2.026556437,-1.9614000864454102
0.01493579853,0.018,700.5776242,699.8691254571828,0.7084987428171416,0.6649339199,1.7342501145935787,-2.144233116,-2.070572032341135
0.01927964892,0.018,750.1123005,807.5618370270832,57.449536527083296,-0.113181647,10.145593243266072,13.30232925,14.229977500700834
0.01940804077,0.018,757.9432223,820.7132854789445,62.7700631789445,-0.1223319748,10.32313391033679,13.74614988,14.771643288096442
0.01951503397,0.018,767.2542813,834.1434517074003,66.88917040740034,-0.1238106551,10.251294359057667,14.01311413,15.09772633041748
0.01960419498,0.018,778.6916306,847.5843805299095,68.89274992990943,-0.1198404645,9.9611941863351,14.08744386,15.158349461663725
0.01967849581,0.018,793.5013976,860.6589993330917,67.15760173309172,-0.111472845,9.510803446544582,13.93106153,14.91051116834144
0.01974041318,0.018,813.5674265,872.985152504602,59.417726004601946,-0.0987475249,8.97549501124749,13.45783366,14.317104404135655
0.01979201098,0.018,840.8639351,884.2605209252322,43.39658582523214,-0.08185414216,8.426282370596057,12.54633305,13.356042937396296
0.01983500915,0.018,875.6923707,894.3076053165621,18.615234616562134,-0.06225527954,7.91363855361246,11.13270813,12.054520459230542
0.01987084096,0.018,915.1621924,903.0716142906845,12.090578109315516,-0.04304944707,7.463851740864291,9.333476696,10.51896689236936
0.0199007008,0.018,954.4842414,910.5924720601294,43.89176933987062,-0.02723057275,7.084481432916144,7.418666148,8.911023325541478
0.019925584,0.018,990.0074183,916.9692732408741,73.0381450591259,-0.01589619689,6.772008192866047,5.630667398,7.381100909256856
0.01994632,0.018,1020.452064,922.331646238455,98.1204177615449,-0.00852003266,6.517907625219674,4.077027526,6.020902960075625
0.0199636,0.018,1046.02207,926.8159729265176,119.2060970734824,-0.004078278546,6.312391946876866,2.766332599,4.861946562925369
0.019978,0.018,1067.370584,930.5540294566393,136.81655454336067,-0.001599218935,6.146263418399527,1.671374259,3.897022138658829
0.01999,0.018,1085.168002,933.6639895888015,151.50401241119835,-0.0004906660285,6.0116987549976715,0.7592651074,3.1024267799509984
0.02,0.018,1100.0,936.2491121799178,163.7508878200822,0.0,5.902422668782968,0.0,2.4505622590153484
0.01544227058,0.01800102257,702.1547669,701.9395526413388,0.21521425866126265,0.7502208087,1.7134666943085566,-1.844874469,-1.909200144384481
0.01695749545,0.01800222496,710.179166,717.1564168699254,6.977250869925342,0.5509556556,2.4333060786493173,2.475817677,2.2835665756944854
0.01595418732,0.01800402616,704.6373253,704.5618789666654,0.07544633333463935,0.78590633,1.8345922455955816,-0.8575281408,-1.0802441756538483
0.004940642761,0.0180064713,699.9998831,689.5404596278694,10.459423472130652,0.1811057994,1.3142570359346941,-0.4375928821,-0.06193856222267424
0.01646328003,0.01800932332,707.3047133,709.8055770635225,2.5008637635224886,0.7058613948,2.1028399777512643,0.674364919,0.5090965880937883
0.004443425054,0.01801439824,699.9999032,689.6265603802949,10.373342819705044,0.17606102,1.7975722120685196,-0.3902613149,-0.0672401992858731
0.01813791144,0.01801741295,720.9188428,743.4022433885522,22.483400588552172,0.127897138,4.087816273844154,7.790301138,7.5312663956742645
0.003948614774,0.01802737654,699.9999205,691.2630474086568,8.736873091343227,0.1712598991,1.674384978809333,-0.3441308115,-0.11709824173397987
0.0174004476,0.01802854488,713.4426864,724.9191108436606,11.476424443660676,0.3813520448,2.6912315175639083,4.342558482,3.898223980357117
0.0190209535,0.01803011637,739.3430961,787.4989060174071,48.155809917407055,-0.08123860618,9.307606292709186,12.19017901,13.00362823485571
0.003451203352,0.01804474563,699.9999353,692.2728221420635,7.727113157936401,0.1667429218,1.4798857627218118,-0.2986355758,-0.060692589250274764
0.01779565237,0.01806435686,717.0954476,733.4792390588177,16.383791458817655,0.2378005344,3.072725982695494,6.151240882,5.534991153349346
0.002954799995,0.01806569796,699.9999479,692.586727157974,7.413220742026056,0.1625541012,1.3321804798812296,-0.2540169981,0.19797551873884078
0.002456297799,0.01808713566,699.9999585,692.8408293785467,7.159129121453361,0.158836383,1.3262245097394296,-0.2098919833,0.5237158081642832
0.01875771971,0.01810860898,732.0270783,771.2279160996534,39.200837799653414,-0.04068568852,7.876993371353063,10.88491223,11.569964953661941
0.001959512287,0.01811609733,699.9999675,693.2649853579288,6.734982142071203,0.1548756748,1.5491777137188367,-0.1663521091,0.5317859471567106
0.001464739811,0.01814202979,699.9999751,693.4598575154416,6.540117584558402,0.1514316946,1.7973917281248288,-0.1233208306,0.2800641017126617
0.0009714491441,0.0181696266,699.9999814,693.1714868135821,6.828494586417946,0.1479143119,1.8886263616605825,-0.08100401755,0.05955483540483364
0.01927964892,0.0182,750.691083,810.1666114944807,59.47552849448061,-0.1202516464,10.453443317681625,13.18183321,14.149943964058114
0.01940804077,0.0182,758.5984179,823.5891770883335,64.99075918833353,-0.1272924702,10.68617042138091,13.61110942,14.72601449275064
0.01951503397,0.0182,768.0275391,837.001815322705,68.97427622270504,-0.1274433368,10.638057567007,13.86512277,15.063792322711084
0.01960419498,0.0182,779.6312408,850.2270149872522,70.59577418725223,-0.1226990157,10.34656905625604,13.9275537,15.119783141218146
0.01967849581,0.0182,794.6876448,862.9699024823783,68.28225768237826,-0.1135830642,9.872090651672927,13.75813206,14.859654288055957
0.01974041318,0.0182,815.1005229,874.9125159385387,59.81199303853873,-0.1000952397,9.292591416932131,13.2690353,14.254933736210589
0.01979201098,0.0182,842.7836116,885.7973525372613,43.01374093726133,-0.08251226499,8.684145334299371,12.34096533,13.291811338970245
0.01983500915,0.0182,877.8654856,895.4738910767933,17.608405476793223,-0.06243208921,8.103896397023243,10.91935632,12.004766860797833
0.01987084096,0.0182,917.3023008,903.9015988165598,13.400701983440172,-0.04300490622,7.584775983137199,9.13077906,10.502854564191445
0.0199007008,0.0182,956.3324676,911.1265210453095,45.20594655469051,-0.02714378412,7.139334668417896,7.24451688,8.942992020507468
0.019925584,0.0182,991.4566286,917.2480984047708,74.20853019522929,-0.01583163273,6.767017117653979,5.492974875,7.46694065053011
0.01994632,0.0182,1021.512198,922.393453596765,99.11874440323504,-0.008482777886,6.46042348915412,3.975138729,6.159023550745677
0.0199636,0.0182,1046.743646,926.6950786882172,120.04856731178268,-0.004060047585,6.209925658691424,2.69624434,5.046880138129871
0.019978,0.0182,1067.807103,930.2804304747774,137.5266725252227,-0.001592212999,6.005812201757291,1.62859704,4.122265219636293
0.01999,0.0182,1085.366456,933.2631485858939,152.1033074141061,-0.0004884498617,5.839468480885551,0.7396756411,3.361786277901186
0.02,0.0182,1100.0,935.7425782079157,164.2574217920843,0.0,5.70371678846942,0.0,2.738646803284369
0.0004823721748,0.01820147775,699.9999861,693.3248836086461,6.675102491353869,0.1445800072,1.7298699081140032,-0.04247724259,0.028523194492468207
0.01904562683,0.01823651729,740.7053185,790.777881831125,50.072563331125025,-0.09739491899,9.558638633312814,12.2058669,12.923565277363583
0.01851772293,0.01823742644,727.280148,757.6873557246564,30.40720772465636,-0.004326563327,6.014905815843256,9.645753257,9.855868020087527
0.0,0.01823999422,699.9999893,691.8945802002831,8.105409099716894,0.1430273488,1.883461744194966,-0.0248334184,0.31761246076874805
0.01883130071,0.01825815152,734.1440912,775.7273008738523,41.58320967385225,-0.06619164438,8.269684782683626,11.19268354,11.742065154354975
0.01824032025,0.01836759158,723.0722506,744.7075718411356,21.63532124113567,0.04979550613,4.048921983978763,8.249845362,7.738628955424432
0.01927964892,0.0184,751.3713226,813.4567317237703,62.08540912377032,-0.1324167161,10.860122234648236,13.05441763,13.957744910092476
0.01940804077,0.0184,759.2859934,827.7738335439727,68.48784014397268,-0.1353353134,11.239693851610498,13.47425786,14.601554002460404
0.01951503397,0.0184,768.8155712,841.6893665139978,72.87379531399779,-0.1323921734,11.287362437815323,13.71776105,14.98506212969711
0.01960419498,0.0184,780.5846949,855.1149508842316,74.53025598423153,-0.1261863968,11.042320775804207,13.76876838,15.063834982942723
0.01967849581,0.0184,795.8939938,867.8545690326054,71.96057523260538,-0.1160746563,10.568772557700116,13.58619572,14.80702480159368
0.01974041318,0.0184,816.660271,879.6726848098845,63.01241380988449,-0.1017437016,9.952766974502763,13.08102723,14.190294659020246
0.01979201098,0.0184,844.7285021,890.3686390761659,45.64013697616588,-0.0834309689,9.2823454822826,12.13650555,13.206455570669743
0.01983500915,0.0184,880.0510818,899.8291143639074,19.778032563907345,-0.06285594086,8.627244300205742,10.70761381,11.90204102300725
0.01987084096,0.0184,919.4393503,908.0363201767306,11.403030123269446,-0.04319181671,8.030626857574877,8.930524096,10.39915489628548
0.0199007008,0.0184,958.1694408,915.0492837350137,43.1201570649863,-0.02725938965,7.511589743970536,7.073120356,8.859878120931803
0.019925584,0.0184,992.8941443,920.9756548431335,71.9184894568665,-0.01592562625,7.072847160238222,5.357776771,7.420933797269421
0.01994632,0.0184,1022.56325,925.9463505542512,96.6168994457488,-0.008553689627,6.708186293700885,3.875244013,6.157718736074462
0.0199636,0.0184,1047.459008,930.0951277190723,117.36388028092779,-0.004103869731,6.407895719849924,2.62761273,5.09046859756928
0.019978,0.0184,1068.23987,933.5487033540544,134.6911666459457,-0.001612424323,6.161555961782261,1.586757948,4.206861930022089
0.01999,0.0184,1085.563206,936.4188795725881,149.1443264274119,-0.0004956574856,5.959740204285116,0.7205365797,3.4820645944481727
0.02,0.0184,1100.0,938.8028776788258,161.19712232117422,0.0,5.794222544540269,0.0,2.8891285638329043
0.01898605664,0.01844330429,739.4918119,787.0973729629972,47.60556106299714,-0.1083503786,9.245603116361218,11.82572559,12.251344470723012
0.01870157702,0.01845813073,731.7085241,766.4648835669188,34.756359466918866,-0.06523947646,7.03600066896471,10.47923503,10.596086293878287
0.01544097591,0.01849963944,702.2094251,700.6048716595193,1.6045534404806858,0.434958978,1.4508417311678596,-1.87041522,-1.9581402563310797
0.004935810865,0.01850007325,699.999895,690.3006424073909,9.699252592609128,0.1343495965,1.431786791728185,-0.4296835572,-0.1255287861316461
0.005435808398,0.0185000586,699.9998729,689.5567347700961,10.4431381299039,0.1382163904,1.0382207274397341,-0.4776853952,-0.24695157372057608
0.005935801616,0.01850001831,699.9998476,687.3965795290889,12.6032680709111,0.1426644712,0.8046953293741252,-0.5270196866,-0.4846161373178095
0.006435800999,0.01850001465,699.9998188,687.1499228281272,12.849895971872797,0.1477470856,0.9384964068603656,-0.5778941791,-0.7216202028458492
0.006935799303,0.01850000458,699.9997862,688.4032519626577,11.596534237342325,0.1535371507,1.3382822255160107,-0.6305344708,-0.743129785847537
0.007435799149,0.01850000366,699.9997492,688.9667966601432,11.032952539856751,0.1601262855,1.5083466923038398,-0.6851900829,-0.5257008824726555
0.007935798725,0.01850000114,699.9997073,688.753215248223,11.246492051776954,0.1676207686,1.63424118471839,-0.7421435813,-0.18189766255359174
0.008435798687,0.01850000092,699.9996599,689.7712468719677,10.228413028032264,0.176144795,1.9648669444897073,-0.8017150167,-0.02654822247061528
0.008935798581,0.01850000029,699.999606,691.3238763493255,8.675729650674498,0.1858446816,2.130842755783923,-0.8642671691,-0.14715605253096342
0.009435798571,0.01850000023,699.9995446,691.8448956751862,8.154648924813841,0.1968933851,1.793712632349591,-0.9302146766,-0.3295976817906654
0.009935798545,0.01850000007,699.9994746,689.4007368159372,10.598737784062791,0.2094890809,1.0374085496931251,-1.000037175,-0.6253242916932358
0.01043579854,0.01850000006,699.9993944,688.6863726186377,11.313021781362295,0.2238662851,0.8330799003645915,-1.074293109,-1.226584951648304
0.01093579854,0.01850000002,699.9993021,689.3379749038311,10.66132719616894,0.2402658305,0.9000463851640603,-1.153649787,-1.6654778278942812
0.01143579854,0.01850000001,699.9991952,689.6833324673293,10.31586273267078,0.2589676244,1.025198116733421,-1.238913195,-1.739822843304097
0.01193579853,0.0185,699.9990709,690.8534245108233,9.145646389176704,0.2801318737,1.4329599373621758,-1.331115793,-1.6344844340861453
0.01243579853,0.0185,699.9989256,693.0324321893073,6.966493410692692,0.3038957322,1.7517778822020227,-1.431646199,-1.634610943738597
0.01293579853,0.0185,699.9987676,694.1700694037273,5.828698196272626,0.3297955212,1.490929991737667,-1.542528439,-1.6499730402566266
0.01343579853,0.0185,699.9988136,694.107880223899,5.890933376100975,0.3567156936,1.448800874266124,-1.667324879,-1.7565382988948626
0.01393579853,0.0185,700.0029764,696.6617889058765,3.34118749412346,0.3817087784,2.1505918642377937,-1.814625021,-1.7728477467638077
0.01443579853,0.0185,700.0635055,698.5093993701331,1.5541061298669092,0.3958801417,2.1157584631054487,-2.002115801,-1.8411776695122977
0.01493579853,0.0185,700.5187535,698.9363474193693,1.5824060806306761,0.4027984426,1.6298470948585304,-2.140852802,-2.0032071134532052
0.01595183809,0.01849988764,705.0756266,702.3897202116698,2.6859063883301815,0.4780683367,1.584462324710409,-0.8377036882,-1.1298433146271707
0.004439683461,0.0185049354,699.9999142,691.3262150061263,8.673699193873745,0.1306091523,1.671427818808859,-0.3831357644,-0.2278515582853471
0.01793368748,0.01850554242,719.4721974,732.988312041385,13.516114641385002,0.1106420039,2.9268463643622464,6.7832663,5.95038265508876
0.01646790759,0.01851130206,708.1471064,706.2853258458695,1.8617805541305188,0.4492486142,1.976223549561951,0.7798666376,0.5989978776277223
0.003943955698,0.01851287484,699.9999307,692.7203885532997,7.279542146700351,0.1270949866,1.4718125770867148,-0.3376104126,-0.2904061682951813
0.003449528388,0.01852971452,699.9999448,692.7555877245379,7.244357075462062,0.1233308159,1.5010926261054935,-0.2930123054,-0.24653526870146258
0.01747201978,0.01853632918,714.9944032,720.6679100564975,5.673506856497511,0.2234639643,2.4835361485165253,4.701325528,4.119059818093366
0.002952540267,0.01854100463,699.9999566,693.6317249264639,6.3682316735361155,0.1205726416,1.4370000010247954,-0.2490601859,-0.045745326708888534
0.01698219654,0.01854937826,711.371553,711.9229921583009,0.5514391583009228,0.3361014579,2.3087166239814545,2.673267286,2.4385791470517484
0.002456445335,0.0185623132,699.9999664,694.4544071157976,5.545559284202341,0.1174513202,1.2993532271999102,-0.2058116089,0.27693960750560453
0.00195726741,0.01858123393,699.9999745,694.3812882950017,5.618686204998312,0.1149973264,1.4145436334155612,-0.1629691398,0.32911601288700787
0.01927964892,0.0186,752.0398461,817.4277829036444,65.38793680364438,-0.1410504816,11.333108175850827,12.9238598,13.635446860047686
0.01940804077,0.0186,759.9985343,833.47951181439,73.48097751439002,-0.1422360548,11.976318242714513,13.33494173,14.360364821104174
0.01951503397,0.0186,769.6248256,848.6872958499894,79.06247024998936,-0.1377576482,12.214251614020265,13.56952151,14.81720147340367
0.01960419498,0.0186,781.5579476,863.0035147079302,81.44556710793017,-0.1300823311,12.076181397096722,13.60991299,14.94827724168314
0.01967849581,0.0186,797.1239051,876.320602107293,79.19669700729298,-0.1187256052,11.632149245476235,13.41434644,14.712773639474875
0.01974041318,0.0186,818.2477623,888.4878340036432,70.24007170364325,-0.1033986297,10.986329103119173,12.89296836,14.07689346602222
0.01979201098,0.0186,846.696967,899.3719069593287,52.67493995932875,-0.0842470947,10.249711653705301,11.93207343,13.035417462640314
0.01983500915,0.0186,882.2444738,908.9082096142631,26.663735814263077,-0.06310153662,9.512559694150497,10.49649103,11.658665872540055
0.01987084096,0.0186,921.5662551,917.1154392909312,4.450815809068786,-0.04314919925,8.831906150661089,8.73153277,10.102995799896622
0.0199007008,0.0186,959.9870362,924.0805081124854,35.90652808751463,-0.0271317334,8.234323813100493,6.903068966,8.550182491730638
0.019925584,0.0186,994.3121767,929.9323524329598,64.37982426704025,-0.01580431156,7.725747826540082,5.223497629,7.133712754930506
0.01994632,0.0186,1023.598743,934.8170428470316,88.78170015296837,-0.008466597556,7.300506830133877,3.77575046,5.913915512248393
0.0199636,0.0186,1048.163447,938.878239701043,109.28520729895695,-0.00405320624,6.94836183092249,2.559019468,4.896877937426674
0.019978,0.0186,1068.665963,942.2485066534538,126.41745634654615,-0.001590449055,6.658018699044955,1.544795514,4.061590601903588
0.01999,0.0186,1085.756915,945.042390159819,140.71452484018096,-0.0004884070258,6.419009365767199,0.7012790695,3.379365235422058
0.02,0.0186,1100.0,947.3583047165362,152.64169528346383,0.0,6.222240217003257,0.0,2.8222785098096024
0.001463625879,0.01860956669,699.9999811,693.8318948575462,6.168086242453796,0.1120590734,1.5638940968197876,-0.1210342566,0.15640385852630434
0.0009704406458,0.01863750101,699.9999866,693.1196784062884,6.8803081937116986,0.1091296226,1.4761858418761482,-0.07968492438,0.1167269010155989
0.01895033258,0.01863882098,738.9211034,783.9763758025654,45.05527240256538,-0.1152635754,8.818647522489949,11.56263686,11.635773509616225
0.0185383191,0.01866671954,728.9397254,754.3053954882411,25.365670088241018,-0.05217454525,5.2707010991042225,9.62420967,9.1846725300488
0.000478801333,0.01867980289,699.999991,693.0918531631264,6.908137836873607,0.1049539802,1.1188484584385765,-0.04117221179,0.2023503990457085
0.0,0.01873999422,699.9999943,692.8239815040422,7.176012795957831,0.1023985979,1.275071195083341,-0.02345652639,0.11367742997453067
0.01927964892,0.0188,752.6082088,821.2901223380434,68.68191353804332,-0.143929196,11.747048100705925,12.80145462,13.197660207739425
0.01940804077,0.0188,760.698521,839.9289187432651,79.23039774326503,-0.1463382165,12.777493410448596,13.19838931,14.00156726528467
0.01951503397,0.0188,770.4446873,857.3136343028417,86.86894700284165,-0.1424662379,13.304520409406331,13.42200477,14.557814025646547
0.01960419498,0.0188,782.5508441,873.3476920364334,90.79684793643344,-0.1339380723,13.332245519833311,13.45151458,14.77714792902055
0.01967849581,0.0188,798.3806828,887.963569194875,89.582886394875,-0.1215557287,12.943378979770966,13.24300597,14.581002068106923
0.01974041318,0.0188,819.8679248,901.07676390335,81.20883910334999,-0.105337357,12.276150665016106,12.7055128,13.903203068418723
0.01979201098,0.0188,848.6962723,912.6214954733712,63.92522317337114,-0.08542767192,11.477182954747166,11.72865533,12.743692088257141
0.01983500915,0.0188,884.4570132,922.5960815038727,38.139068303872705,-0.06379521864,10.662513141377117,10.28733374,11.228721347641315
0.01987084096,0.0188,923.6989158,931.0749771909653,7.376061390965333,-0.04360979719,9.903807233931534,8.535556608,9.580750715194782
0.0199007008,0.0188,961.8035009,938.1939200844818,23.609580815518257,-0.02749780375,9.234142385936845,6.73658161,8.007461966883778
0.019925584,0.0188,995.7280444,944.1212218825528,51.6068225174472,-0.01609703836,8.661327998802754,5.092762157,6.626223697248903
0.01994632,0.0188,1024.632822,949.0322341175576,75.60058788244248,-0.008672292024,8.179769070274846,3.679426989,5.46840735801318
0.0199636,0.0188,1048.867116,953.090829812474,95.7762861875259,-0.004172969787,7.778699038942937,2.492998322,4.5182330765969985
0.019978,0.0188,1069.091648,956.442769331996,112.64887866800404,-0.001643450391,7.446129605931872,1.504638345,3.743589466914739
0.01999,0.0188,1085.950445,959.2110469327756,126.73939806722433,-0.0005078069348,7.170856883352528,0.6829478003,3.111948837861676
0.02,0.0188,1100.0,961.498587377898,138.50141262210195,0.0,6.943093088104743,0.0,2.5954069848174433
0.01898990439,0.01881627159,740.480807,786.6388411150261,46.15803411502611,-0.123077889,8.868787350385311,11.65747293,11.44362888422199
0.01809741007,0.01884223279,722.1990545,730.6438563261588,8.444801826158823,0.01988718388,2.995631571978908,7.505048837,6.591967531241495
0.01876780406,0.01891366841,734.2828093,764.3751147364655,30.092305436465494,-0.1051260102,6.366551013364422,10.62405729,10.027681367498836
0.01594465186,0.0189989715,704.8846133,701.8269152933764,3.057698006623582,0.1592938664,1.8689466701081316,-0.8632944469,-1.4378516581148242
0.004935813331,0.01900008789,699.9999048,690.8072479709276,9.192656829072348,0.0887257984,1.5972766847124635,-0.4212236783,-0.19906472818276022
0.005435808398,0.0190000586,699.9998836,689.4054618572289,10.594421742771033,0.09142076585,1.4290378824319696,-0.4683763771,-0.1739069598545644
0.005935802232,0.01900002197,699.9998595,687.3446040748807,12.655255425119208,0.09449131281,1.280728672549037,-0.5168736084,-0.29300991346772864
0.006435800999,0.01900001465,699.9998321,687.6388930102773,12.360939089722706,0.09797762181,1.3016370432566144,-0.566923467,-0.5376619287991993
0.006935799458,0.01900000549,699.999801,688.2570620487556,11.742738951244405,0.1019382027,1.525624559067173,-0.6187546354,-0.7170511449328929
0.007435799149,0.01900000366,699.9997657,687.9137090482296,12.086056651770377,0.1064345735,1.6902883909245587,-0.6726262535,-0.6942882337464535
0.007935798764,0.01900000137,699.9997258,686.8317939116681,13.16793188833185,0.1115408345,1.6989169117710126,-0.7288284484,-0.4464911296133405
0.008435798687,0.01900000092,699.9996805,687.4960440346624,12.503636465337536,0.1173427178,1.8473163636257908,-0.7876887958,-0.22507717218623746
0.008935798591,0.01900000034,699.999629,689.5921725797834,10.40745642021659,0.1239401914,1.9472628182897018,-0.8495796309,-0.1451627899836172
0.009435798571,0.01900000023,699.9995703,690.9702380316444,9.029332268355574,0.1314496559,1.6903578078259784,-0.9149262402,-0.17985438456225378
0.009935798547,0.01900000009,699.9995034,689.1526244204363,10.846878979563712,0.140002322,1.0791142240660088,-0.9842176472,-0.4249065234456637
0.01043579854,0.01900000006,699.9994265,687.7435598340408,12.255866665959275,0.1497463846,1.0935876480119913,-1.058016384,-1.0302154922791784
0.01093579854,0.01900000002,699.9993381,688.4579717590301,11.541366340969944,0.1608207968,1.5680521692148204,-1.136977414,-1.3419382180045059
0.01143579854,0.01900000001,699.9992358,689.9108980923652,10.088337707634764,0.1733597958,1.7881453968557408,-1.221851844,-1.5375265538218672
0.01193579853,0.01900000001,699.999117,692.1209287692287,7.878188230771229,0.1873315642,1.8127606300991237,-1.313532539,-1.7083851946699102
0.01243579853,0.019,699.9989785,693.9037488945621,6.095229605437908,0.2025665556,1.9230710281449783,-1.413025172,-1.7665399166508795
0.01293579853,0.019,699.9988228,694.1276156236373,5.871207176362645,0.2179182758,1.8692729295448036,-1.52161567,-1.694183750660999
0.01343579853,0.019,699.9987507,692.5788520891546,7.419898610845394,0.2314015337,1.7434270289612472,-1.640872708,-1.841242395380994
0.01393579853,0.019,700.0006426,692.021750629794,7.97889197020595,0.2365903733,2.0975573515532346,-1.774055502,-1.8758854455581075
0.01443579853,0.019,700.0333665,694.7310845336527,5.302281966347323,0.2221555535,2.3976119079393694,-1.926602927,-1.849012441709466
0.01493579853,0.019,700.3476829,697.343483499498,3.0041994005019887,0.1748369825,2.109420700005841,-2.05023881,-2.0507026616939044
0.01543579853,0.019,701.7917014,699.9669433574577,1.8247580425422711,0.1327389542,1.8455601160198751,-1.845798026,-2.128942997565248
0.01927964892,0.019,753.1662851,823.2610372889359,70.0947521889359,-0.1506755939,11.811348976490882,12.68350916,12.651903451233729
0.01940804077,0.019,761.3801056,845.0891769064038,83.70907130640387,-0.1516124967,13.31543968799963,13.064846,13.536372149668555
0.01951503397,0.019,771.2645474,865.3320890343707,94.06754163437074,-0.1467307982,14.206537509832637,13.27543933,14.230565917688978
0.01960419498,0.019,783.5573662,883.7375089683217,100.18014276832162,-0.1370988812,14.4467061053641,13.29291401,14.583152732198595
0.01967849581,0.019,799.6608989,900.2179518528267,100.55705295282667,-0.1236754827,14.141195380526387,13.07079,14.435911678212275
0.01974041318,0.019,821.5159746,914.7334457476658,93.21747114766572,-0.1064521579,13.475785788588718,12.51665621,13.674688388987164
0.01979201098,0.019,850.7163381,927.2897895671516,76.57345146715159,-0.08568113985,12.637916846764247,11.52373433,12.338564049833469
0.01983500915,0.019,886.670965,937.964278304939,51.29331330493892,-0.06348544862,11.76869229056855,10.07707381,10.662037540952195
0.01987084096,0.019,925.8128439,946.9077553246866,21.094911424686643,-0.04305131933,10.951808078043216,8.338792782,8.94645779656765
0.0199007008,0.019,963.5914285,954.3242565003519,9.267171999648099,-0.02692760328,10.225269962715466,6.569014435,7.397960527009718
0.019925584,0.019,997.1158957,960.4362644580053,36.679631241994684,-0.01563478478,9.598733835572764,4.960291169,6.090565647302266
0.01994632,0.019,1025.644294,965.4591503979354,60.1851436020645,-0.008357129367,9.067527939149569,3.580883517,5.017294531965875
0.0199636,0.019,1049.554733,969.5833000748122,79.97143292518774,-0.00399445237,8.62135774696536,2.424721354,4.142712709974378
0.019978,0.019,1069.507468,972.9717512770424,96.53571672295766,-0.001567455003,8.248519569440797,1.462657916,3.428786378256466
0.01999,0.019,1086.139471,975.7583324468658,110.38113855313418,-0.0004853918502,7.9378372854473245,0.6635919123,2.8435747916530874
0.02,0.019,1100.0,978.0532229562198,121.94677704378023,0.0,7.6793287445608085,0.0,2.3617980853110074
0.004435837995,0.01900023439,699.9999231,692.4357883389354,7.564134761064679,0.08636998707,1.5444295976617373,-0.3752238632,-0.3594068864101576
0.003939826995,0.01900491501,699.9999389,693.6442057173505,6.355733182649487,0.0839594132,1.3481116587570232,-0.330520278,-0.3727095234696751
0.01645507869,0.01900489187,708.5239925,703.500248098275,5.023744401724912,0.1950460181,2.1394782183205185,0.7561615043,0.3375715650066704
0.003445335788,0.01901512243,699.9999524,692.9435632308725,7.056389169127442,0.08141659848,1.5202933410381494,-0.2867639709,-0.3665326161366096
0.00294912521,0.01902175871,699.9999636,693.7677011147456,6.2322624852544095,0.07950169697,1.530108890898878,-0.2436540558,-0.3608926393052272
0.01700501225,0.0190279867,712.2755946,705.043809314568,7.231785285432011,0.1584620939,2.3044405428540085,2.779503932,2.4900523941323174
0.01904760135,0.01902903924,742.8431919,789.778332755261,46.93514085526101,-0.1411035157,8.79287302699286,11.80971042,11.190071177774925
0.002452878948,0.01903599129,699.9999729,694.9284623948809,5.071510505119136,0.07734806103,1.3606067010125475,-0.2011195785,-0.18149165483177043
0.01885306597,0.01904942505,736.6907943,767.6410728227866,30.95027852278656,-0.1263025398,6.572712268890433,10.96350002,10.147410985204377
0.001957390057,0.0190508437,699.9999803,694.7631814050529,5.236798894947015,0.07558213078,1.40549861116059,-0.1592903698,-0.022457253360527396
0.01763042083,0.0190709638,717.4553441,709.6856135151736,7.769730584826448,0.07215748389,2.341439751310645,5.375974654,4.691208547559897
0.001464709013,0.01907187824,699.9999861,693.6690479798989,6.330938120101109,0.07377996805,1.428621381023452,-0.1183012031,0.07157913655760328
0.0009738473599,0.01909616568,699.9999907,692.3125793076791,7.687411392320882,0.07179295067,1.1569028037967901,-0.07813779627,0.2712599125275226
0.0004858330852,0.0191333498,699.9999943,691.8997825184729,8.10021178152715,0.06839942708,0.7520217845769479,-0.04027285188,0.3869927078410784
0.01842336042,0.01913736224,727.73565,731.9662712916959,4.230621291695911,-0.07087506134,3.5210758655842778,8.949698015,7.898340036432043
0.01927964892,0.0192,753.7800816,820.6841715881576,66.90408998815758,-0.1610968244,11.092578612431982,12.56014924,11.954780837654802
0.01940804077,0.0192,762.072858,845.9862427003136,83.9133847003136,-0.1583073513,13.050537850492372,12.93095198,12.918741729103253
0.01951503397,0.0192,772.0900347,869.4906026479141,97.40056794791406,-0.1512774915,14.339651359994823,13.13037089,13.792095230631997
0.01960419498,0.0192,784.5765948,890.6544921423878,106.07789734238781,-0.1402484404,14.837946703454994,13.13613571,14.326922141582877
0.01967849581,0.0192,800.9632091,909.3113176824369,108.34810858243691,-0.1257644854,14.660176960609592,12.90053677,14.246434052816813
0.01974041318,0.0192,823.1909482,925.4599815311958,102.26903333119583,-0.1075562489,14.035313780791101,12.3302596,13.394228257842052
0.01979201098,0.0192,852.7565336,939.1937913222521,86.43725772225207,-0.08600066168,13.189121752486422,11.32238273,11.8973278029322
0.01983500915,0.0192,888.8880579,950.6870485788082,61.798990678808195,-0.0633815353,12.286549316848758,9.872222065,10.121591247764517
0.01987084096,0.0192,927.9147913,960.1847395326827,32.26994823268262,-0.04285843266,11.424342809386582,8.149386956,8.412432603763119
0.0199007008,0.0192,965.3624022,967.9701757506145,2.6077735506145245,-0.02681309016,10.647546857431054,6.410108022,6.936248839963427
0.019925584,0.0192,998.4891227,974.3273608508455,24.161761849154573,-0.01560996572,9.970051782956238,4.836858413,5.717142987242387
0.01994632,0.0192,1026.645244,979.5129982130431,47.1322457869569,-0.008373417684,9.390087454975932,3.490856277,4.721876840982081
0.0199636,0.0192,1050.235391,983.7457045204033,66.48968647959668,-0.004013286376,8.899191953207088,2.363627761,3.9080490730166906
0.019978,0.0192,1069.919137,987.2065824919268,82.71255450807325,-0.001590526955,8.486480707507116,1.425857278,3.2391248725522077
0.01999,0.0192,1086.326616,990.0417027222918,96.28491327770826,-0.0005341047993,8.141083031113713,0.6469446665,2.686886702922078
0.02,0.0192,1100.0,992.3695730653076,107.63042693469242,0.0,7.852690514166069,0.0,2.2294719309317257
0.01876500296,0.01922865027,735.0505779,750.2243916429567,15.173813742956668,-0.1317703361,4.950487874545842,10.48732402,9.274226653559726
0.0,0.01923999422,699.9999977,692.736019371714,7.2639783282860435,0.06277158542,0.9637433339066668,-0.02218454688,0.04031801301986082
0.01900473734,0.0192498638,742.1467187,774.9894665850865,32.84274788508651,-0.1563313713,6.9505415216270645,11.51287793,10.267756969704998
0.01817323525,0.0193597376,724.2377167,706.5292859323566,17.708430767643335,-0.04648259377,2.4552695862584724,7.753229088,6.627921280259705
0.01927964892,0.0194,754.3388448,809.8977375539102,55.5588927539103,-0.1663890738,9.321628506795943,12.43578694,11.01642344040307
0.01940804077,0.0194,762.774797,838.7288298467226,75.95403284672261,-0.1612893133,11.47517680629614,12.79433542,11.998422254623144
0.01951503397,0.0194,772.9237322,865.8402218839815,92.91648968398147,-0.1532822801,13.087537058949009,12.98169612,13.054673408577404
0.01960419498,0.0194,785.6078644,890.1948028979388,104.58693849793872,-0.1411268093,13.86956704527157,12.97528384,13.840744076169464
0.01967849581,0.0194,802.2845597,911.4281839087824,109.1436242087824,-0.1254205074,13.870649948933716,12.72537678,13.929484713194277
0.01974041318,0.0194,824.8894607,929.5498149990959,104.66035429909596,-0.1063383776,13.327823663212884,12.13811014,13.102185138285275
0.01979201098,0.0194,854.8152473,944.7434477746654,89.92820047466535,-0.08433844796,12.497305971248744,11.11522276,11.564073428568129
0.01983500915,0.0194,891.1090953,957.2924176660749,66.18332236607489,-0.06171013132,11.572304934762416,9.66214503,9.784051726684272
0.01987084096,0.0194,930.0063497,967.5439436167255,37.53759391672554,-0.04146475229,10.669107747011976,7.955184296,8.125218916636555
0.0199007008,0.0194,967.1165593,975.8673424904023,8.75078319040233,-0.02580085057,9.844726509133329,6.246078906,6.720307160526086
0.019925584,0.0194,999.845963,982.6104536904738,17.23550930952615,-0.01495956164,9.120104300284758,4.707588235,5.567009863759327
0.01994632,0.0194,1027.633102,988.0757753149849,39.55732668501514,-0.00801298646,8.497101493424314,3.394652254,4.623778902803271
0.0199636,0.0194,1050.906807,992.5136868247026,58.39312017529744,-0.003852293788,7.968748631649463,2.296823196,3.849244150263819
0.019978,0.0194,1070.32514,996.1269354459594,74.19820455404056,-0.001550487861,7.52440410397259,1.384657294,3.21033657140715
0.01999,0.0194,1086.511174,999.0768169064835,87.4343570935165,-0.0005606892721,7.152787663913011,0.6278837834,2.681717459681214
0.02,0.0194,1100.0,1001.491718691876,98.50828130812397,0.0,6.842980032877425,0.0,2.2435571625854775
0.01904205618,0.01945654611,744.1609165,762.0441540255343,17.883237525534355,-0.1695627621,5.774681686790657,11.5449987,9.63137222868501
0.01858448078,0.01946480672,731.6428082,714.7841120476924,16.85869615230763,-0.1244217747,3.205902308068958,9.591501555,8.009188970743985
0.01594224501,0.01949916821,703.5899808,699.9020575631548,3.687923236845222,-0.0448673287,2.489978036968262,-0.912110872,-1.697983453361954
0.004935818264,0.01950011719,699.9999125,690.1925391899609,9.807373310039111,0.04855659737,1.7274889083953118,-0.4116553911,-0.20748791736807437
0.005435808398,0.0195000586,699.9998924,688.8372875738314,11.162604826168604,0.05024321689,1.716389145858321,-0.45776882,-0.1412542301398556
0.005935803466,0.0195000293,699.9998694,686.7557398379487,13.244129562051285,0.05211612759,1.6473748624669744,-0.5052303145,-0.24229278221692852
0.006435800999,0.01950001465,699.9998434,687.4174603933827,12.582383006617306,0.05421231356,1.5572786661145015,-0.5542447672,-0.4360849751779732
0.006935799766,0.01950000732,699.9998138,688.2461324077881,11.753681392211888,0.0565664915,1.5909944551339916,-0.6050436082,-0.5676859056193644
0.007435799149,0.01950000366,699.9997803,688.0591114552498,11.940668844750235,0.05921799711,1.706767963321567,-0.6578849937,-0.6579122955392487
0.007935798841,0.01950000183,699.9997423,686.1824109640511,13.817331335948893,0.06221131681,1.6620704204974996,-0.7130596278,-0.6246799750912153
0.008435798687,0.01950000092,699.9996992,684.7022798475218,15.297419352478187,0.06559758425,1.5359607356885485,-0.7708967738,-0.5082837396235247
0.00893579861,0.01950000046,699.9996502,686.3412964434439,13.658353756556153,0.06943545247,1.4399224525745598,-0.8317707355,-0.35587638448128
0.009435798571,0.01950000023,699.9995943,689.7560694666067,10.24352483339328,0.07379222364,1.2481790874733958,-0.8961081014,-0.16123687105730422
0.009935798552,0.01950000011,699.9995304,690.3653134270896,9.634216972910394,0.07874241984,1.0537284632168684,-0.9643958749,-0.26130159301899436
0.01043579854,0.01950000006,699.9994572,688.5252678016686,11.474189398331418,0.08436567163,1.1703766243623306,-1.037187326,-0.8974303726491426
0.01093579854,0.01950000003,699.9993728,688.0449124675299,11.954460332470035,0.09073083647,1.606967284150637,-1.115106677,-1.0039941602449094
0.01143579854,0.01950000001,699.9992753,689.0570974492723,10.942177850727717,0.0978824883,2.006732277735856,-1.19883271,-1.058082920837788
0.01193579853,0.01950000001,699.9991623,692.0845364057451,7.914625894254868,0.1057397403,2.0080928490036802,-1.289077679,-1.3438799940653885
0.01243579853,0.0195,699.9990313,694.6848125383775,5.314218761622442,0.1140450817,1.6554341647217876,-1.386435107,-1.6722946387019562
0.01293579853,0.0195,699.9988817,694.7559745238909,5.242907176109043,0.1217382037,1.4840646601872707,-1.491245536,-1.8254110363149176
0.01343579853,0.0195,699.9987453,693.426042447208,6.572702852791963,0.1268190007,1.7232753024791432,-1.602762162,-2.042797279458159
0.01393579853,0.0195,699.999212,690.7622168955876,9.236995104412472,0.122674086,2.2143721132621037,-1.718879533,-2.0682168933460794
0.01443579853,0.0195,700.0104844,690.0513606834894,9.95912371651059,0.09985336646,2.595602794168295,-1.832627034,-1.9712340053598054
0.01493579853,0.0195,700.1484963,693.4586404593514,6.689855840648647,0.03345863683,2.7261204522173896,-1.910072147,-2.162145897163874
0.01543579853,0.0195,700.9870383,697.3028433716208,3.6841949283791564,-0.04721698949,2.563920920360399,-1.75823952,-2.2656190245294017
0.004435837995,0.01950023439,699.99993,690.9200762296493,9.07985377035061,0.04702346027,1.547622775127038,-0.3667014596,-0.3949590408339576
0.003935877458,0.01950046877,699.9999451,691.7930872678925,8.206857832107517,0.04560729557,1.456894884971647,-0.322739439,-0.3516809713557967
0.01645312262,0.01950099221,708.046742,701.1991529892454,6.847589010754632,0.03418282336,2.43221623329703,0.6794790906,0.06597299370303933
0.003439361126,0.01950524881,699.999958,692.3737900698663,7.626167930133647,0.04398215727,1.7055392841664405,-0.2798568845,-0.30902073971518984
0.01697306848,0.01950582415,712.5345686,700.5969249991651,11.937643600834804,0.06345470359,2.1438931332508044,2.599312607,2.427124139335011
0.002944099998,0.0195122896,699.9999688,693.8187697428473,6.181199057152753,0.0423054947,1.8521269548941677,-0.2377566972,-0.40916931109769106
0.002446826255,0.01951671312,699.9999777,694.6601611865882,5.339816513411847,0.04094416747,1.7612046974148017,-0.196088651,-0.5466323457834896
0.001951940447,0.01952685295,699.9999848,694.671544240609,5.32844055939097,0.03936192197,1.6675127055687946,-0.1550870163,-0.4866270523748
0.001456909882,0.0195372288,699.9999902,693.1996700144176,6.800320185582336,0.03811008031,1.483516266666056,-0.1146745772,-0.10404568189442376
0.01748068681,0.01954689958,716.6534607,697.3752224132246,19.278238286775377,0.02770771181,1.7558318292449262,4.642159028,4.343992509109584
0.0009643031914,0.01955306287,699.9999941,691.2290414296639,8.7709526703361,0.03645812466,1.1354876897088497,-0.075224852,0.3597225225254377
0.0004857073905,0.01957593613,699.9999968,690.9988746455331,9.001122154466884,0.0343871394,0.8583198857207508,-0.03904655849,0.541290352557743
0.01927964892,0.0196,754.8714514,785.3904995240812,30.519048124081223,-0.1753457977,7.022700390652718,12.3150498,9.862940792285045
0.01940804077,0.0196,763.4705297,817.4211368228378,53.95060712283771,-0.1663661322,8.829379375449417,12.66708346,10.67738051391811
0.01951503397,0.0196,773.7515065,848.5808750336254,74.82936853362537,-0.1571724537,10.402574612321358,12.84383066,11.76440881843736
0.01960419498,0.0196,786.6275083,877.0229508586817,90.39544255868168,-0.1441299603,11.320654783736154,12.8259618,12.815802590154469
0.01967849581,0.0196,803.5792578,901.8487354222557,98.26947762225564,-0.1277637049,11.46563892404109,12.56319536,13.267718605390595
0.01974041318,0.0196,826.5279943,922.9043069246952,96.37631262469517,-0.107160764,10.998990745938105,11.96119332,12.732132636525005
0.01979201098,0.0196,856.759184,940.4104894548499,83.65130545484988,-0.08329189055,10.177948461017738,10.92589681,11.35844375684805
0.01983500915,0.0196,893.1574293,954.7481738412848,61.590744541284835,-0.05917536192,9.223646550442204,9.472774625,9.66399995067772
0.01987084096,0.0196,931.893872,966.3697231280626,34.47585112806257,-0.03821591566,8.277785735079291,7.783525034,8.061257990025052
0.0199007008,0.0196,968.6731533,975.7404345631853,7.06728126318535,-0.02267751146,7.412240274658833,6.104693796,6.699805241616597
0.019925584,0.0196,1001.036661,983.2865641443871,17.750096855612924,-0.01243568937,6.654311836509149,4.599615916,5.581071558733554
0.01994632,0.0196,1028.494479,989.3721309618833,39.122348038116684,-0.006238848543,6.007256073306818,3.317226582,4.665888964559961
0.0199636,0.0196,1051.490413,994.2928557817652,57.197557218234806,-0.002769751465,5.4633399422336995,2.245176201,3.9151012506196237
0.019978,0.0196,1070.677609,998.2852770347538,72.39233196524629,-0.001008512941,5.010054517653984,1.354064885,3.297128077158729
0.01999,0.0196,1086.671347,1001.5353656642114,85.13598133578853,-0.000304995888,4.634349422100791,0.6142591132,2.7874471661962827
0.02,0.0196,1100.0,1004.1892638563505,95.81073614364948,0.0,4.323708788248171,0.0,2.366559849787582
0.01915411559,0.01961291054,748.5732308,757.6479684486369,9.07473764863687,-0.1847454167,5.557212418023397,11.8861149,9.304656638101712
0.0,0.01961999711,699.9999991,693.0512607629391,6.948738337060831,0.03310312213,1.0067471043360967,-0.02152825564,0.014073144306065544
0.01802032915,0.01967101476,722.5610449,689.1713814025334,33.389663497466586,-0.0423723916,1.4814823514544622,6.977247215,5.992461824953572
0.0184694754,0.01971821627,729.8772021,684.6551010261401,45.2221010738599,-0.1230165121,1.7775454360089709,8.98993169,7.16646845761814
0.01881423309,0.01974791871,738.003657,692.1089013913954,45.894755608604555,-0.1729139534,2.624355274736285,10.4880052,7.89852832986825
0.01912004596,0.01979285474,748.2988305,712.983274719454,35.31555578054599,-0.1793619299,3.8330701290145797,11.65102787,8.346878538156208
0.01927964892,0.0198,755.66474,739.8302076274504,15.834532372549688,-0.1689200602,4.958012666659725,12.17935199,8.720654248408977
0.01940804077,0.0198,764.3082449,772.585064891453,8.276819991453067,-0.1637392944,6.205594044042842,12.5232207,9.27259232537515
0.01951503397,0.0198,774.7418304,807.1477873860194,32.40595698601942,-0.1586702488,7.344419961971903,12.68603146,10.112060363599017
0.01960419498,0.0198,787.8806182,840.6052797675497,52.72466156754979,-0.1482693026,8.049077869972201,12.65356681,11.160921000182157
0.01967849581,0.0198,805.2229587,870.8900381728895,65.66707947288944,-0.1337490505,8.117870019279005,12.37240506,11.971103524905981
0.01974041318,0.0198,828.6607902,897.066158400542,68.40536820054206,-0.1137598582,7.599603433280421,11.74793965,11.987292347292357
0.01979201098,0.0198,859.3266418,919.0320401308148,59.70539833081489,-0.08988583799,6.706117670038582,10.69464567,11.065226745399922
0.01983500915,0.0198,895.8869724,937.1014571284712,41.214484728471234,-0.06524866151,5.668786203675088,9.241006131,9.598135495109563
0.01987084096,0.0198,934.431147,951.7674841569855,17.33633715698545,-0.04356405184,4.65242558323045,7.57456335,8.069528190793449
0.0199007008,0.0198,970.7872023,963.5840726481905,7.2031296518094905,-0.02711555289,3.7416758366055607,5.933902892,6.722844708787467
0.019925584,0.0198,1002.670004,973.0811908697872,29.58881313021277,-0.01582296204,2.9649909516923056,4.469902108,5.605935118567676
0.01994632,0.0198,1029.684765,980.7207235399559,48.964041460044086,-0.008565746938,2.3205869141242035,3.224308031,4.694127095821103
0.0199636,0.0198,1052.300148,986.8817001073592,65.41844789264087,-0.004166845314,1.7939555915045595,2.1829923,3.950765204271172
0.019978,0.0198,1071.167438,991.8676925430625,79.29974545693744,-0.001709514941,1.366798688619174,1.316996153,3.343537996056299
0.01999,0.0198,1086.894021,995.9177449815022,90.97627601849786,-0.0007005729823,1.021414895606054,0.5976239008,2.8464668611498274
0.02,0.0198,1100.0,999.218997694441,100.78100230555901,0.0,0.7423103600683487,0.0,2.438860116163588
0.0,0.02,699.9999996,694.9513478221469,5.048651777853138,0.01846392049,1.1997607987332388,-0.02133619357,-0.14308126488804973
0.0004357985327,0.02,699.999999,691.5625625260881,8.43743647391193,0.01860117893,1.242896461275366,-0.0366341908,0.5136818274739188
0.0009357985327,0.02,699.9999969,691.1599794625022,8.840017437497863,0.01984081286,1.4167996827116975,-0.07344223352,0.3285452484085063
0.001435798533,0.02,699.9999933,693.5014760609599,6.498517239040098,0.02152408555,1.6997499145880475,-0.1126109576,-0.34283853506642803
0.001935798533,0.02,699.9999879,695.793502908925,4.2064849910749444,0.02287122675,1.9646656354755907,-0.1527808749,-0.8991588475518224
0.002435798533,0.02,699.9999809,696.6963676171472,3.3036132828527798,0.02430850106,2.083896105353861,-0.1935125597,-0.7826817047482617
0.002935798533,0.02,699.9999721,697.2487440352161,2.751228064783959,0.02565378904,2.077461158592266,-0.2347311823,-0.40758794044204727
0.003435798533,0.02,699.9999614,695.0877774234818,4.912183976518122,0.02697713538,1.855826875739831,-0.276498471,-0.19649334594456036
0.003935798533,0.02,699.9999488,691.262713314828,8.737235485171936,0.02825334462,1.6354698638735166,-0.3189489582,-0.1856664733626685
0.004435798533,0.02,699.9999341,690.0367082827164,9.963225817283615,0.02943195896,1.6521507452846416,-0.3623049087,-0.2888159713847154
0.004935798533,0.02,699.9999171,690.1325693477089,9.867347752291039,0.03060431678,1.8655521836287143,-0.4067086253,-0.15468484789429482
0.005435798533,0.02,699.9998976,688.9324327234767,11.067464876523331,0.03185006782,1.9304916949067314,-0.4522845189,-0.10725843864970308
0.005935798533,0.02,699.9998754,686.6036794181994,13.396195981800588,0.03320074986,1.846913745597557,-0.4992092141,-0.2688200910850336
0.006435798533,0.02,699.9998501,687.1740730391733,12.825777060826681,0.03468522657,1.6709766089496316,-0.5476888151,-0.3954783188259965
0.006935798533,0.02,699.9998214,689.0801737872977,10.919647612702306,0.03632996227,1.5417639886472254,-0.5979515551,-0.29783346172805825
0.007435798533,0.02,699.9997889,690.40640696802,9.593381931980048,0.03816348798,1.5716826731590645,-0.6502546817,-0.1529916780109044
0.007935798533,0.02,699.999752,689.2553582727621,10.74439372723782,0.0402175147,1.6138048489404655,-0.7048883464,-0.3322646817894386
0.008435798533,0.02,699.9997101,684.2375553317974,15.762154768202663,0.04252773069,1.2927377964946243,-0.7621811678,-0.638907897864593
0.008935798533,0.02,699.9996624,680.378127286477,19.62153511352301,0.04513451182,0.6720396307613079,-0.8225066913,-0.7899574808066907
0.009435798533,0.02,699.9996081,684.5329181402147,15.466689959785299,0.04808361652,0.34900113831515045,-0.8862902949,-0.5009197010168736
0.009935798533,0.02,699.9995459,691.2127662874371,8.786779612562896,0.05142510236,0.7489813242947704,-0.9540161197,-0.30091970883088504
0.01043579853,0.02,699.9994746,691.1430122687731,8.856462331226908,0.05521046813,1.140895266329435,-1.026230954,-0.8212362568540774
0.01093579853,0.02,699.9993924,689.432738231958,10.566654168042078,0.05948224766,1.1027576206895178,-1.103542285,-0.832352924802632
0.01143579853,0.02,699.9992975,688.6989250010589,11.300372498941101,0.06425700382,1.0935390561809974,-1.186593639,-0.7551423186605444
0.01193579853,0.02,699.9991876,690.1746413062805,9.82454629371955,0.0694599158,1.1321070866097163,-1.276010014,-0.9300036660704523
0.01243579853,0.02,699.9990605,692.9657804704813,7.033280029518778,0.0748487107,0.8090963609241266,-1.372201743,-1.324063580947092
0.01293579853,0.02,699.9989145,694.4215466013603,5.577367898639636,0.07960115335,0.5311927377809801,-1.475052504,-1.7961843645136906
0.01343579853,0.02,699.9987506,695.4409384642647,4.557812135735276,0.0819675939,1.1091092671694094,-1.582747032,-2.1908591751429434
0.01393579853,0.02,699.9985758,693.7889160728682,6.209659727131793,0.07644084693,2.240334034393027,-1.69058054,-2.17242701298926
0.01443579853,0.02,699.9984137,688.4951993570854,11.503214342914589,0.05355305535,2.7986611142008506,-1.785505349,-1.9982026269690207
0.01493579853,0.02,699.9983172,688.6476177345082,11.350699465491743,-0.01099474966,2.925805110840953,-1.839759021,-2.265198306382877
0.01543579853,0.02,699.9985363,693.3349780150419,6.6635582849580715,-0.09309310977,2.8789487023827363,-1.707432621,-2.402302406705907
0.01593579853,0.02,699.9993577,697.9447569357819,2.054600764218094,-0.09677943105,2.882273771960734,-0.9567911158,-1.8192297158544406
0.01643579853,0.02,705.3150454,700.5692906667625,4.745754733237504,-0.006132102804,2.701991137283943,0.5862608097,-0.01945191359357068
0.01693579853,0.02,712.5602509,700.9782692407836,11.581981659216467,0.04194677617,2.267809243974896,2.469004773,2.5822926411941323
0.01743579853,0.02,716.6788136,698.6873281977619,17.99148540223814,0.01512945339,1.934712242513042,4.473678945,4.64126959777592
0.01793450375,0.02,721.9369689,689.5233731149158,32.413595785084226,-0.03984907251,1.5706900114687645,6.645909926,5.857336276753185
0.01842110057,0.02,729.4465416,670.7476101718487,58.698931428151354,-0.1242293945,1.0318551975795587,8.768010527,6.645164840097332
0.0188621275,0.02,739.4761565,654.2611297345823,85.21502676541775,-0.1730729842,0.9940438113763135,10.52395762,7.19772075490106
0.01923055012,0.02,751.9049528,662.8951165497274,89.00983625027266,-0.1588497234,1.8938673377177608,11.85857104,7.7577495654542465
0.01927964892,0.02,754.781017,668.119890617573,86.66112638242703,-0.155044718,2.098501421412541,12.04361499,7.885842059603816
0.01940804077,0.02,764.7989093,690.0508834065913,74.74802589340868,-0.155866694,2.7119663460179373,12.43704912,8.348617310356182
0.01951503397,0.02,775.3230749,720.3506402384552,54.97243466154487,-0.155811721,3.2105671238443545,12.58900046,8.962415665286176
0.01960419498,0.02,788.6334636,755.7960744242195,32.83738917578057,-0.1483486384,3.4108071176792745,12.54656378,9.74174013210914
0.01967849581,0.02,806.2380308,792.5705577244051,13.667473075594899,-0.1354889477,3.214926505253504,12.25187367,10.548551027490888
0.01974041318,0.02,830.010077,827.6278226089075,2.382254391092488,-0.1170726699,2.670989549109959,11.61012901,11.010230351602829
0.01979201098,0.02,860.9819458,859.1361757980233,1.845770001976689,-0.09482535707,1.9141370729322784,10.54287238,10.74973520886552
0.01983500915,0.02,897.6731466,886.2719447528549,11.401201847145103,-0.07115989473,1.0897488933634885,9.086483692,9.754264587701833
0.01987084096,0.02,936.1118835,908.9214540481867,27.190429451813316,-0.04963892321,0.3092183121115892,7.432017684,8.37648032578738
0.0199007008,0.02,972.2011393,927.4375783586624,44.76356094133757,-0.03249919117,-0.36641638940518273,5.813013341,6.982975032992125
0.019925584,0.02,1003.769824,942.400829575497,61.368994424502944,-0.02005309625,-0.9187458489303548,4.372988865,5.756684608845819
0.01994632,0.02,1030.489506,954.4386597728374,76.05084622716254,-0.01155263978,-1.3549408323805696,3.150052165,4.738296617036304
0.0199636,0.02,1052.848726,964.1176920841622,88.73103391583777,-0.006040429518,-1.692501340603703,2.129546273,3.91058220815066
0.019978,0.02,1071.499549,971.9186875289737,99.5808614710262,-0.002703716926,-1.950982114729651,1.282787635,3.2417815752536887
0.01999,0.02,1087.04502,978.2254483249155,108.81957167508449,-0.001268595886,-2.148119173071116,0.5812476246,2.7015397569693915
0.02,0.02,1093.830955,983.3430021375927,110.48795286240716,0.0,-2.2984206480247913,0.0,2.2643135718423393
